tournament_id,tournament_name,team_id,team_name,team_code,performance,year,start_date,end_date,host_country,winner,tournament_n_teams,is_womens,federation_name,region_name,confederation_name,confederation_code,is_host,is_champion,final_position,matches_played,wins,draws,losses,goals_for,goals_against,matches_extra_time,matches_penalty_shootout,goal_difference,yellow_cards,red_cards,sendings_off,stats_iso3,stats_iso3_substituted,hdi,life_expectancy,expected_schooling_years,mean_schooling_years,gni_per_capita,gii,planetary_hdi,gdp_per_capita,u5_mortality,u5_mortality_snapshot_year,indicator_year_used,gdi,pop_total,urban_pct,tertiary_enrolment,stage_order,pts,tournament_rank,performance_score,norm_hdi,norm_life_expectancy,norm_mean_schooling_years,norm_expected_schooling_years,norm_gni_per_capita,norm_gdp_per_capita,norm_pop_total,norm_gdi,norm_gii,norm_urban_pct,norm_tertiary_enrolment,economic_score,indicators_used,overperformance
WC-1990,1990 FIFA Men's World Cup,T-86,West Germany,DEU,final,1990,1990-06-08,1990-07-08,Italy,West Germany,24,0,Germany Football Association,Europe,Union of European Football Associations,UEFA,0,1,1.0,7,6,1,0,15,5,1,1,10,8.0,1.0,1.0,DEU,0,0.828,75.359,14.37678802,10.3637846,37292.77245,0.183,0.677,22385.6778250275,8.53095414640868,1990.0,1990.0,0.923,79.370196,80.0133210327747,,1,19,1,1.0,0.755281690140845,0.7594640632547733,0.6929037521633924,0.48522130379028855,0.37333134288816444,0.21857521988785827,0.05558679832595185,0.6111111111111114,0.7667560321715818,0.7340293381470391,,0.5452260651881006,10,0.4547739348118994
WC-1990,1990 FIFA Men's World Cup,T-03,Argentina,ARG,final,1990,1990-06-08,1990-07-08,Italy,West Germany,24,0,Argentine Football Association,South America,South American Football Confederation,CONMEBOL,0,0,2.0,7,4,1,2,5,4,2,2,1,22.0,2.0,3.0,ARG,0,0.724,71.784,13.39248967,8.126089428,13588.67644,0.489,0.678,4315.33403111588,28.7877539583066,1990.0,1990.0,0.968,32.6376565,86.9197327116719,,1,13,2,0.9565217391304348,0.5721830985915493,0.6685734624869705,0.516346641047489,0.42810238218260127,0.12591217710460686,0.03946174217874822,0.02271154325891169,0.7500000000000001,0.35656836461126007,0.829548748810479,,0.4309408160272616,10,0.5255809231031732
WC-1990,1990 FIFA Men's World Cup,T-41,Italy,ITA,third-place match,1990,1990-06-08,1990-07-08,Italy,West Germany,24,0,Italian Football Association,Europe,Union of European Football Associations,UEFA,1,0,3.0,7,6,0,1,10,2,1,1,8,6.0,0.0,0.0,ITA,0,0.78,76.991,12.96341991,7.439056506,36105.56309,0.241,0.683,20873.7834092719,9.65818348696988,1990.0,1990.0,0.942,56.756561,66.709368079219,,2,18,3,0.9130434782608696,0.670774647887324,0.800955940304579,0.46213883407375256,0.40320342549363686,0.36093946136111904,0.20358930319344495,0.03967863184127051,0.6697530864197531,0.6890080428954424,0.550028469866814,,0.48500698433371364,10,0.428036493927156
WC-1990,1990 FIFA Men's World Cup,T-28,England,ENG,third-place match,1990,1990-06-08,1990-07-08,Italy,West Germany,24,0,The Football Association,Europe,Union of European Football Associations,UEFA,0,0,4.0,7,3,2,2,8,6,3,1,2,6.0,0.0,0.0,GBR,1,0.804,75.736,13.64140034,9.635440148,31075.28973,0.252,0.693,19095.4669984608,9.30085352960348,1990.0,1990.0,0.97,57.2104425,78.1091783885209,,2,11,4,0.8695652173913043,0.7130281690140846,0.7690488902448328,0.635436410788436,0.4425466907065838,0.30843435684798326,0.1859626082926608,0.03999792692436162,0.756172839506173,0.6742627345844504,0.7076940150220079,,0.5232584641931575,10,0.34630675319814685
WC-1990,1990 FIFA Men's World Cup,T-21,Czechoslovakia,CSK,quarter-finals,1990,1990-06-08,1990-07-08,Italy,West Germany,24,0,Football Association of the Czechoslovakia,Europe,Union of European Football Associations,UEFA,0,0,,5,3,0,2,10,5,0,0,5,13.0,0.0,1.0,CZE,1,0.748,71.409,12.10068035,9.10276631,23880.293,0.283,,3969.36733543794,12.1045946325894,1990.0,1990.0,0.939,10.3011925,75.218790827643,,3,9,5,0.8260869565217391,0.6144366197183099,0.6590394833854527,0.5934077398679712,0.3531385713815775,0.2333342522921705,0.03603251588725488,0.00699836012886245,0.6604938271604939,0.6327077747989277,0.6677183910308125,,0.4457307535651833,10,0.3803562029565558
WC-1990,1990 FIFA Men's World Cup,T-87,Yugoslavia,YUG,quarter-finals,1990,1990-06-08,1990-07-08,Italy,West Germany,24,0,Football Association of Yugoslavia,Europe,Union of European Football Associations,UEFA,0,0,,5,3,0,2,8,6,2,1,2,8.0,0.0,1.0,SRB,1,,70.315,12.46817025,6.295356316,,,,,28.4586409266158,1990.0,1990.0,,7.9875285,50.3664886343009,,3,9,6,0.782608695652174,,0.6312256883532912,0.3718993751627201,0.37446404326692295,,,0.005370751294563418,,,0.32399760381055087,,0.3413914923776097,5,0.44121720327456426
WC-1990,1990 FIFA Men's World Cup,T-11,Cameroon,CMR,quarter-finals,1990,1990-06-08,1990-07-08,Italy,West Germany,24,0,Cameroonian Football Federation,Africa,Confederation of African Football,CAF,0,0,,5,3,0,2,7,9,2,0,-2,14.0,2.0,2.0,CMR,0,0.44,54.868,8.211890221,2.137418272,3362.222816,,0.435,1086.71700937081,136.645654155458,1990.0,1990.0,,11.43052,40.0887363273593,2.95227003097534,3,9,7,0.7391304347826086,0.07218309859154927,0.2385020212035696,0.04383255961365824,0.127471731111959,0.019170261129118935,0.007459649160992252,0.00779281576970608,,,0.1818507279873836,0.0033512738875091474,0.07795712649504956,9,0.661173308287559
WC-1990,1990 FIFA Men's World Cup,T-60,Republic of Ireland,IRL,quarter-finals,1990,1990-06-08,1990-07-08,Italy,West Germany,24,0,Football Association of Ireland,Europe,Union of European Football Associations,UEFA,0,0,,5,1,3,1,2,3,1,1,-1,4.0,0.0,0.0,IRL,0,0.743,74.842,12.67891026,6.995905683,24605.84983,0.226,0.639,14031.3025675469,9.17685171940335,1990.0,1990.0,0.952,3.4853745,56.9095941132045,,3,6,8,0.6956521739130435,0.6056338028169014,0.7463198840668143,0.427173647538723,0.3866933049646524,0.24090748628225517,0.13576654598988505,0.002203590624831462,0.7006172839506173,0.7091152815013405,0.41449229313862673,,0.4368923120874647,10,0.25875986182557875
WC-1990,1990 FIFA Men's World Cup,T-09,Brazil,BRA,round of 16,1990,1990-06-08,1990-07-08,Italy,West Germany,24,0,Brazilian Football Confederation,South America,South American Football Confederation,CONMEBOL,0,0,,4,3,0,1,4,2,0,0,2,7.0,1.0,1.0,BRA,0,0.62,65.985,12.92652101,3.685384501,10130.85589,0.581,0.587,2619.80141064047,63.075706562617,1990.0,1990.0,,150.706446,74.8699006951598,,4,9,9,0.6521739130434783,0.3890845070422535,0.5211400096610989,0.16596914413019262,0.4010621790143454,0.08982005717945468,0.022655601261555844,0.10577019172523722,,0.2332439678284183,0.6628930517098286,,0.2879598566169317,9,0.3642140564265466
WC-1990,1990 FIFA Men's World Cup,T-73,Spain,ESP,round of 16,1990,1990-06-08,1990-07-08,Italy,West Germany,24,0,Royal Spanish Football Federation,Europe,Union of European Football Associations,UEFA,0,0,,4,2,1,1,6,4,1,0,2,4.0,0.0,0.0,ESP,0,0.762,77.002,14.35657978,5.879199312,27272.88253,0.188,0.686,13795.0159385128,9.15959080150932,1990.0,1990.0,0.946,38.889889,74.8374358949045,,4,7,10,0.6086956521739131,0.6390845070422536,0.8012356036915567,0.33906403667860524,0.48404861780906216,0.2687455023564851,0.1334244699151222,0.02710984346632794,0.6820987654320988,0.760053619302949,0.6624440459551952,,0.47973090116496564,10,0.12896475100894744
WC-1990,1990 FIFA Men's World Cup,T-06,Belgium,BEL,round of 16,1990,1990-06-08,1990-07-08,Italy,West Germany,24,0,Royal Belgian Football Association,Europe,Union of European Football Associations,UEFA,0,0,,4,2,0,2,6,4,1,0,2,1.0,0.0,1.0,BEL,0,0.814,76.055,14.09537029,9.406848637,35675.32938,0.18,0.665,20600.3752789827,9.99114582279111,1990.0,1990.0,0.954,9.9595605,78.5554278990186,,4,6,11,0.5652173913043479,0.7306338028169014,0.7771591284671907,0.6174002379831351,0.46889060765645546,0.3564487579158048,0.2008792783257087,0.006758029959365389,0.7067901234567902,0.7707774798927614,0.7138658872232889,,0.5349603333697402,10,0.030257057934607645
WC-1990,1990 FIFA Men's World Cup,T-17,Costa Rica,CRI,round of 16,1990,1990-06-08,1990-07-08,Italy,West Germany,24,0,Costa Rican Football Federation,Central America,"Confederation of North, Central American and Caribbean Association Football",CONCACAF,0,0,,4,2,0,2,4,6,0,0,-2,6.0,0.0,0.0,CRI,0,0.659,76.63,9.739709854,6.246158944,9381.0255,,0.635,1829.6687089559,16.9342952245376,1990.0,1990.0,,3.1582535,48.5798206865317,,4,6,12,0.5217391304347826,0.4577464788732395,0.791777896422851,0.36801763738918275,0.21613124156223312,0.08199346005907962,0.014823795864577115,0.001973468606472386,,,0.29928701930490453,,0.2789688747603175,8,0.24277025567446509
WC-1990,1990 FIFA Men's World Cup,T-61,Romania,ROU,round of 16,1990,1990-06-08,1990-07-08,Italy,West Germany,24,0,Romanian Football Federation,Europe,Union of European Football Associations,UEFA,0,0,,4,1,1,2,4,3,1,1,1,7.0,0.0,0.0,ROU,0,0.709,69.729,12.47976971,8.498106819,13363.57669,0.52,0.641,1648.48522974542,31.3878823343145,1990.0,1990.0,0.938,22.836234,54.213790243794,,4,4,13,0.4782608695652174,0.5457746478873239,0.6163272570106527,0.5456993056381402,0.3751371609719678,0.12356262568785631,0.01302790291229364,0.0158164704005808,0.6574074074074074,0.31501340482573725,0.37720786689205393,,0.35849740496340143,10,0.11976346460181597
WC-1990,1990 FIFA Men's World Cup,T-16,Colombia,COL,round of 16,1990,1990-06-08,1990-07-08,Italy,West Germany,24,0,Colombia Football Federation,South America,South American Football Confederation,CONMEBOL,0,0,,4,1,1,2,4,4,1,0,0,5.0,0.0,0.0,COL,0,0.614,68.644,9.167188807,6.340998417,8054.813305,,0.59,1474.8455285342,35.6866535611737,1990.0,1990.0,,32.6013925,69.4907571843537,,4,4,14,0.4347826086956522,0.3785211267605634,0.588742277476928,0.3755005973482324,0.18290779381151398,0.06815069150125513,0.011306783983566273,0.022686032378002877,,,0.588496586234676,,0.2770389861868423,8,0.1577436225088099
WC-1990,1990 FIFA Men's World Cup,T-84,Uruguay,URY,round of 16,1990,1990-06-08,1990-07-08,Italy,West Germany,24,0,Uruguayan Football Association,South America,South American Football Confederation,CONMEBOL,0,0,,4,1,1,2,2,5,0,0,-3,9.0,0.0,0.0,URY,0,0.702,73.162,12.9682703,7.151282631,10742.34299,0.426,0.663,2995.36105663465,23.6577308765977,1990.0,1990.0,1.037,3.1170125,89.0930129250252,30.11083984375,4,4,15,0.3913043478260869,0.533450704225352,0.7036076576920146,0.43943309440894485,0.40348489406074023,0.09620265148322314,0.026378153253282986,0.0019444565217723927,0.9629629629629629,0.4410187667560322,0.8596063901498049,0.23523872236459287,0.4275753139889748,11,-0.036270966162887885
WC-1990,1990 FIFA Men's World Cup,T-48,Netherlands,NLD,round of 16,1990,1990-06-08,1990-07-08,Italy,West Germany,24,0,Royal Dutch Football Association,Europe,Union of European Football Associations,UEFA,0,0,,4,0,3,1,3,4,0,0,-1,5.0,1.0,1.0,NLD,0,0.847,77.007,14.7744503,11.09854878,35604.21453,0.122,0.706,21322.1944802703,8.3175348148876,1990.0,1990.0,0.942,14.944548,68.9873866123858,,4,3,16,0.34782608695652173,0.7887323943661971,0.8013627234129105,0.7508776185753656,0.5082976815955081,0.35570647367706393,0.20803395943716574,0.010264852771091827,0.6697530864197531,0.8485254691689008,0.5815346988443533,,0.5523088958268311,10,-0.20448280887030934
WC-1990,1990 FIFA Men's World Cup,T-72,Soviet Union,SUN,group stage,1990,1990-06-08,1990-07-08,Italy,West Germany,24,0,Football Federation of the Soviet Union,"Europe, Asia",Union of European Football Associations,UEFA,0,0,,3,1,0,2,4,4,0,0,0,3.0,1.0,1.0,RUS,1,0.741,68.535,12.65668964,9.652386365,21447.82422,0.457,,3494.06323242188,21.6552154845904,1990.0,1990.0,,148.0057035,73.7116088867188,52.3742599487305,6,3,17,0.30434782608695654,0.602112676056338,0.5859710675514199,0.636773489741504,0.3854038403913812,0.20794457296889018,0.03132129556784406,0.10387028216526359,,0.39946380697050937,0.6468732492331479,0.42533001649779806,0.40250642971440964,10,-0.0981586036274531
WC-1990,1990 FIFA Men's World Cup,T-05,Austria,AUT,group stage,1990,1990-06-08,1990-07-08,Italy,West Germany,24,0,Austrian Football Association,Europe,Union of European Football Associations,UEFA,0,0,,3,1,0,2,2,3,0,0,-1,9.0,1.0,1.0,AUT,0,0.823,75.74,13.84039021,10.20033055,37786.54033,0.202,0.704,21596.068219998,9.50396535656281,1990.0,1990.0,0.939,7.678729,64.110852115312,,6,3,18,0.26086956521739135,0.7464788732394365,0.7691505860219154,0.6800070112536817,0.4540940907253423,0.37848520477383935,0.2107485994315833,0.005153518025503121,0.6604938271604939,0.7412868632707774,0.5140895879970365,,0.5159988161899609,10,-0.25512925097256955
WC-1990,1990 FIFA Men's World Cup,T-64,Scotland,SCO,group stage,1990,1990-06-08,1990-07-08,Italy,West Germany,24,0,Scottish Football Association,Europe,Union of European Football Associations,UEFA,0,0,,3,1,0,2,2,3,0,0,-1,3.0,0.0,0.0,GBR,1,0.804,75.736,13.64140034,9.635440148,31075.28973,0.252,0.693,19095.4669984608,9.30085352960348,1990.0,1990.0,0.97,57.2104425,78.1091783885209,,6,3,19,0.21739130434782605,0.7130281690140846,0.7690488902448328,0.635436410788436,0.4425466907065838,0.30843435684798326,0.1859626082926608,0.03999792692436162,0.756172839506173,0.6742627345844504,0.7076940150220079,,0.5232584641931575,10,-0.3058671598453314
WC-1990,1990 FIFA Men's World Cup,T-26,Egypt,EGY,group stage,1990,1990-06-08,1990-07-08,Italy,West Germany,24,0,Egyptian Football Association,Africa,Confederation of African Football,CAF,0,0,,3,0,2,1,1,2,0,0,-1,4.0,0.0,0.0,EGY,0,0.567,64.146,9.206990242,5.305645579,6131.438951,0.653,0.552,735.982935028025,85.6771610036008,1990.0,1990.0,0.82,57.2146305,43.5688827270165,13.5156497955322,6,2,20,0.17391304347826086,0.2957746478873238,0.47438537614725557,0.2938098879297773,0.1852174746574063,0.048074849842690705,0.003983168551487306,0.04000087308499602,0.29320987654320985,0.13672922252010722,0.22998303584465699,0.0935443583460789,0.19042843375954455,11,-0.01651539028128368
WC-1990,1990 FIFA Men's World Cup,T-74,Sweden,SWE,group stage,1990,1990-06-08,1990-07-08,Italy,West Germany,24,0,Swedish Football Association,Europe,Union of European Football Associations,UEFA,0,0,,3,0,0,3,3,6,0,0,-3,4.0,0.0,0.0,SWE,0,0.808,77.588,12.94981956,9.553979874,33453.89666,0.099,0.706,30549.3185706762,6.95655280347905,1990.0,1990.0,0.986,8.5484055,83.4041730411294,,6,0,21,0.13043478260869568,0.7200704225352114,0.8161340350341951,0.6290090873405798,0.4024141959622786,0.3332618356980231,0.2994933308766261,0.005765315224397283,0.8055555555555557,0.8793565683646113,0.7809266562543056,,0.5671987002845784,10,-0.43676391767588274
WC-1990,1990 FIFA Men's World Cup,T-71,South Korea,KOR,group stage,1990,1990-06-08,1990-07-08,Italy,West Germany,24,0,Korea Football Association,East Asia,Asian Football Confederation,AFC,0,0,,3,0,0,3,1,6,0,0,-5,7.0,0.0,1.0,KOR,0,0.731,71.94,12.95363998,9.27328968,12641.31667,0.304,0.665,6812.9019416767,15.6688544775355,1990.0,1990.0,0.877,44.1200385,73.9851161168568,,6,0,22,0.08695652173913049,0.5845070422535211,0.6725395977932017,0.606862259483366,0.40263589527782506,0.11602380321802545,0.06421766710066075,0.030789132045354394,0.46913580246913594,0.6045576407506703,0.6506560022240822,,0.4201924842615843,10,-0.3332359625224538
WC-1990,1990 FIFA Men's World Cup,T-83,United States,USA,group stage,1990,1990-06-08,1990-07-08,Italy,West Germany,24,0,United States Soccer Federation,North America,"Confederation of North, Central American and Caribbean Association Football",CONCACAF,0,0,,3,0,0,3,2,8,0,0,-6,7.0,1.0,1.0,USA,0,0.875,75.37,15.60052013,12.98377037,40920.16756,0.288,0.664,23888.6000088133,11.2323729479784,1990.0,1990.0,0.998,248.083732,75.2685508261939,71.4957275390625,6,0,23,0.04347826086956519,0.8380281690140845,0.7597437266417514,0.8996240975009279,0.5562345879839476,0.41119345210780883,0.23347220370477625,0.1742728485300556,0.8425925925925928,0.626005361930295,0.6684065987365186,0.588594443204601,0.5998334619952144,11,-0.5563552011256492
WC-1990,1990 FIFA Men's World Cup,T-82,United Arab Emirates,ARE,group stage,1990,1990-06-08,1990-07-08,Italy,West Germany,24,0,United Arab Emirates Football Association,Middle East,Asian Football Confederation,AFC,0,0,,3,0,0,3,2,11,0,0,-9,7.0,0.0,1.0,ARE,0,0.717,71.9,9.683460236,5.759906188,97331.0236,,0.506,26709.993440327,15.1399406019073,1990.0,1990.0,,1.9001515,78.6857684415241,,6,0,24,0.0,0.5598591549295774,0.6715226400223733,0.32965165128627033,0.21286707118035206,1.0,0.2614378913124644,0.0010884230987196276,,,0.7156685674550105,,0.46901192491059596,8,-0.46901192491059596
WC-1991,1991 FIFA Women's World Cup,T-83,United States,USA,final,1991,1991-11-16,1991-11-30,China,United States,12,1,United States Soccer Federation,North America,"Confederation of North, Central American and Caribbean Association Football",CONCACAF,0,1,1.0,6,6,0,0,25,5,0,0,20,4.0,0.0,0.0,USA,0,0.875,75.523,15.53299046,13.03085279,40306.76709,0.291,0.672,24342.2589048189,11.2323729479784,1990.0,1991.0,0.996,251.560189,75.543016838308,72.8127975463867,1,18,1,1.0,0.8380281690140845,0.7636335901151705,0.9033389627620957,0.552315835171934,0.40479088638606114,0.2379688764567698,0.1767184552064186,0.8364197530864199,0.6219839142091154,0.6722026122009911,0.5998399544951273,0.6006582735549262,11,0.3993417264450738
WC-1991,1991 FIFA Women's World Cup,T-53,Norway,NOR,final,1991,1991-11-16,1991-11-30,China,United States,12,1,Norwegian Football Federation,Europe,Union of European Football Associations,UEFA,0,0,2.0,6,4,0,2,14,10,1,0,4,4.0,0.0,0.0,NOR,0,0.853,77.038,14.33248043,11.25230571,42257.54568,0.127,0.75,28596.9330036444,8.66540463048132,1990.0,1991.0,0.979,4.2618865,72.1586354507439,,1,12,2,0.9090909090909091,0.7992957746478874,0.8021508656853025,0.7630092438809639,0.4826501303652437,0.4251527686178327,0.2801412602835939,0.0027498487639299692,0.7839506172839508,0.8418230563002681,0.625394786280591,,0.5806318352109564,10,0.32845907387995266
WC-1991,1991 FIFA Women's World Cup,T-74,Sweden,SWE,third-place match,1991,1991-11-16,1991-11-30,China,United States,12,1,Swedish Football Association,Europe,Union of European Football Associations,UEFA,0,0,3.0,6,4,0,2,18,7,0,0,11,6.0,0.0,0.0,SWE,0,0.811,77.728,13.11555004,9.707380295,32539.68144,0.097,0.716,31776.6680192213,6.95655280347905,1990.0,1991.0,0.987,8.5941705,83.4950691325043,,2,12,3,0.8181818181818181,0.7253521126760565,0.8196933872320952,0.6411125836141659,0.41203155059375235,0.3237194187679024,0.31165883423397445,0.005797509837920118,0.8086419753086421,0.8820375335120644,0.7821837983830133,,0.5712228704159588,10,0.24695894776585936
WC-1991,1991 FIFA Women's World Cup,T-31,Germany,DEU,third-place match,1991,1991-11-16,1991-11-30,China,United States,12,1,Germany Football Association,Europe,Union of European Football Associations,UEFA,0,0,4.0,6,4,0,2,13,10,1,0,3,3.0,0.0,0.0,DEU,0,0.835,75.576,14.56478977,10.5741328,38706.81317,0.172,0.696,23443.3350818536,8.53095414640868,1990.0,1991.0,0.936,79.8019875,80.0196919828142,,2,12,4,0.7272727272727273,0.7676056338028169,0.7649810591615183,0.7095005035820571,0.4961310622190801,0.38809085007117566,0.22905873208081545,0.055890553607606926,0.6512345679012349,0.7815013404825737,0.7341174518334848,,0.5578111754742363,10,0.16946155179849098
WC-1991,1991 FIFA Women's World Cup,T-14,China,CHN,quarter-final,1991,1991-11-16,1991-11-30,China,United States,12,1,Chinese Football Association,East Asia,Asian Football Confederation,AFC,1,0,,4,2,1,1,10,4,0,0,6,2.0,0.0,0.0,CHN,0,0.489,68.169,8.595879555,4.322265768,1533.782148,,0.473,334.130288119078,53.6641145765771,1990.0,1991.0,0.831,1170.626171,26.9402465820312,2.88314008712769,3,7,5,0.6363636363636364,0.15845070422535207,0.5766659039483385,0.21621991913850394,0.1497546666334236,8.53205108206723e-05,0.0,0.8232600064458871,0.3271604938271605,,0.0,0.002761023134148218,0.22543580378636346,10,0.4109278325772729
WC-1991,1991 FIFA Women's World Cup,T-41,Italy,ITA,quarter-final,1991,1991-11-16,1991-11-30,China,United States,12,1,Italian Football Association,Europe,Union of European Football Associations,UEFA,0,0,,4,2,0,2,8,5,1,0,3,3.0,0.0,0.0,ITA,0,0.785,76.989,13.15884018,7.569673685,36570.99563,0.236,0.69,22007.1350964074,9.65818348696988,1990.0,1991.0,0.942,56.794489,66.7007288477386,,3,6,6,0.5454545454545454,0.6795774647887325,0.8009050924160377,0.4724447023952796,0.41454368130396413,0.3657975639745551,0.21482309954317033,0.03970531330749348,0.6697530864197531,0.6957104557640751,0.5499089846206456,,0.4903169444533707,10,0.05513760100117471
WC-1991,1991 FIFA Women's World Cup,T-22,Denmark,DNK,quarter-final,1991,1991-11-16,1991-11-30,China,United States,12,1,Danish Football Association,Europe,Union of European Football Associations,UEFA,0,0,,4,1,1,2,7,6,1,0,1,2.0,0.0,0.0,DNK,0,0.843,75.226,14.47774982,11.49547958,38299.43054,0.097,0.724,27002.8057705804,8.92653539146181,1990.0,1991.0,0.978,5.158325,84.8537114843465,,3,4,7,0.4545454545454546,0.7816901408450704,0.7560826786667685,0.7821959841140854,0.49108012610729335,0.38383866216125534,0.26434025085724877,0.003380472407642181,0.7808641975308643,0.8820375335120644,0.8009745572870757,,0.5926484603489369,10,-0.13810300580348234
WC-1991,1991 FIFA Women's World Cup,T-15,Chinese Taipei,TWN,quarter-final,1991,1991-11-16,1991-11-30,China,United States,12,1,Chinese Taipei Football Association,East Asia,Asian Football Confederation,AFC,0,0,,4,1,0,3,2,15,0,0,-13,1.0,1.0,1.0,TWN,0,,,,,,,,,,,,,,,,3,3,8,0.36363636363636365,,,,,,,,,,,,,0,
WC-1991,1991 FIFA Women's World Cup,T-09,Brazil,BRA,group stage,1991,1991-11-16,1991-11-30,China,United States,12,1,Brazilian Football Confederation,South America,South American Football Confederation,CONMEBOL,0,0,,3,1,0,2,1,7,0,0,-6,4.0,0.0,0.0,BRA,0,0.624,66.31,12.97149303,3.831340323,10100.89968,0.576,0.591,2258.10454027063,63.075706562617,1990.0,1991.0,,153.3364445,75.4934501058885,,6,3,9,0.2727272727272727,0.39612676056338025,0.5294027915490811,0.1774852516882363,0.4036719093719339,0.08950737955255382,0.019070457278281387,0.10762033452591753,,0.23994638069705101,0.6715170774704609,,0.2927053714107662,9,-0.019978098683493484
WC-1991,1991 FIFA Women's World Cup,T-50,Nigeria,NGA,group stage,1991,1991-11-16,1991-11-30,China,United States,12,1,Nigeria Football Federation,Africa,Confederation of African Football,CAF,0,0,,3,0,0,3,0,7,0,0,-7,2.0,0.0,0.0,NGA,0,,45.691,6.015241351,,3006.151269,,,596.938795710722,209.766199659781,1990.0,1991.0,,97.6853595,35.9657628204929,,6,0,10,0.18181818181818177,,0.005186484631225705,,0.0,0.015453649237198032,0.002604961272631704,0.06847109004429607,,,0.12482777339575406,,0.036090659763517594,6,0.14572752205466416
WC-1991,1991 FIFA Women's World Cup,T-49,New Zealand,NZL,group stage,1991,1991-11-16,1991-11-30,China,United States,12,1,New Zealand Football,Oceania,Oceania Football Confederation,OFC,0,0,,3,0,0,3,1,11,0,0,-10,,,,NZL,0,0.815,76.079,14.64754963,10.39962959,24769.85294,0.223,0.698,12230.0734548834,11.1551257182908,1990.0,1991.0,0.959,3.481599,84.9503136860067,,6,0,11,0.09090909090909094,0.732394366197183,0.7777693031296875,0.6957319693225338,0.5009336243239573,0.24261932176608847,0.11791274009667593,0.002200934648356963,0.7222222222222223,0.7131367292225201,0.8023106180086753,,0.5307231828937902,10,-0.43981409198469923
WC-1991,1991 FIFA Women's World Cup,T-44,Japan,JPN,group stage,1991,1991-11-16,1991-11-30,China,United States,12,1,Japan Football Association,East Asia,Asian Football Confederation,AFC,0,0,,3,0,0,3,0,12,0,0,-12,1.0,0.0,0.0,JPN,0,0.85,79.252,13.53038025,11.68477979,34135.31669,0.164,0.722,29428.4289039469,6.32263239420727,1990.0,1991.0,0.951,124.073993,77.4744816932723,,6,0,12,0.0,0.7940140845070423,0.8584394783006636,0.7971320212604506,0.4361041849179798,0.3403743775684105,0.2883830582318005,0.08703488020988594,0.6975308641975309,0.792225201072386,0.6989158162845326,,0.5790153966550683,10,-0.5790153966550683
WC-1994,1994 FIFA Men's World Cup,T-09,Brazil,BRA,final,1994,1994-06-17,1994-07-17,United States,Brazil,24,0,Brazilian Football Confederation,South America,South American Football Confederation,CONMEBOL,0,1,1.0,7,6,1,0,11,3,1,1,8,8.0,1.0,1.0,BRA,0,0.638,67.568,13.10735002,4.269207788,10454.40246,0.552,0.604,3298.71491891786,63.075706562617,1990.0,1994.0,,160.980472,77.1710338911115,,1,19,1,1.0,0.42077464788732394,0.5613861134416394,0.212033574283466,0.4115557026970638,0.09319717910841413,0.029385000597733784,0.11299773015839688,,0.2721179624664879,0.6947189689813115,,0.3120185421802042,9,0.6879814578197958
WC-1994,1994 FIFA Men's World Cup,T-41,Italy,ITA,final,1994,1994-06-17,1994-07-17,United States,Brazil,24,0,Italian Football Association,Europe,Union of European Football Associations,UEFA,0,0,2.0,7,4,1,2,8,5,2,1,3,11.0,2.0,2.0,ITA,0,0.809,77.872,14.36686993,7.961525221,37267.68132,0.225,0.713,19382.2002150155,9.65818348696988,1990.0,1994.0,0.949,56.8838195,66.7649491303665,,1,13,2,0.9565217391304348,0.7218309859154931,0.8233544352070782,0.5033623072809594,0.4846457561372747,0.37306944610667375,0.18880471158508047,0.039768155237424684,0.6913580246913581,0.710455764075067,0.5507971858797742,,0.5087446772116183,10,0.4477770619188165
WC-1994,1994 FIFA Men's World Cup,T-74,Sweden,SWE,third-place match,1994,1994-06-17,1994-07-17,United States,Brazil,24,0,Swedish Football Association,Europe,Union of European Football Associations,UEFA,0,0,3.0,7,4,2,1,15,8,1,1,7,13.0,1.0,2.0,SWE,0,0.852,78.746,15.79784012,10.35719967,32012.24876,0.08,0.753,26045.5196995275,6.95655280347905,1990.0,1994.0,0.994,8.7234605,83.8312298868944,,2,14,3,0.9130434782608696,0.7975352112676056,0.8455749624996822,0.6923841924698969,0.5676850847164066,0.3182141696481918,0.25485161913533627,0.005888462347094536,0.830246913580247,0.9048257372654156,0.7868330835169467,,0.6004039436446823,10,0.3126395346161873
WC-1994,1994 FIFA Men's World Cup,T-10,Bulgaria,BGR,third-place match,1994,1994-06-17,1994-07-17,United States,Brazil,24,0,Bulgarian Football Union,Europe,Union of European Football Associations,UEFA,0,0,4.0,7,4,0,3,10,11,1,1,-1,21.0,0.0,2.0,BGR,0,0.704,70.901,11.88076019,7.964968999,14269.29976,0.359,0.652,1149.89464008734,18.3457009004362,1990.0,1994.0,0.983,8.548466,67.7225112915039,,2,12,4,0.8695652173913043,0.5369718309859154,0.6461241196959296,0.5036340259237008,0.34037658475527666,0.13301640305678802,0.008085866640865115,0.0057653577847407355,0.7962962962962964,0.5308310991957105,0.5640407887169656,,0.4065142373052189,10,0.4630509800860854
WC-1994,1994 FIFA Men's World Cup,T-31,Germany,DEU,quarter-finals,1994,1994-06-17,1994-07-17,United States,Brazil,24,0,Germany Football Association,Europe,Union of European Football Associations,UEFA,0,0,,5,3,1,1,9,7,0,0,2,13.0,0.0,0.0,DEU,0,0.858,76.393,15.64466953,11.20517738,38914.99498,0.144,0.714,27201.9593555204,8.53095414640868,1990.0,1994.0,0.943,80.882126,80.0393454794137,,3,10,5,0.8260869565217391,0.8080985915492958,0.7857524216306919,0.759290756260025,0.5587965816290924,0.3902638150195028,0.2663142637262712,0.056650405930531306,0.6728395061728395,0.8190348525469169,0.7343892703262045,,0.5851430464791371,10,0.24094391004260207
WC-1994,1994 FIFA Men's World Cup,T-48,Netherlands,NLD,quarter-finals,1994,1994-06-17,1994-07-17,United States,Brazil,24,0,Royal Dutch Football Association,Europe,Union of European Football Associations,UEFA,0,0,,5,3,0,2,8,6,0,0,2,12.0,0.0,0.0,NLD,0,0.88,77.513,17.33371925,11.34756844,37998.08258,0.106,0.734,24682.5866742863,8.3175348148876,1990.0,1994.0,0.944,15.3494785,70.4100572065956,,3,9,6,0.782608695652174,0.846830985915493,0.814227239213892,0.7705255993775804,0.656812288501065,0.38069324540111726,0.24134220963988437,0.010549711963730482,0.6759259259259259,0.8699731903485255,0.6012110029868287,,0.5868091399274042,10,0.1957995557247697
WC-1994,1994 FIFA Men's World Cup,T-61,Romania,ROU,quarter-finals,1994,1994-06-17,1994-07-17,United States,Brazil,24,0,Romanian Football Federation,Europe,Union of European Football Associations,UEFA,0,0,,5,3,0,2,10,9,1,1,1,12.0,1.0,1.0,ROU,0,0.686,69.579,10.62135983,8.889055824,11424.33334,0.473,0.64,1323.03237766927,31.3878823343145,1990.0,1994.0,0.953,22.632776,54.0905691656188,,3,9,7,0.7391304347826086,0.5052816901408451,0.6125136653700455,0.5765456996332364,0.2672934688122974,0.10332114625299843,0.009802010099709288,0.01567334242771663,0.7037037037037037,0.37801608579088475,0.3755036527044502,,0.35476544649358877,10,0.3843649882890199
WC-1994,1994 FIFA Men's World Cup,T-73,Spain,ESP,quarter-finals,1994,1994-06-17,1994-07-17,United States,Brazil,24,0,Royal Spanish Football Federation,Europe,Union of European Football Associations,UEFA,0,0,,5,2,2,1,10,6,0,0,4,13.0,1.0,1.0,ESP,0,0.792,78.117,15.57324028,6.662615483,27714.995,0.151,0.715,13405.704414883,9.15959080150932,1990.0,1994.0,0.959,39.623725,75.4723725309182,,3,8,8,0.6956521739130435,0.6919014084507044,0.8295833015534032,0.40087660958129306,0.5546515358396263,0.273360194199775,0.1295656091372182,0.027626080031588354,0.7222222222222223,0.8096514745308311,0.6712255632032865,,0.5110663998749948,10,0.18458577403804866
WC-1994,1994 FIFA Men's World Cup,T-50,Nigeria,NGA,round of 16,1994,1994-06-17,1994-07-17,United States,Brazil,24,0,Nigeria Football Federation,Africa,Confederation of African Football,CAF,0,0,,4,2,0,2,7,4,1,0,3,9.0,0.0,0.0,NGA,0,,45.513,6.59154148,,2761.122303,,,744.884247151377,209.766199659781,1990.0,1994.0,,105.456121,38.3306573470114,,4,6,9,0.6521739130434783,,0.0006610225510384729,,0.03344274821841474,0.012896080185210056,0.004071398470561951,0.07393764009937354,,,0.1575355443710158,,0.04709073898260243,6,0.6050831740608759
WC-1994,1994 FIFA Men's World Cup,T-03,Argentina,ARG,round of 16,1994,1994-06-17,1994-07-17,United States,Brazil,24,0,Argentine Football Association,South America,South American Football Confederation,CONMEBOL,0,0,,4,2,0,2,8,6,0,0,2,9.0,0.0,0.0,ARG,0,0.746,73.172,13.2326498,8.395183086,17828.82733,0.446,0.691,7437.56242327594,28.7877539583066,1990.0,1994.0,0.975,34.488696,87.964582650281,37.3899002075195,4,6,10,0.6086956521739131,0.6109154929577465,0.7038618971347215,0.5375784868639265,0.41882686017820814,0.17017012288569172,0.07040930974579873,0.02401370651288308,0.771604938271605,0.41420911528150134,0.8439995888425939,0.29738937119114595,0.442088989987802,11,0.1666066621861111
WC-1994,1994 FIFA Men's World Cup,T-06,Belgium,BEL,round of 16,1994,1994-06-17,1994-07-17,United States,Brazil,24,0,Royal Belgian Football Association,Europe,Union of European Football Associations,UEFA,0,0,,4,2,0,2,4,4,0,0,0,6.0,0.0,0.0,BEL,0,0.857,76.714,17.01412964,9.969192116,37925.67505,0.162,0.701,24208.5547931447,9.99114582279111,1990.0,1994.0,0.965,10.069182,79.9914812124564,,4,6,11,0.5652173913043479,0.8063380281690141,0.7939135077415911,0.6617698828523099,0.6382664747442692,0.37993746839694503,0.23664359959988776,0.006835146136057039,0.7407407407407408,0.7949061662198391,0.7337272816142417,,0.5793078296214895,10,-0.01409043831714163
WC-1994,1994 FIFA Men's World Cup,T-63,Saudi Arabia,SAU,round of 16,1994,1994-06-17,1994-07-17,United States,Brazil,24,0,Saudi Arabian Football Association,Middle East,Asian Football Confederation,AFC,0,0,,4,2,0,2,5,6,0,0,-1,10.0,0.0,0.0,SAU,0,0.72,70.705,11.59308833,5.975860957,43849.13444,,0.584,10601.9196697805,44.3877074657823,1990.0,1994.0,0.797,18.3675275,78.64816223271,19.4799900054932,4,6,12,0.5217391304347826,0.5651408450704225,0.6411410266188697,0.34669076842047053,0.32368296089613113,0.4417654908707108,0.10177445905338513,0.012672839269487653,0.22222222222222246,,0.7151484532379295,0.14446955958722002,0.35147086252468496,10,0.17026826791009764
WC-1994,1994 FIFA Men's World Cup,T-46,Mexico,MEX,round of 16,1994,1994-06-17,1994-07-17,United States,Brazil,24,0,Mexican Football Federation,North America,"Confederation of North, Central American and Caribbean Association Football",CONCACAF,0,0,,4,1,1,2,4,4,1,1,0,10.0,0.0,1.0,MEX,0,0.678,71.279,11.06476974,6.237608051,16021.08213,0.491,0.634,6202.36588372862,45.3063745830595,1990.0,1994.0,0.916,88.3144235,72.9565584912625,,4,4,13,0.4782608695652174,0.4911971830985916,0.6557343706302596,0.36734296061263505,0.2930245856930294,0.15130119790561483,0.058166025922547916,0.06187885443045982,0.5895061728395065,0.353887399463807,0.6364304936969329,,0.36584692442933847,10,0.11241394513587893
WC-1994,1994 FIFA Men's World Cup,T-83,United States,USA,round of 16,1994,1994-06-17,1994-07-17,United States,Brazil,24,0,United States Soccer Federation,North America,"Confederation of North, Central American and Caribbean Association Football",CONCACAF,1,0,,4,1,1,2,3,4,0,0,-1,8.0,0.0,1.0,USA,0,0.885,75.738,15.95798969,13.17210007,42798.10178,0.293,0.67,27694.853416234,11.2323729479784,1990.0,1994.0,0.99,262.2735885,76.7405657773027,79.476432800293,4,4,14,0.4347826086956522,0.8556338028169015,0.7690997381333742,0.9144835601236254,0.5769785786396006,0.43079499767667506,0.27119983593028885,0.18425508268196167,0.8179012345679014,0.6193029490616623,0.6887653620357457,0.6567359319807844,0.6168319157862292,11,-0.18204930709057698
WC-1994,1994 FIFA Men's World Cup,T-75,Switzerland,CHE,round of 16,1994,1994-06-17,1994-07-17,United States,Brazil,24,0,Swiss Football Association,Europe,Union of European Football Associations,UEFA,0,0,,4,1,1,2,5,7,0,0,-2,8.0,0.0,0.0,CHE,0,0.861,78.494,14.25086021,10.49222416,54802.43016,0.12,0.723,43091.7770970073,8.1679535711351,1990.0,1994.0,0.936,6.9915375,70.9804424734025,,4,4,15,0.3913043478260869,0.8133802816901409,0.8391681285434623,0.7030378034632973,0.4779137016718682,0.5560940562156927,0.42381433944705277,0.0046700947815683045,0.6512345679012349,0.8512064343163539,0.6090997398692505,,0.5929619147899923,10,-0.20165756696390535
WC-1994,1994 FIFA Men's World Cup,T-60,Republic of Ireland,IRL,round of 16,1994,1994-06-17,1994-07-17,United States,Brazil,24,0,Football Association of Ireland,Europe,Union of European Football Associations,UEFA,0,0,,4,1,1,2,2,4,0,0,-2,8.0,0.0,0.0,IRL,0,0.779,75.801,13.76459026,8.013160527,27572.42083,0.198,0.673,15902.9296755168,9.17685171940335,1990.0,1994.0,0.962,3.5593975,57.6989865369237,,4,4,16,0.34782608695652173,0.6690140845070424,0.7707014466224291,0.5074364012741988,0.449695412822533,0.27187203020529904,0.1543181377086924,0.002255664084392279,0.7314814814814815,0.7466487935656836,0.42541001750861135,,0.47288334697803636,10,-0.12505726002151463
WC-1994,1994 FIFA Men's World Cup,T-53,Norway,NOR,group stage,1994,1994-06-17,1994-07-17,United States,Brazil,24,0,Norwegian Football Federation,Europe,Union of European Football Associations,UEFA,0,0,,3,1,1,1,1,1,0,0,0,6.0,0.0,0.0,NOR,0,0.883,77.773,16.23529053,11.47729288,47102.72648,0.115,0.762,29315.8092337732,8.66540463048132,1990.0,1994.0,0.977,4.3367395,73.6500015258789,,6,4,17,0.30434782608695654,0.8521126760563381,0.8208374647242773,0.7807610294102856,0.5930703712771741,0.4757259096944119,0.28726677062746275,0.0028025061091943577,0.7777777777777779,0.8579088471849866,0.6460211860962315,,0.609428453895814,10,-0.3050806278088575
WC-1994,1994 FIFA Men's World Cup,T-62,Russia,RUS,group stage,1994,1994-06-17,1994-07-17,United States,Brazil,24,0,Russian Football Union,"Europe, Asia",Union of European Football Associations,UEFA,0,0,,3,1,0,2,7,6,0,0,1,8.0,0.0,1.0,RUS,0,0.696,63.935,11.58718967,10.40637749,13825.24609,0.46,0.62,2662.10400390625,21.6552154845904,1990.0,1994.0,,148.829113,72.9541091918945,44.2100410461426,6,3,18,0.26086956521739135,0.5228873239436619,0.4690209239061349,0.6962643875647533,0.3233406611268281,0.12838144931089626,0.023074905104491072,0.10444953160530576,,0.39544235924932974,0.6363966185613276,0.35562163703670496,0.3654879797409433,10,-0.10461841452355197
WC-1994,1994 FIFA Men's World Cup,T-16,Colombia,COL,group stage,1994,1994-06-17,1994-07-17,United States,Brazil,24,0,Colombia Football Federation,South America,South American Football Confederation,CONMEBOL,0,0,,3,1,0,2,4,5,0,0,-1,7.0,0.0,0.0,COL,0,0.643,69.613,10.52149963,6.54826277,9058.024654,,0.615,2325.91872973374,35.6866535611737,1990.0,1994.0,0.975,35.295461,71.3349044726196,,6,3,19,0.21739130434782605,0.42957746478873243,0.6133780794752499,0.39185402915649786,0.26149857244217956,0.07862203430080608,0.019742632387470763,0.0245812469341384,0.771604938271605,,0.6140021411221697,,0.35609568209764997,9,-0.13870437774982391
WC-1994,1994 FIFA Men's World Cup,T-71,South Korea,KOR,group stage,1994,1994-06-17,1994-07-17,United States,Brazil,24,0,Korea Football Association,East Asia,Asian Football Confederation,AFC,0,0,,3,0,2,1,4,5,0,0,-1,6.0,0.0,0.0,KOR,0,0.77,73.611,13.98118019,9.852521706,16649.35858,0.259,0.675,10733.9888860657,15.6688544775355,1990.0,1994.0,0.925,45.16578,77.8585649228147,,6,2,20,0.17391304347826086,0.6531690140845071,0.7150230086695653,0.6525644330662708,0.4622641459029902,0.15785903647810778,0.10308353080636024,0.03152478687846461,0.6172839506172842,0.6648793565683646,0.7042278951812627,,0.4761879158253177,10,-0.30227487234705686
WC-1994,1994 FIFA Men's World Cup,T-07,Bolivia,BOL,group stage,1994,1994-06-17,1994-07-17,United States,Brazil,24,0,Bolivian Football Federation,South America,South American Football Confederation,CONMEBOL,0,0,,3,0,1,2,1,4,0,0,-3,7.0,1.0,2.0,BOL,0,0.582,58.989,12.66768939,6.433793492,4641.332516,,0.563,774.035669644318,121.698094248285,1990.0,1994.0,0.87,7.6937225,58.8292590535639,,6,1,21,0.13043478260869568,0.3221830985915492,0.3432740955431825,0.38282225159890515,0.3860421568712922,0.03252138216685627,0.004360347741390847,0.005164065604173603,0.44753086419753096,,0.4410422980181038,,0.2627711733703316,9,-0.13233639076163595
WC-1994,1994 FIFA Men's World Cup,T-11,Cameroon,CMR,group stage,1994,1994-06-17,1994-07-17,United States,Brazil,24,0,Cameroonian Football Federation,Africa,Confederation of African Football,CAF,0,0,,3,0,1,2,3,11,0,0,-8,5.0,1.0,1.0,CMR,0,0.423,53.528,7.795453906,2.472506324,2585.755977,,0.418,700.70950185009,136.645654155458,1990.0,1994.0,,12.8488625,42.7381230483001,,6,1,22,0.08695652173913049,0.04225352112676051,0.20443393588081252,0.07027145047371126,0.10330589437040677,0.011065637460579552,0.0036335378328194883,0.00879058674382409,,,0.21849317995373072,,0.0827809679803306,8,0.0041755537587998826
WC-1994,1994 FIFA Men's World Cup,T-47,Morocco,MAR,group stage,1994,1994-06-17,1994-07-17,United States,Brazil,24,0,Royal Moroccan Football Federation,Africa,Confederation of African Football,CAF,0,0,,3,0,0,3,2,5,0,0,-3,10.0,0.0,0.0,MAR,0,0.477,64.346,7.013629913,2.55,4321.581543,0.751,0.465,1358.79443359375,80.7819478758177,1990.0,1994.0,0.725,26.201551,51.2177079462615,10.7795495986938,6,0,23,0.04347826086956519,0.13732394366197176,0.47947016500139844,0.07638580408876737,0.057936577874878714,0.029183878008724032,0.01015648405326071,0.018183892670805304,0.0,0.005361930294906171,0.3357704275002036,0.0701827712744332,0.11090507949357721,11,-0.06742681862401202
WC-1994,1994 FIFA Men's World Cup,T-33,Greece,GRC,group stage,1994,1994-06-17,1994-07-17,United States,Brazil,24,0,Hellenic Football Associaiton,Europe,Union of European Football Associations,UEFA,0,0,,3,0,0,3,0,10,0,0,-10,8.0,0.0,0.0,GRC,0,0.782,77.803,13.38531971,8.156402963,25068.87718,0.269,0.687,10937.0223808611,10.4541095471934,1990.0,1994.0,0.937,10.6474165,71.986767203146,,6,0,24,0.0,0.6742957746478874,0.8216001830523988,0.5187384190851236,0.4276863087601778,0.24574048394745368,0.1050960013912581,0.007241920663601438,0.6543209876543213,0.6514745308310992,0.6230177554162897,,0.47292123654496115,10,-0.47292123654496115
WC-1995,1995 FIFA Women's World Cup,T-53,Norway,NOR,final,1995,1995-06-05,1995-06-18,Sweden,Norway,12,1,Norwegian Football Federation,Europe,Union of European Football Associations,UEFA,0,1,1.0,6,6,0,0,23,1,0,0,22,7.0,0.0,1.0,NOR,0,0.88,77.797,15.66366005,11.5522886,48989.95576,0.109,0.752,34875.7043347536,8.66540463048132,1990.0,1995.0,0.98,4.3593325,73.9197422341132,,1,18,1,1.0,0.846830985915493,0.8214476393867746,0.7866782909903884,0.5598986032094082,0.4954244754571779,0.3423765216422704,0.0028183997594362757,0.7870370370370372,0.8659517426273459,0.6497518460511262,,0.6158215542076458,10,0.38417844579235416
WC-1995,1995 FIFA Women's World Cup,T-31,Germany,DEU,final,1995,1995-06-05,1995-06-18,Sweden,Norway,12,1,Germany Football Association,Europe,Union of European Football Associations,UEFA,0,0,2.0,6,4,0,2,13,6,0,0,7,6.0,0.0,0.0,DEU,0,0.863,76.562,15.75277996,11.41552557,39309.73971,0.14,0.718,31747.2449398447,8.53095414640868,1990.0,1995.0,0.944,81.1232625,80.0465631829882,,1,12,2,0.9090909090909091,0.8169014084507042,0.7900490682124426,0.7758875068896764,0.565070239586706,0.3943840907622627,0.3113671922966567,0.056820039852169,0.6759259259259259,0.824396782841823,0.734489095072228,,0.5945291349890595,10,0.3145617741018496
WC-1995,1995 FIFA Women's World Cup,T-83,United States,USA,third-place match,1995,1995-06-05,1995-06-18,Sweden,Norway,12,1,United States Soccer Federation,North America,"Confederation of North, Central American and Caribbean Association Football",CONCACAF,0,0,3.0,6,4,1,1,15,5,0,0,10,4.0,1.0,1.0,USA,0,0.886,75.854,15.94429016,13.13735104,43448.41116,0.291,0.674,28690.8757013347,11.2323729479784,1990.0,1995.0,0.991,265.6605555,77.1977052961919,80.342529296875,2,13,3,0.8181818181818181,0.8573943661971831,0.772048915668777,0.9117418156592101,0.5761835936839392,0.4375828120794241,0.28107242149893025,0.1866377352238516,0.8209876543209879,0.6219839142091154,0.6950878489457986,0.664130905578874,0.6204410893696447,11,0.19774072881217342
WC-1995,1995 FIFA Women's World Cup,T-14,China,CHN,third-place match,1995,1995-06-05,1995-06-18,Sweden,Norway,12,1,Chinese Football Association,East Asia,Asian Football Confederation,AFC,0,0,4.0,6,3,1,2,11,10,1,1,1,7.0,0.0,0.0,CHN,0,0.532,70.008,8.725359917,5.036169767,2361.387409,,0.508,612.680277898627,53.6641145765771,1990.0,1995.0,0.888,1218.144426,29.0403804779053,4.65805006027222,2,10,4,0.7272727272727273,0.2341549295774648,0.6234205374621818,0.272547889656881,0.15726842366330485,0.00872371799234958,0.002760991044457165,0.8566879941003063,0.5030864197530865,,0.02904598818821643,0.017915699826858984,0.27056125912651074,10,0.45671146814621655
WC-1995,1995 FIFA Women's World Cup,T-74,Sweden,SWE,quarter-final,1995,1995-06-05,1995-06-18,Sweden,Norway,12,1,Swedish Football Association,Europe,Union of European Football Associations,UEFA,1,0,,4,2,0,2,6,4,1,1,2,1.0,0.0,0.0,SWE,0,0.859,78.821,16.10770035,10.52972031,33143.79328,0.072,0.762,30254.0273028727,6.95655280347905,1990.0,1995.0,0.998,8.7584955,83.9000015258789,,3,6,5,0.6363636363636364,0.8098591549295775,0.8474817583199858,0.7059962993320852,0.5856663016784281,0.3300250314109542,0.29656640007128976,0.005913108655076018,0.8425925925925928,0.9155495978552279,0.7877842324972819,,0.6127434477342499,10,0.02362018862938642
WC-1995,1995 FIFA Women's World Cup,T-28,England,ENG,quarter-final,1995,1995-06-05,1995-06-18,Sweden,Norway,12,1,The Football Association,Europe,Union of European Football Associations,UEFA,0,0,,4,2,0,2,6,9,0,0,-3,4.0,0.0,0.0,GBR,1,0.83,76.616,14.85622501,10.0803197,33339.90034,0.233,0.723,23252.6157127423,9.30085352960348,1990.0,1995.0,0.97,57.930364,78.6591002712985,,3,6,6,0.5454545454545454,0.7588028169014084,0.7914219612030612,0.6705379963298903,0.5130430753574516,0.33207196225231583,0.22716831926644931,0.04050437496236618,0.756172839506173,0.6997319034852547,0.7152997322303155,,0.5504754981494686,10,-0.0050209526949231975
WC-1995,1995 FIFA Women's World Cup,T-22,Denmark,DNK,quarter-final,1995,1995-06-05,1995-06-18,Sweden,Norway,12,1,Danish Football Association,Europe,Union of European Football Associations,UEFA,0,0,,4,1,0,3,7,8,0,0,-1,5.0,0.0,0.0,DNK,0,0.857,75.286,15.18115044,11.64894009,42277.20618,0.095,0.717,35321.0980773087,8.92653539146181,1990.0,1995.0,0.975,5.2351965,85.0012191836328,,3,3,7,0.4545454545454546,0.8063380281690141,0.7576081153230114,0.7943042214893115,0.5318985272278263,0.4253579814429425,0.3467912700880525,0.0034345497207290505,0.771604938271605,0.8847184986595175,0.8030146685864352,,0.6125070798978445,10,-0.1579616253523899
WC-1995,1995 FIFA Women's World Cup,T-44,Japan,JPN,quarter-final,1995,1995-06-05,1995-06-18,Sweden,Norway,12,1,Japan Football Association,East Asia,Asian Football Confederation,AFC,0,0,,4,1,0,3,2,8,0,0,-6,3.0,0.0,0.0,JPN,0,0.867,79.67,14.6657896,11.86269975,35177.31895,0.164,0.726,44197.6191013908,6.32263239420727,1990.0,1995.0,0.943,125.4339685,78.0190838015653,,3,3,8,0.36363636363636365,0.823943661971831,0.8690666870058222,0.8111701416177381,0.5019920914203987,0.35125061304286265,0.43477545947115975,0.08799159135646135,0.6728395061728395,0.792225201072386,0.706447958133123,,0.6051702911264623,10,-0.2415339274900986
WC-1995,1995 FIFA Women's World Cup,T-09,Brazil,BRA,group stage,1995,1995-06-05,1995-06-18,Sweden,Norway,12,1,Brazilian Football Confederation,South America,South American Football Confederation,CONMEBOL,0,0,,3,1,0,2,3,8,0,0,-5,8.0,0.0,1.0,BRA,0,0.645,67.919,13.15295115,4.41516361,10995.11598,0.542,0.609,4756.75013552302,63.075706562617,1990.0,1995.0,,163.5153275,77.7144999942454,,6,3,9,0.2727272727272727,0.4330985915492958,0.57030991788066,0.2235496818415096,0.4142019403644255,0.09884105128940143,0.04383706422457499,0.11478094207052912,,0.2855227882037533,0.7022353992638449,,0.3207085974097772,9,-0.04798132468250449
WC-1995,1995 FIFA Women's World Cup,T-12,Canada,CAN,group stage,1995,1995-06-05,1995-06-18,Sweden,Norway,12,1,Canadian Soccer Association,North America,"Confederation of North, Central American and Caribbean Association Football",CONCACAF,0,0,,3,0,1,2,5,13,0,0,-8,7.0,0.0,0.0,CAN,0,0.877,78.019,16.8725605,11.61542435,34364.78485,0.182,0.695,20679.634792669,8.2483202891714,1990.0,1995.0,0.981,29.2894225,77.6356482587498,,6,1,10,0.18181818181818177,0.8415492957746479,0.8270917550148733,0.7916597852384065,0.6300512048418785,0.3427695256768697,0.20166489963428996,0.020356138482029495,0.7901234567901236,0.7680965147453083,0.701144837094297,,0.5914507413292724,10,-0.4096325595110907
WC-1995,1995 FIFA Women's World Cup,T-50,Nigeria,NGA,group stage,1995,1995-06-05,1995-06-18,Sweden,Norway,12,1,Nigeria Football Federation,Africa,Confederation of African Football,CAF,0,0,,3,0,1,2,5,14,0,0,-9,7.0,0.0,0.0,NGA,0,,45.487,6.795659864,,2733.063746,,,1271.61617353199,209.766199659781,1990.0,1995.0,,108.1876095,39.1364103583649,,6,1,11,0.09090909090909094,,0.0,,0.045287756364962795,0.012603209925019506,0.009292372029805346,0.07585917875554236,,,0.1686795445208979,,0.05195367693270465,6,0.03895541397638629
WC-1995,1995 FIFA Women's World Cup,T-04,Australia,AUS,group stage,1995,1995-06-05,1995-06-18,Sweden,Norway,12,1,Football Australia,Oceania,Asian Football Confederation,AFC,0,0,,3,0,0,3,3,13,0,0,-10,9.0,1.0,1.0,AUS,0,0.882,78.262,18.97002983,11.33797971,32314.90021,0.176,0.683,20479.1748274233,9.19525936230554,1990.0,1995.0,0.964,18.002999,85.2868710503009,,6,0,12,0.0,0.8503521126760564,0.8332697734726567,0.7697690358879442,0.7517675383446204,0.3213731920066313,0.1996779379070481,0.012416401944554655,0.7376543209876544,0.7761394101876675,0.8069653884721929,,0.6059385111887027,10,-0.6059385111887027
WC-1998,1998 FIFA Men's World Cup,T-30,France,FRA,final,1998,1998-06-10,1998-07-12,France,France,32,0,French Football Association,Europe,Union of European Football Associations,UEFA,1,1,1.0,7,7,0,0,15,2,2,1,13,12.0,2.0,3.0,FRA,0,0.843,78.588,15.76198959,9.087026937,37897.32879,0.19,0.748,24869.4030795939,5.37918425539061,2000.0,1998.0,0.983,58.0803445,75.8918556090764,,1,21,1,1.0,0.7816901408450704,0.8415579793049094,0.5921658825040068,0.5656046752423238,0.37964159514367585,0.24319393622734603,0.040609882757263197,0.7962962962962964,0.7573726541554959,0.6770272411616667,,0.5675160283638054,10,0.43248397163619456
WC-1998,1998 FIFA Men's World Cup,T-09,Brazil,BRA,final,1998,1998-06-10,1998-07-12,France,France,32,0,Brazilian Football Confederation,South America,South American Football Confederation,CONMEBOL,0,0,2.0,7,5,0,2,14,10,1,1,4,12.0,0.0,0.0,BRA,0,0.66,69.189,13.29070864,4.929657882,11075.55445,0.522,0.621,5105.89246192003,34.4505214787492,2000.0,1998.0,,171.0398035,79.789068166086,,1,15,2,0.967741935483871,0.4595070422535212,0.6025983271044669,0.26414396094021786,0.4221960198751569,0.09968065382627561,0.04729776740817949,0.12007423600217651,,0.31233243967828417,0.7309277996547504,,0.3398620274158921,9,0.6278799080679789
WC-1998,1998 FIFA Men's World Cup,T-18,Croatia,HRV,third-place match,1998,1998-06-10,1998-07-12,France,France,32,0,Croatian Football Federation,Europe,Union of European Football Associations,UEFA,0,0,3.0,7,5,0,2,11,5,0,0,6,19.0,0.0,0.0,HRV,0,0.74,73.906,11.71883011,9.007986927,17702.44472,0.247,0.692,5712.58985659548,8.33978934856649,2000.0,1998.0,0.954,4.6599325,55.5584318277687,,2,15,3,0.935483870967742,0.6003521126760564,0.7225230722294259,0.5859295210894628,0.3309797676769523,0.16885096353354612,0.053311359707070315,0.0030298648708743624,0.7067901234567902,0.6809651474530831,0.39580498760052096,,0.4248536920293782,10,0.5106301789383638
WC-1998,1998 FIFA Men's World Cup,T-48,Netherlands,NLD,third-place match,1998,1998-06-10,1998-07-12,France,France,32,0,Royal Dutch Football Association,Europe,Union of European Football Associations,UEFA,0,0,4.0,7,3,2,2,13,7,1,1,6,10.0,1.0,2.0,NLD,0,0.884,77.997,16.47043037,11.63522909,43138.42434,0.094,0.736,27924.281808994,6.18449985645535,2000.0,1998.0,0.952,15.7225945,76.75231877333,,2,11,4,0.9032258064516129,0.8538732394366197,0.8265324282409174,0.7932224054400117,0.606715557300095,0.43434722442503965,0.2734739330798019,0.01081219039526519,0.7006172839506173,0.886058981233244,0.6889279123304939,,0.6074581155832106,10,0.29576769086840227
WC-1998,1998 FIFA Men's World Cup,T-03,Argentina,ARG,quarter-finals,1998,1998-06-10,1998-07-12,France,France,32,0,Argentine Football Association,South America,South American Football Confederation,CONMEBOL,0,0,,5,4,0,1,10,4,1,1,6,11.0,1.0,1.0,ARG,0,0.764,73.474,14.11907005,8.66482687,19334.52072,0.426,0.702,8218.99212764682,19.3566209323244,2000.0,1998.0,0.987,36.233195,88.793030675725,47.9862289428711,3,12,5,0.8709677419354839,0.642605633802817,0.7115399283044773,0.558853738349968,0.47026590685670405,0.1858862844436965,0.07815485092262059,0.02524092100203355,0.8086419753086421,0.4410187667560322,0.8554574733178989,0.3878637831577623,0.4695935692929684,11,0.40137417264251546
WC-1998,1998 FIFA Men's World Cup,T-41,Italy,ITA,quarter-finals,1998,1998-06-10,1998-07-12,France,France,32,0,Italian Football Association,Europe,Union of European Football Associations,UEFA,0,0,,5,3,1,1,8,3,1,1,5,11.0,0.0,0.0,ITA,0,0.832,78.806,15.09490967,8.490116616,40615.63606,0.191,0.727,22365.1837644545,5.56620309176568,2000.0,1998.0,0.955,56.9387375,67.0286199053679,,3,10,6,0.8387096774193549,0.7623239436619718,0.8471003991559252,0.5450688680447798,0.5268939676031793,0.40801480611966273,0.21837208249858253,0.03980678877365208,0.7098765432098766,0.7560321715817695,0.5544438953735424,,0.5367933466022942,10,0.3019163308170607
WC-1998,1998 FIFA Men's World Cup,T-31,Germany,DEU,quarter-finals,1998,1998-06-10,1998-07-12,France,France,32,0,Germany Football Association,Europe,Union of European Football Associations,UEFA,0,0,,5,3,1,1,8,6,0,0,2,12.0,1.0,1.0,DEU,0,0.879,77.577,16.02003354,12.0182086,40784.2348,0.136,0.733,27395.9440608051,5.3549718459197,2000.0,1998.0,0.944,81.524383,80.0722584625357,,3,10,7,0.8064516129032258,0.8450704225352114,0.8158543716472174,0.823439995730359,0.5805789888245705,0.4097746099774163,0.2682370425943537,0.057102218798385236,0.6759259259259259,0.8297587131367292,0.7348444746924018,,0.604058676386257,10,0.20239293651696877
WC-1998,1998 FIFA Men's World Cup,T-22,Denmark,DNK,quarter-finals,1998,1998-06-10,1998-07-12,France,France,32,0,Danish Football Association,Europe,Union of European Football Associations,UEFA,0,0,,5,2,1,2,9,7,0,0,2,12.0,2.0,2.0,DNK,0,0.878,76.434,15.7416296,12.1427176,45472.65911,0.079,0.722,33346.4884298957,5.6340143335809,2000.0,1998.0,0.984,5.298992,85.0920806648854,,3,7,8,0.7741935483870968,0.8433098591549296,0.7867948033457911,0.8332639206433676,0.5644231831949752,0.4587115545092889,0.3272189141273836,0.003479428371816038,0.7993827160493828,0.9061662198391421,0.8042713320384235,,0.63270219312745,10,0.14149135525964673
WC-1998,1998 FIFA Men's World Cup,T-87,Yugoslavia,YUG,round of 16,1998,1998-06-10,1998-07-12,France,France,32,0,Football Association of Yugoslavia,Europe,Union of European Football Associations,UEFA,0,0,,4,2,1,1,5,4,0,0,1,7.0,0.0,0.0,SRB,1,0.686,71.243,12.92081367,7.251933728,9203.299869,,,2775.47372982047,12.5892048765066,2000.0,1998.0,,7.985506,54.5737183011903,,4,7,9,0.7419354838709677,0.5052816901408451,0.6548191086365138,0.447374599194462,0.4007309815618164,0.08013839132573389,0.02419862727087654,0.005369328512833932,,,0.3821858666873428,,0.31251232416630303,8,0.4294231597046647
WC-1998,1998 FIFA Men's World Cup,T-61,Romania,ROU,round of 16,1998,1998-06-10,1998-07-12,France,France,32,0,Romanian Football Federation,Europe,Union of European Football Associations,UEFA,0,0,,4,2,1,1,4,3,0,0,1,10.0,0.0,0.0,ROU,0,0.706,70.125,11.69460011,9.283307838,11786.99933,0.447,0.663,1852.5549693339,21.5776626820944,2000.0,1998.0,0.956,22.161242,53.2201892003114,,4,7,10,0.7096774193548387,0.5404929577464788,0.6263951389418555,0.6076527054106377,0.3295736986019058,0.10710658977575559,0.015050644768771233,0.015341629221273361,0.712962962962963,0.4128686327077748,0.363465826810946,,0.37309107869483615,10,0.3365863406600026
WC-1998,1998 FIFA Men's World Cup,T-28,England,ENG,round of 16,1998,1998-06-10,1998-07-12,France,France,32,0,The Football Association,Europe,Union of European Football Associations,UEFA,0,0,,4,2,0,2,7,4,1,1,3,5.0,1.0,1.0,GBR,1,0.848,77.277,15.44709015,10.45141436,36606.70727,0.239,0.73,28396.3523548013,6.54599490555629,2000.0,1998.0,0.983,58.438321,79.391563988228,,4,6,11,0.6774193548387097,0.7904929577464789,0.8082271883660033,0.699817856223219,0.5473310324716489,0.3661703157628467,0.27815310233899837,0.04086171090252173,0.7962962962962964,0.6916890080428955,0.7254301017805753,,0.5744469569931484,10,0.10297239784556134
WC-1998,1998 FIFA Men's World Cup,T-50,Nigeria,NGA,round of 16,1998,1998-06-10,1998-07-12,France,France,32,0,Nigeria Football Federation,Africa,Confederation of African Football,CAF,0,0,,4,2,0,2,6,9,0,0,-3,8.0,0.0,0.0,NGA,0,,46.036,7.446729277,,2794.824833,,,1822.46998452473,182.310259129257,2000.0,1998.0,,116.6905275,41.6009143497997,,4,6,12,0.6451612903225806,,0.013957745404622064,,0.08306937284568736,0.013247861238319085,0.014752442016380226,0.08184078388667647,,,0.20276496829585847,,0.06827219561459062,6,0.57688909470799
WC-1998,1998 FIFA Men's World Cup,T-46,Mexico,MEX,round of 16,1998,1998-06-10,1998-07-12,France,France,32,0,Mexican Football Federation,North America,"Confederation of North, Central American and Caribbean Association Football",CONCACAF,0,0,,4,1,2,1,8,7,0,0,1,10.0,2.0,2.0,MEX,0,0.699,72.845,11.70351982,6.521856022,16755.68444,0.459,0.654,5832.69342004468,28.0919890856832,2000.0,1998.0,0.93,94.7672845,74.2716464717421,,4,5,13,0.6129032258064516,0.528169014084507,0.6955482673581981,0.38977050178459105,0.3300913101738985,0.15896884701765848,0.05450182775681992,0.06641829212327247,0.6327160493827163,0.3967828418230563,0.6546188720772445,,0.3907585823581962,10,0.2221446434482554
WC-1998,1998 FIFA Men's World Cup,T-55,Paraguay,PRY,round of 16,1998,1998-06-10,1998-07-12,France,France,32,0,Paraguayan Football Association,South America,South American Football Confederation,CONMEBOL,0,0,,4,1,2,1,3,2,1,0,1,8.0,0.0,0.0,PRY,0,0.652,69.478,11.56016318,6.487727339,8796.934016,0.578,0.62,1889.88455618586,33.6354249078544,2000.0,1998.0,0.942,4.9234495,56.3338701365719,,4,5,14,0.5806451612903225,0.4454225352112676,0.6099458469987034,0.38707770351963133,0.32177231148604996,0.07589681635448131,0.015420656108829499,0.003215242953944323,0.6697530864197531,0.23726541554959793,0.4065297190104742,,0.31722993336127325,10,0.26341522792904926
WC-1998,1998 FIFA Men's World Cup,T-53,Norway,NOR,round of 16,1998,1998-06-10,1998-07-12,France,France,32,0,Norwegian Football Federation,Europe,Union of European Football Associations,UEFA,0,0,,4,1,2,1,5,5,0,0,0,7.0,0.0,0.0,NOR,0,0.903,78.408,16.86597061,11.77727577,54745.86492,0.101,0.752,34803.4634058738,4.85740011098321,2000.0,1998.0,0.986,4.4316755,75.3306335451989,,4,5,15,0.5483870967741935,0.8873239436619719,0.836981669336181,0.8044300765197101,0.6296687929336262,0.5555036382353048,0.3416604686356332,0.0028692913780549232,0.8055555555555557,0.8766756032171582,0.6692652363340805,,0.6409934275807277,10,-0.09260633080653424
WC-1998,1998 FIFA Men's World Cup,T-13,Chile,CHL,round of 16,1998,1998-06-10,1998-07-12,France,France,32,0,Football Federation of Chile,South America,South American Football Confederation,CONMEBOL,0,0,,4,0,3,1,5,8,0,0,-3,13.0,0.0,0.0,CHL,0,0.749,75.669,12.61588001,9.004289285,14800.68814,0.444,0.699,5419.82417297191,10.9380476804024,2000.0,1998.0,0.942,14.996742,85.6144109902521,,4,3,16,0.5161290322580645,0.6161971830985916,0.7673454859786948,0.585637772241081,0.3830356538991365,0.13856294107415054,0.05040946252427456,0.010301570036648711,0.6697530864197531,0.4168900804289544,0.8114954430776075,,0.4449628678778893,10,0.0711661643801752
WC-1998,1998 FIFA Men's World Cup,T-73,Spain,ESP,group stage,1998,1998-06-10,1998-07-12,France,France,32,0,Royal Spanish Football Federation,Europe,Union of European Football Associations,UEFA,0,0,,3,1,1,1,8,4,0,0,4,7.0,0.0,0.0,ESP,0,0.815,78.943,15.76968956,7.45224916,31576.02422,0.142,0.729,15382.3348573373,5.42372074559108,2000.0,1998.0,0.964,40.3623565,75.9145056905294,,6,4,17,0.4838709677419355,0.732394366197183,0.850583479521013,0.46317975193751587,0.5660515051926245,0.3136609349778807,0.1491579952440599,0.028145690119609577,0.7376543209876544,0.82171581769437,0.6773405040443993,,0.533988436591631,10,-0.05011746884969548
WC-1998,1998 FIFA Men's World Cup,T-47,Morocco,MAR,group stage,1998,1998-06-10,1998-07-12,France,France,32,0,Royal Moroccan Football Federation,Africa,Confederation of African Football,CAF,0,0,,3,1,1,1,5,5,0,0,0,4.0,0.0,0.0,MAR,0,0.505,66.018,7.678740025,3.02,4610.281738,0.726,0.492,1668.49755859375,52.2443921246927,2000.0,1998.0,0.76,27.791825,52.9553071144083,9.10352039337158,6,4,18,0.4516129032258065,0.18661971830985913,0.5219789998220324,0.11346942622944858,0.09653297737896008,0.03219727963257488,0.013226265370582366,0.01930261345798791,0.1080246913580248,0.03887399463806974,0.35980236423195205,0.055872366173041116,0.14053642696386667,11,0.3110764762619398
WC-1998,1998 FIFA Men's World Cup,T-06,Belgium,BEL,group stage,1998,1998-06-10,1998-07-12,France,France,32,0,Royal Belgian Football Association,Europe,Union of European Football Associations,UEFA,0,0,,3,0,3,0,3,3,0,0,0,4.0,1.0,1.0,BEL,0,0.876,77.474,17.62896601,10.37027533,41274.56139,0.157,0.723,25338.4432934904,5.87522427743049,2000.0,1998.0,0.971,10.1885375,81.3594119449727,,6,3,19,0.4193548387096774,0.8397887323943662,0.813235705387334,0.6934158793521948,0.6739454844871839,0.4148925522861261,0.2478430687980685,0.006919109955445758,0.7592592592592593,0.8016085790884718,0.7526465038490838,,0.6003554874857534,10,-0.18100064877607602
WC-1998,1998 FIFA Men's World Cup,T-38,Iran,IRN,group stage,1998,1998-06-10,1998-07-12,France,France,32,0,Football Federation Islamic Republic of Iran,Middle East,Asian Football Confederation,AFC,0,0,,3,1,0,2,2,4,0,0,-2,3.0,0.0,0.0,IRN,0,0.677,68.73,11.6892848,7.936083617,10541.10453,0.588,0.634,1709.19334096046,36.2535743183089,2000.0,1998.0,0.796,63.461421,62.9052391052246,,6,3,20,0.3870967741935484,0.48943661971830993,0.5909287366842094,0.5013549310482173,0.3292652506854681,0.0941021599953485,0.013629642483432342,0.04439534497193175,0.21913580246913603,0.22386058981233248,0.49741530769550196,,0.3003524385563888,10,0.08674433563715955
WC-1998,1998 FIFA Men's World Cup,T-16,Colombia,COL,group stage,1998,1998-06-10,1998-07-12,France,France,32,0,Colombia Football Federation,South America,South American Football Confederation,CONMEBOL,0,0,,3,1,0,2,1,3,0,0,-2,5.0,0.0,0.0,COL,0,0.666,70.738,11.77365971,6.758033666,9421.122491,,0.638,2604.87166959518,25.0840399855096,2000.0,1998.0,0.993,37.9444145,73.3667607289768,,6,3,21,0.3548387096774194,0.47007042253521136,0.6419800167798033,0.40840523052538324,0.334161534286823,0.08241198536624449,0.022507617478268925,0.026444724136639425,0.8271604938271606,,0.642103812609997,,0.38391620417172573,9,-0.029077494494306355
WC-1998,1998 FIFA Men's World Cup,T-43,Jamaica,JAM,group stage,1998,1998-06-10,1998-07-12,France,France,32,0,Jamaica Football Federation,Caribbean,"Confederation of North, Central American and Caribbean Association Football",CONCACAF,0,0,,3,1,0,2,3,9,0,0,-6,5.0,0.0,1.0,JAM,0,0.661,70.99,10.57880747,7.351746011,9123.232058,0.447,0.631,3419.49352868739,20.5679389723101,2000.0,1998.0,0.974,2.576567,51.2645934193083,,6,3,22,0.32258064516129037,0.46126760563380287,0.6483868507360232,0.45524992044503804,0.2648241515417136,0.0793026576620085,0.030582159715203415,0.001564265677182531,0.7685185185185186,0.4128686327077748,0.33641887896274686,,0.3458983641600012,10,-0.023317718998710824
WC-1998,1998 FIFA Men's World Cup,T-05,Austria,AUT,group stage,1998,1998-06-10,1998-07-12,France,France,32,0,Austrian Football Association,Europe,Union of European Football Associations,UEFA,0,0,,3,0,2,1,3,4,0,0,-1,6.0,0.0,0.0,AUT,0,0.861,77.783,15.08288002,10.92450523,43325.1685,0.151,0.727,27212.4642905708,5.49889606580409,2000.0,1998.0,0.957,7.975862,66.5106754931446,,6,2,23,0.29032258064516125,0.8133802816901409,0.8210917041669846,0.7371453520982959,0.5261958859338176,0.4362964269705685,0.26641838877621177,0.005362544183044482,0.7160493827160495,0.8096514745308311,0.5472804438864033,,0.5678871884952347,10,-0.2775646078500734
WC-1998,1998 FIFA Men's World Cup,T-70,South Africa,ZAF,group stage,1998,1998-06-10,1998-07-12,France,France,32,0,South African Football Associaiton,Africa,Confederation of African Football,CAF,0,0,,3,0,2,1,3,6,0,0,-3,7.0,1.0,1.0,ZAF,0,0.643,60.001,13.24167898,7.654923325,9949.670575,0.462,0.593,3309.60933087472,71.0658259726498,2000.0,1998.0,0.961,45.8521665,54.6562438276427,,6,2,24,0.25806451612903225,0.42957746478873243,0.36900312714514527,0.47917101183653305,0.4193508243041275,0.08792887687582193,0.029492986147729043,0.032007643823614644,0.7283950617283951,0.39276139410187666,0.38332723937375673,,0.3351015630125732,10,-0.07703704688354096
WC-1998,1998 FIFA Men's World Cup,T-11,Cameroon,CMR,group stage,1998,1998-06-10,1998-07-12,France,France,32,0,Cameroonian Football Federation,Africa,Confederation of African Football,CAF,0,0,,3,0,2,1,2,5,0,0,-3,6.0,3.0,3.0,CMR,0,0.42,52.582,7.290378928,2.8112902,2741.775891,0.68,0.414,798.745621406677,144.44860697042,2000.0,1998.0,0.858,14.3145985,45.1484656467721,,6,2,25,0.22580645161290325,0.03697183098591543,0.18038288460071697,0.09700194673953978,0.07399634805816682,0.012694145755146756,0.004605273097801147,0.009821697943354413,0.41049382716049393,0.10053619302949056,0.25182952235661993,,0.11783336697272458,10,0.10797308464017867
WC-1998,1998 FIFA Men's World Cup,T-79,Tunisia,TUN,group stage,1998,1998-06-10,1998-07-12,France,France,32,0,Tunisian Football Federation,Africa,Confederation of African Football,CAF,0,0,,3,0,1,2,1,4,0,0,-3,7.0,0.0,0.0,TUN,0,0.633,73.169,11.93177986,4.640396745,6862.890554,0.443,0.61,2285.01933541864,29.184614609627,2000.0,1998.0,0.835,9.677148,62.8945821796079,14.4664297103882,6,1,26,0.19354838709677424,0.4119718309859155,0.7037856253019094,0.24132087433491614,0.3433372607852427,0.05570961243177903,0.0193372370703965,0.006559359331341409,0.3395061728395062,0.41823056300268097,0.4972679166476295,0.10166238260284634,0.2853353486667421,11,-0.09178696156996785
WC-1998,1998 FIFA Men's World Cup,T-64,Scotland,SCO,group stage,1998,1998-06-10,1998-07-12,France,France,32,0,Scottish Football Association,Europe,Union of European Football Associations,UEFA,0,0,,3,0,1,2,2,6,0,0,-4,4.0,1.0,1.0,GBR,1,0.848,77.277,15.44709015,10.45141436,36606.70727,0.239,0.73,28396.3523548013,6.54599490555629,2000.0,1998.0,0.983,58.438321,79.391563988228,,6,1,27,0.16129032258064513,0.7904929577464789,0.8082271883660033,0.699817856223219,0.5473310324716489,0.3661703157628467,0.27815310233899837,0.04086171090252173,0.7962962962962964,0.6916890080428955,0.7254301017805753,,0.5744469569931484,10,-0.4131566344125033
WC-1998,1998 FIFA Men's World Cup,T-63,Saudi Arabia,SAU,group stage,1998,1998-06-10,1998-07-12,France,France,32,0,Saudi Arabian Football Association,Middle East,Asian Football Confederation,AFC,0,0,,3,0,1,2,2,7,0,0,-5,4.0,1.0,1.0,SAU,0,0.738,71.879,12.11774415,6.431834213,42231.59459,,0.645,9836.05729768574,22.0961626362377,2000.0,1998.0,0.816,20.47258,79.5914231760733,23.2514591217041,6,1,28,0.12903225806451613,0.596830985915493,0.6709887371926883,0.3826676618923005,0.3541287852273381,0.4248818957258116,0.09418322147224628,0.014153694763484732,0.28086419753086417,,0.7281942624947402,0.1766714154433005,0.3723564857658267,10,-0.24332422770131057
WC-1998,1998 FIFA Men's World Cup,T-10,Bulgaria,BGR,group stage,1998,1998-06-10,1998-07-12,France,France,32,0,Bulgarian Football Union,Europe,Union of European Football Associations,UEFA,0,0,,3,0,1,2,1,7,0,0,-6,7.0,0.0,1.0,BGR,0,0.714,70.912,12.7276001,9.148866653,10677.56158,0.327,0.661,1820.44866449942,17.5006153742096,2000.0,1998.0,0.983,8.234927,67.8654022216797,,6,1,29,0.09677419354838712,0.5545774647887324,0.6464037830829077,0.5970451179538602,0.3895187807505772,0.09552647457212217,0.014732406666559249,0.005544790387617695,0.7962962962962964,0.5737265415549597,0.5660170476013364,,0.4239388703654969,10,-0.32716467681710976
WC-1998,1998 FIFA Men's World Cup,T-71,South Korea,KOR,group stage,1998,1998-06-10,1998-07-12,France,France,32,0,Korea Football Association,East Asia,Asian Football Confederation,AFC,0,0,,3,0,1,2,2,9,0,0,-7,7.0,1.0,1.0,KOR,0,0.802,75.464,15.01350975,10.37200584,18907.77671,0.223,0.714,8583.43557499234,7.54817757512849,2000.0,1998.0,0.924,46.250259,79.1812369650495,,6,1,30,0.06451612903225812,0.7095070422535212,0.7621335774031984,0.6935524188818771,0.5221703229385795,0.18143200587037367,0.08176721901184014,0.032287692642227965,0.6141975308641978,0.7131367292225201,0.7225211652394777,,0.5032705704327813,10,-0.4387544414005232
WC-1998,1998 FIFA Men's World Cup,T-44,Japan,JPN,group stage,1998,1998-06-10,1998-07-12,France,France,32,0,Japan Football Association,East Asia,Asian Football Confederation,AFC,0,0,,3,0,0,3,1,4,0,0,-3,7.0,0.0,0.0,JPN,0,0.877,80.64,14.91390038,11.99613972,36047.87438,0.163,0.749,32423.7556133801,4.50252057826217,2000.0,1998.0,0.948,126.30839,78.3266396189341,,6,0,31,0.032258064516129004,0.8415492957746479,0.893727912948415,0.8216987318857036,0.5163899822558777,0.3603373167993813,0.3180727747042855,0.08860672655254039,0.6882716049382717,0.7935656836461126,0.7107016215095684,,0.6032921651014804,10,-0.5710341005853514
WC-1998,1998 FIFA Men's World Cup,T-83,United States,USA,group stage,1998,1998-06-10,1998-07-12,France,France,32,0,United States Soccer Federation,North America,"Confederation of North, Central American and Caribbean Association Football",CONCACAF,0,0,,3,0,0,3,1,5,0,0,-4,4.0,0.0,0.0,USA,0,0.891,76.66,15.73243999,13.03310394,47413.69771,0.28,0.665,32853.6769523009,8.44940974508615,2000.0,1998.0,0.992,275.8350175,78.4785364495296,70.8996200561523,6,0,32,0.0,0.8661971830985916,0.7925406147509725,0.9035165814769509,0.5638899093017545,0.47897177244643707,0.32233416048829067,0.19379523269774573,0.8240740740740742,0.6367292225201072,0.7128024368699472,0.5835047111537945,0.6253050817162424,11,-0.6253050817162424
WC-1999,1999 FIFA Women's World Cup,T-83,United States,USA,final,1999,1999-06-19,1999-07-10,United States,United States,16,1,United States Soccer Federation,North America,"Confederation of North, Central American and Caribbean Association Football",CONCACAF,1,1,1.0,6,6,0,0,18,3,1,1,15,,,,USA,0,0.891,76.672,15.59130001,12.99835491,49182.35497,0.274,0.661,34515.3902272076,8.44940974508615,2000.0,1999.0,0.992,279.1815815,78.812318408817,71.37548828125,1,18,1,1.0,0.8661971830985916,0.792845702082221,0.9007748370125356,0.5556995435926882,0.497432704415394,0.3388050836217075,0.19614946266845326,0.8240740740740742,0.6447721179624665,0.717418821980415,0.5875678068650172,0.6292488488521422,11,0.37075115114785784
WC-1999,1999 FIFA Women's World Cup,T-14,China,CHN,final,1999,1999-06-19,1999-07-10,United States,United States,16,1,Chinese Football Association,East Asia,Asian Football Confederation,AFC,0,0,2.0,6,5,0,1,19,2,1,1,17,,,,CHN,0,0.575,71.419,9.648660183,5.750073767,3171.528369,0.289,0.547,881.146614068925,36.7157122561846,2000.0,1999.0,0.891,1255.433236,34.7797050476074,6.61046981811523,1,15,2,0.9333333333333333,0.3098591549295774,0.6592937228281596,0.32887586025415944,0.21084762098087714,0.01717982618587569,0.005422032785981007,0.8829198050186151,0.5123456790123458,0.6246648793565684,0.10842395260630106,0.034586004600768834,0.3358562307781118,11,0.5974771025552216
WC-1999,1999 FIFA Women's World Cup,T-09,Brazil,BRA,third-place match,1999,1999-06-19,1999-07-10,United States,United States,16,1,Brazilian Football Confederation,South America,South American Football Confederation,CONMEBOL,0,0,3.0,6,4,1,1,16,9,1,1,7,,,,BRA,0,0.663,69.524,13.33694769,5.101155972,10861.1073,0.514,0.627,3493.57192043228,34.4505214787492,2000.0,1999.0,,173.486281,80.5466061325216,,2,13,3,0.8666666666666667,0.46478873239436624,0.6111153484351564,0.27767538725385305,0.42487927609738263,0.09744229236607575,0.03131642567714906,0.12179527604598313,,0.3230563002680965,0.7414049596436644,,0.343719333131303,9,0.5229473335353637
WC-1999,1999 FIFA Women's World Cup,T-53,Norway,NOR,third-place match,1999,1999-06-19,1999-07-10,United States,United States,16,1,Norwegian Football Federation,Europe,Union of European Football Associations,UEFA,0,0,4.0,6,4,0,2,16,8,0,1,8,,,,NOR,0,0.907,78.387,17.09806061,11.85227149,55612.51309,0.097,0.755,36393.2927471088,4.85740011098321,2000.0,1999.0,0.988,4.4621425,75.8399963378906,,2,12,4,0.8,0.8943661971830987,0.836447766506496,0.810347338099813,0.643136996467573,0.5645495587023324,0.35741887730345984,0.0028907242042365074,0.8117283950617286,0.8820375335120644,0.6763099993794777,,0.647923338642028,10,0.15207666135797204
WC-1999,1999 FIFA Women's World Cup,T-62,Russia,RUS,quarter-final,1999,1999-06-19,1999-07-10,United States,United States,16,1,Russian Football Union,"Europe, Asia",Union of European Football Associations,UEFA,0,0,,4,2,0,2,10,5,0,0,5,,,,RUS,0,0.722,65.631,12.2757597,11.7648615,12709.26563,0.391,0.66,1330.75720214844,19.3834909923237,2000.0,1999.0,,147.3363875,72.96533203125,52.1262397766113,3,6,5,0.7333333333333334,0.5686619718309859,0.5121399333892661,0.8034505741838965,0.3632984417783682,0.11673304245633973,0.009878578658278868,0.10339943391999647,,0.4879356568364611,0.6365518365024304,0.42321235105075694,0.40252618206067803,10,0.33080715127265536
WC-1999,1999 FIFA Women's World Cup,T-74,Sweden,SWE,quarter-final,1999,1999-06-19,1999-07-10,United States,United States,16,1,Swedish Football Association,Europe,Union of European Football Associations,UEFA,0,0,,4,2,0,2,7,6,0,0,1,,,,SWE,0,0.897,79.508,18.8115406,11.26263555,38777.5579,0.059,0.779,30968.8710702052,4.09662966290807,2000.0,1999.0,0.986,8.848876,84.00779688509,,3,6,6,0.6666666666666667,0.8767605633802817,0.8649480080339664,0.7638242819306101,0.7425703941006696,0.3888292710627544,0.3036519405925911,0.005976689235596078,0.8055555555555557,0.9329758713136729,0.7892751006445659,,0.6474367675850263,10,0.01922989908164041
WC-1999,1999 FIFA Women's World Cup,T-50,Nigeria,NGA,quarter-final,1999,1999-06-19,1999-07-10,United States,United States,16,1,Nigeria Football Federation,Africa,Confederation of African Football,CAF,0,0,,4,2,0,2,8,12,1,0,-4,,,,NGA,0,,46.614,7.677330017,,2806.780287,,,480.669363941805,182.310259129257,2000.0,1999.0,,119.6955655,42.4365697715547,5.80225992202759,3,6,7,0.6,,0.028652785193094745,,0.09645115448814838,0.013372650154715466,0.0014524971849030875,0.0839547582564226,,,0.2143225349621554,0.027685282952696715,0.06655595188459092,7,0.533444048115409
WC-1999,1999 FIFA Women's World Cup,T-31,Germany,DEU,quarter-final,1999,1999-06-19,1999-07-10,United States,United States,16,1,Germany Football Association,Europe,Union of European Football Associations,UEFA,0,0,,4,1,2,1,12,7,0,0,5,,,,DEU,0,0.884,77.806,16.09168661,12.21910294,41476.39057,0.127,0.736,26965.4922773722,5.3549718459197,2000.0,1999.0,0.944,81.556965,80.0826572678738,,3,5,8,0.5333333333333333,0.8538732394366197,0.8216764548852109,0.8392908250809156,0.5847370229087281,0.4169992096049841,0.26397039903759234,0.057125139477895805,0.6759259259259259,0.8418230563002681,0.7349882957971491,,0.609040956845529,10,-0.07570762351219562
WC-1999,1999 FIFA Women's World Cup,T-41,Italy,ITA,group stage,1999,1999-06-19,1999-07-10,United States,United States,16,1,Italian Football Association,Europe,Union of European Football Associations,UEFA,0,0,,3,1,1,1,3,3,0,0,0,,,,ITA,0,0.837,79.204,15.09480953,8.622774688,41418.66666,0.189,0.727,22049.9990620261,5.56620309176568,2000.0,1999.0,0.956,56.945068,67.1102142532851,,6,4,9,0.4666666666666667,0.7711267605633803,0.8572191289756692,0.5555357655255442,0.52688815646999,0.41639669763186604,0.21524796771601362,0.03981124213322613,0.712962962962963,0.7587131367292226,0.5555723893569423,,0.5409474208064817,10,-0.07428075413981505
WC-1999,1999 FIFA Women's World Cup,T-51,North Korea,PRK,group stage,1999,1999-06-19,1999-07-10,United States,United States,16,1,Democratic People's Republic of Korea Football Association,East Asia,Asian Football Confederation,AFC,0,0,,3,1,0,2,4,6,0,0,-2,,,,PRK,0,,60.798,,,,,,,100.234645477663,2000.0,1999.0,,23.2044975,59.358324499188,,6,3,10,0.4,,0.38926601072890454,,,,,0.016075535211179867,,,0.4483595594149039,,0.2845670351183294,3,0.1154329648816706
WC-1999,1999 FIFA Women's World Cup,T-04,Australia,AUS,group stage,1999,1999-06-19,1999-07-10,United States,United States,16,1,Football Australia,Oceania,Asian Football Confederation,AFC,0,0,,3,0,1,2,3,7,0,0,-4,,,,AUS,0,0.894,79.285,20.61533271,11.29788075,36929.69602,0.156,0.674,20749.6443779096,6.19237808174438,2000.0,1999.0,0.966,18.8008915,85.1245230581889,,6,1,11,0.33333333333333337,0.8714788732394367,0.8592784684615972,0.7666051748648073,0.8472446121643846,0.36954161526520957,0.20235883553437178,0.012977700768334141,0.7438271604938272,0.8029490616621984,0.8047200278927888,,0.6280981530346955,10,-0.29476481970136215
WC-1999,1999 FIFA Women's World Cup,T-12,Canada,CAN,group stage,1999,1999-06-19,1999-07-10,United States,United States,16,1,Canadian Soccer Association,North America,"Confederation of North, Central American and Caribbean Association Football",CONCACAF,0,0,,3,0,1,2,3,12,0,0,-9,,,,CAN,0,0.884,78.885,15.80797958,12.30994835,38390.1943,0.157,0.684,22315.2466731545,6.22855252659155,2000.0,1999.0,0.979,30.3997775,78.4439309329358,,6,1,12,0.2666666666666667,0.8538732394366197,0.8491088907533118,0.8464586481823098,0.5682734784903921,0.384786038250734,0.21787710541394983,0.021137247410209253,0.7839506172839508,0.8016085790884718,0.7123238238499844,,0.6039397668159934,10,-0.33727310014932665
WC-1999,1999 FIFA Women's World Cup,T-32,Ghana,GHA,group stage,1999,1999-06-19,1999-07-10,United States,United States,16,1,Ghana Football Association,Africa,Confederation of African Football,CAF,0,0,,3,0,1,2,1,10,0,0,-9,,,,GHA,0,0.494,58.03,6.83728981,6.768874002,2667.123059,0.606,0.483,403.037326127273,100.167390766629,2000.0,1999.0,0.868,19.1767915,43.2178251472243,,6,1,13,0.19999999999999996,0.16725352112676053,0.31889253298756776,0.40926054738517476,0.04770354586832449,0.011914932685429697,0.0006830074378795187,0.013242137679144443,0.44135802469135815,0.1997319034852547,0.22512771955455732,,0.18351678729014514,10,0.01648321270985481
WC-1999,1999 FIFA Women's World Cup,T-44,Japan,JPN,group stage,1999,1999-06-19,1999-07-10,United States,United States,16,1,Japan Football Association,East Asia,Asian Football Confederation,AFC,0,0,,3,0,1,2,1,10,0,0,-9,,,,JPN,0,0.878,80.608,14.95662022,12.04061971,35858.51421,0.157,0.755,36610.1683163197,4.50252057826217,2000.0,1999.0,0.957,126.555063,78.448341899402,,6,1,14,0.1333333333333333,0.8433098591549296,0.8929143467317522,0.8252082619750255,0.5188690184058956,0.35836080880370547,0.3595685507061649,0.0887802552732116,0.7160493827160495,0.8016085790884718,0.7123848299030401,,0.6117053892758246,10,-0.4783720559424913
WC-1999,1999 FIFA Women's World Cup,T-22,Denmark,DNK,group stage,1999,1999-06-19,1999-07-10,United States,United States,16,1,Danish Football Association,Europe,Union of European Football Associations,UEFA,0,0,,3,0,0,3,1,8,0,0,-7,,,,DNK,0,0.888,76.576,16.43011093,12.3073101,46826.20887,0.077,0.729,33426.2381077405,5.6340143335809,2000.0,1999.0,0.985,5.319854,85.0999984741211,,6,0,15,0.06666666666666665,0.8609154929577465,0.7904050034322324,0.8462504867650488,0.6043758165775531,0.4728396677402028,0.3280093939493434,0.003494104303801472,0.8024691358024693,0.9088471849865952,0.8043808396245771,,0.642198712613957,10,-0.5755320459472903
WC-1999,1999 FIFA Women's World Cup,T-46,Mexico,MEX,group stage,1999,1999-06-19,1999-07-10,United States,United States,16,1,Mexican Football Federation,North America,"Confederation of North, Central American and Caribbean Association Football",CONCACAF,0,0,,3,0,0,3,1,15,0,0,-14,,,,MEX,0,0.704,73.225,11.84465981,6.592918015,16998.5177,0.455,0.657,6499.97182950425,28.0919890856832,2000.0,1999.0,0.928,96.33481,74.5904740522037,,6,0,16,0.0,0.5369718309859154,0.7052093661810693,0.3953773870973054,0.3382816764632657,0.16150349767838626,0.06111589984540831,0.06752100986957833,0.6265432098765435,0.40214477211796246,0.659028430036553,,0.3953697080151987,10,-0.3953697080151987
WC-2002,2002 FIFA Men's World Cup,T-09,Brazil,BRA,final,2002,2002-05-31,2002-06-30,"Korea, Japan",Brazil,32,0,Brazilian Football Confederation,South America,South American Football Confederation,CONMEBOL,0,1,1.0,7,7,0,0,18,4,0,0,14,7.0,1.0,1.0,BRA,0,0.678,70.41,13.47663227,5.626596931,11360.43717,0.495,0.64,2855.94017137049,34.4505214787492,2000.0,2002.0,0.996,180.4766855,81.9943491502673,,1,21,1,1.0,0.4911971830985916,0.633640963059009,0.31913337444702994,0.43298518481380244,0.10265420932060097,0.024996211663806403,0.12671286309385338,0.8364197530864199,0.3485254691689008,0.761428028970638,,0.40776932407226524,10,0.5922306759277347
WC-2002,2002 FIFA Men's World Cup,T-31,Germany,DEU,final,2002,2002-05-31,2002-06-30,"Korea, Japan",Brazil,32,0,Germany Football Association,Europe,Union of European Football Associations,UEFA,0,0,2.0,7,5,1,1,14,3,0,0,11,17.0,0.0,1.0,DEU,0,0.902,78.483,16.30664581,13.11012844,42954.18607,0.121,0.767,25486.5942008748,5.3549718459197,2000.0,2002.0,0.95,81.4434265,80.1213973750556,,1,16,2,0.967741935483871,0.8855633802816902,0.8388884651564846,0.9095939164845571,0.5972111245809001,0.43242417791655546,0.24931154247792844,0.057045267782769346,0.6944444444444444,0.8498659517426274,0.7355240924422217,,0.6249872363310179,10,0.34275469915285306
WC-2002,2002 FIFA Men's World Cup,T-80,Turkey,TUR,third-place match,2002,2002-05-31,2002-06-30,"Korea, Japan",Brazil,32,0,Turkish Football Association,"Europe, Asia",Union of European Football Associations,UEFA,0,0,3.0,7,4,1,2,10,6,1,0,4,18.0,1.0,2.0,TUR,0,0.685,72.579,12.10737991,5.653287406,14903.61525,0.513,0.65,3591.08628982587,37.4278870762922,2000.0,2002.0,0.852,65.9886625,60.7385342729423,25.9334297180176,2,13,3,0.935483870967742,0.5035211267605635,0.6887854981821879,0.3212392882548072,0.3535273474497748,0.1396372760617396,0.032282989347873554,0.04617320061207964,0.3919753086419754,0.32439678284182305,0.46744860743440775,0.19957082887917177,0.315323477678764,11,0.620160393288978
WC-2002,2002 FIFA Men's World Cup,T-71,South Korea,KOR,third-place match,2002,2002-05-31,2002-06-30,"Korea, Japan",Brazil,32,0,Korea Football Association,East Asia,Asian Football Confederation,AFC,1,0,4.0,7,4,1,2,8,6,2,1,2,14.0,0.0,0.0,KOR,0,0.841,77.543,15.80494022,10.87050209,25490.7206,0.162,0.717,13642.9424537101,7.54817757512849,2000.0,2002.0,0.929,47.320668,80.2766294544335,80.7160491943359,2,13,4,0.9032258064516129,0.778169014084507,0.8149899575420133,0.7328844328681464,0.568097104156759,0.2501436110282608,0.13191711559796013,0.033040700488100656,0.62962962962963,0.7949061662198391,0.7376710360980053,0.6673201227053549,0.5580698991289615,11,0.34515590732265133
WC-2002,2002 FIFA Men's World Cup,T-73,Spain,ESP,quarter-finals,2002,2002-05-31,2002-06-30,"Korea, Japan",Brazil,32,0,Royal Spanish Football Federation,Europe,Union of European Football Associations,UEFA,0,0,,5,4,0,1,10,5,2,2,5,7.0,0.0,0.0,ESP,0,0.838,79.824,15.97021961,8.241882838,35928.42931,0.131,0.731,17111.0685058941,5.42372074559108,2000.0,2002.0,0.97,41.477655,76.4934217249538,63.7400817871094,3,12,5,0.8709677419354839,0.772887323943662,0.8729819744235121,0.52548289437264,0.5776882819950396,0.3590905702639348,0.16629322517422276,0.02893027668510935,0.756172839506173,0.8364611260053619,0.6853472260590744,0.522374575328252,0.5548827557960894,11,0.3160849861393945
WC-2002,2002 FIFA Men's World Cup,T-28,England,ENG,quarter-finals,2002,2002-05-31,2002-06-30,"Korea, Japan",Brazil,32,0,The Football Association,Europe,Union of European Football Associations,UEFA,0,0,,5,2,2,1,6,3,0,0,3,6.0,0.0,0.0,GBR,1,0.874,78.241,16.12589073,11.20662453,40516.76466,0.211,0.749,30158.7017807858,6.54599490555629,2000.0,2002.0,0.975,59.35569,80.1146062677742,61.1282196044922,3,8,6,0.8387096774193549,0.8362676056338029,0.8327358706429717,0.7594049383106225,0.586721891062718,0.4069828039164346,0.2956215322829318,0.04150705866637684,0.771604938271605,0.7292225201072386,0.7354301677537685,0.5000737670943809,0.5905066448857137,11,0.24820303253364118
WC-2002,2002 FIFA Men's World Cup,T-65,Senegal,SEN,quarter-finals,2002,2002-05-31,2002-06-30,"Korea, Japan",Brazil,32,0,Senegalese Football Federation,Africa,Confederation of African Football,CAF,0,0,,5,2,2,1,7,6,2,0,1,14.0,1.0,1.0,SEN,0,0.399,58.231,6.042772102,1.581881843,2574.260476,,0.391,669.430447319209,129.289221154307,2000.0,2002.0,,10.1809495,41.1081471561292,,3,8,7,0.8064516129032258,0.0,0.3240027457859813,0.0,0.0015976119518738747,0.010945649452326288,0.0033234994461471424,0.006913771973856961,,,0.19594973136500707,,0.06784162624689907,8,0.7386099866563267
WC-2002,2002 FIFA Men's World Cup,T-83,United States,USA,quarter-finals,2002,2002-05-31,2002-06-30,"Korea, Japan",Brazil,32,0,United States Soccer Federation,North America,"Confederation of North, Central American and Caribbean Association Football",CONCACAF,0,0,,5,2,1,2,7,7,0,0,0,14.0,0.0,0.0,USA,0,0.896,77.001,15.84970045,12.89410782,51034.1654,0.267,0.666,37997.7596573051,8.44940974508615,2000.0,2002.0,0.991,288.350252,79.5461039768657,,3,7,8,0.7741935483870968,0.8750000000000001,0.8012101797472863,0.8925496036192897,0.5706945443216358,0.5167615744801541,0.37332237374115773,0.20259940920545128,0.8209876543209879,0.6541554959785523,0.727567473446923,,0.6434848308861438,10,0.13070871750095292
WC-2002,2002 FIFA Men's World Cup,T-44,Japan,JPN,round of 16,2002,2002-05-31,2002-06-30,"Korea, Japan",Brazil,32,0,Japan Football Association,East Asia,Asian Football Confederation,AFC,1,0,,4,2,1,1,5,3,0,0,2,6.0,0.0,0.0,JPN,0,0.888,81.795,15.05063793,12.17405968,36856.18098,0.158,0.762,32820.7936433254,4.50252057826217,2000.0,2002.0,0.959,127.3017505,80.5469860733981,,4,7,9,0.7419354838709677,0.8609154929577465,0.9230925685810899,0.835736852242991,0.5243248745568526,0.3687742782673476,0.32200822071114216,0.08930553256994123,0.7222222222222223,0.8002680965147453,0.7414102144315771,,0.6188058353055655,10,0.1231296485654022
WC-2002,2002 FIFA Men's World Cup,T-22,Denmark,DNK,round of 16,2002,2002-05-31,2002-06-30,"Korea, Japan",Brazil,32,0,Danish Football Association,Europe,Union of European Football Associations,UEFA,0,0,,4,2,1,1,5,5,0,0,0,9.0,0.0,0.0,DNK,0,0.896,77.097,16.20438957,12.80108762,48619.96452,0.062,0.747,33257.1622586509,5.6340143335809,2000.0,2002.0,0.987,5.378697,85.3000030517578,64.2234725952148,4,7,10,0.7096774193548387,0.8750000000000001,0.8036508783972746,0.8852101867081182,0.5912771857944977,0.49156257226924766,0.3263335119809404,0.00353549898627769,0.8086419753086421,0.9289544235924934,0.8071470111582293,0.5265019009525974,0.6407104677407562,11,0.0689669516140825
WC-2002,2002 FIFA Men's World Cup,T-46,Mexico,MEX,round of 16,2002,2002-05-31,2002-06-30,"Korea, Japan",Brazil,32,0,Mexican Football Federation,North America,"Confederation of North, Central American and Caribbean Association Football",CONCACAF,0,0,,4,2,1,1,4,4,0,0,0,8.0,1.0,1.0,MEX,0,0.719,74.106,12.33232975,6.975919962,17028.0568,0.46,0.67,7983.03398381759,28.0919890856832,2000.0,2002.0,0.93,100.917081,75.6840752828994,22.3153591156006,4,7,11,0.6774193548387097,0.5633802816901408,0.7276078610835685,0.4255967476966526,0.3665812068579733,0.1618118215848079,0.07581603079738981,0.07074453098619346,0.6327160493827163,0.39544235924932974,0.6741535268181491,0.16867873234433187,0.38750264986284116,11,0.2899167049758686
WC-2002,2002 FIFA Men's World Cup,T-60,Republic of Ireland,IRL,round of 16,2002,2002-05-31,2002-06-30,"Korea, Japan",Brazil,32,0,Football Association of Ireland,Europe,Union of European Football Associations,UEFA,0,0,,4,1,2,1,6,3,1,1,3,4.0,0.0,0.0,IRL,0,0.868,77.6,16.80606079,10.06521541,44194.06603,0.203,0.667,32705.4345565698,7.16125045219765,2000.0,2002.0,0.983,3.8942575,59.6367259990731,53.5348014831543,4,5,12,0.6451612903225806,0.8257042253521127,0.8164391223654438,0.6693462478552876,0.6261922207011209,0.445365825859828,0.32086477997477364,0.002491230309329596,0.7962962962962964,0.739946380697051,0.4522100028047901,0.43523904400272323,0.5572813978380688,11,0.08787989248451178
WC-2002,2002 FIFA Men's World Cup,T-74,Sweden,SWE,round of 16,2002,2002-05-31,2002-06-30,"Korea, Japan",Brazil,32,0,Swedish Football Association,Europe,Union of European Football Associations,UEFA,0,0,,4,1,2,1,5,5,1,0,0,6.0,0.0,0.0,SWE,0,0.909,79.935,18.55690002,11.81232198,41993.52131,0.054,0.798,29957.7776664916,4.09662966290807,2000.0,2002.0,0.988,8.926012,84.1342508376823,74.7414321899414,4,5,13,0.6129032258064516,0.8978873239436621,0.8758040322375615,0.8071952688795037,0.7277935783850321,0.42239692889526437,0.2936299699044129,0.006030952618283663,0.8117283950617286,0.9396782841823056,0.7910240272347062,0.6163071753252921,0.6535887215152503,11,-0.04068549570879865
WC-2002,2002 FIFA Men's World Cup,T-06,Belgium,BEL,round of 16,2002,2002-05-31,2002-06-30,"Korea, Japan",Brazil,32,0,Royal Belgian Football Association,Europe,Union of European Football Associations,UEFA,0,0,,4,1,2,1,6,7,0,0,-1,6.0,0.0,0.0,BEL,0,0.891,78.167,18.48284912,10.73827952,44672.89821,0.131,0.739,25006.191397109,5.87522427743049,2000.0,2002.0,0.967,10.3555685,82.6509663267055,58.1100807189941,4,5,14,0.5806451612903225,0.8661971830985916,0.8308544987669388,0.7224518970716576,0.7234963980107293,0.45036379154794964,0.24454978377178305,0.007036612380690651,0.7469135802469137,0.8364611260053619,0.7705093998244072,0.47430405498758116,0.6066489387011459,11,-0.02600377741082338
WC-2002,2002 FIFA Men's World Cup,T-41,Italy,ITA,round of 16,2002,2002-05-31,2002-06-30,"Korea, Japan",Brazil,32,0,Italian Football Association,Europe,Union of European Football Associations,UEFA,0,0,,4,1,1,2,5,5,1,0,0,11.0,0.0,1.0,ITA,0,0.854,80.114,15.64842033,8.94881773,43716.5535,0.187,0.739,22451.3964379368,5.56620309176568,2000.0,2002.0,0.956,57.107577,67.3538786566538,56.3153915405273,4,4,15,0.5483870967741935,0.801056338028169,0.8803549182620194,0.5812609931236852,0.5590142408897892,0.4403816344452322,0.219226623615571,0.03992556343660169,0.712962962962963,0.7613941018766757,0.5589423999053367,0.45898049791984685,0.5466818431332626,11,0.0017052536409308816
WC-2002,2002 FIFA Men's World Cup,T-55,Paraguay,PRY,round of 16,2002,2002-05-31,2002-06-30,"Korea, Japan",Brazil,32,0,Paraguayan Football Association,South America,South American Football Confederation,CONMEBOL,0,0,,4,1,1,2,6,7,0,0,-1,10.0,1.0,2.0,PRY,0,0.669,70.025,13.07223988,6.891905438,7743.154975,0.55,0.647,1367.76506935997,33.6354249078544,2000.0,2002.0,0.932,5.2865125,58.3089732866691,28.3164596557617,4,4,16,0.5161290322580645,0.4753521126760564,0.6238527445147842,0.4189678905427267,0.40951825812114334,0.06489765692083636,0.01024540110916591,0.0034706493336983013,0.6388888888888892,0.274798927613941,0.43384646432892193,0.21991780354379706,0.32488698159945095,11,0.19124205065861355
WC-2002,2002 FIFA Men's World Cup,T-70,South Africa,ZAF,group stage,2002,2002-05-31,2002-06-30,"Korea, Japan",Brazil,32,0,South African Football Associaiton,Africa,Confederation of African Football,CAF,0,0,,3,1,1,1,5,5,0,0,0,10.0,0.0,0.0,ZAF,0,0.633,55.666,13.32774787,8.52159977,10859.54095,0.456,0.587,2688.23676032806,71.0658259726498,2000.0,2002.0,0.978,47.6615145,57.6723587528482,,6,4,17,0.4838709677419355,0.4119718309859155,0.25879032873159935,0.5475529305697434,0.42434540971694534,0.09742594308154025,0.02333393331879724,0.03328047807660958,0.7808641975308643,0.4008042895442359,0.42504174084622576,,0.3403411082402477,10,0.14352985950168778
WC-2002,2002 FIFA Men's World Cup,T-03,Argentina,ARG,group stage,2002,2002-05-31,2002-06-30,"Korea, Japan",Brazil,32,0,Argentine Football Association,South America,South American Football Confederation,CONMEBOL,0,0,,3,1,1,1,2,2,0,0,0,6.0,1.0,1.0,ARG,0,0.785,74.408,16.39250946,9.391139984,14647.64818,0.397,0.739,2569.69963519124,19.3566209323244,2000.0,2002.0,0.995,37.885028,89.5616701920513,61.7228813171387,6,4,18,0.4516129032258065,0.6795774647887325,0.7352858922533243,0.616160804467835,0.6021937998980942,0.13696553701289568,0.022158991825539688,0.026402947114548877,0.8333333333333335,0.47989276139410186,0.8660881737489862,0.5051511547551901,0.5002918964175074,11,-0.04867899319170088
WC-2002,2002 FIFA Men's World Cup,T-17,Costa Rica,CRI,group stage,2002,2002-05-31,2002-06-30,"Korea, Japan",Brazil,32,0,Costa Rican Football Federation,Central America,"Confederation of North, Central American and Caribbean Association Football",CONCACAF,0,0,,3,1,1,1,5,6,0,0,-1,6.0,0.0,0.0,CRI,0,0.721,77.983,11.76449013,7.485752501,12399.23685,0.366,0.691,4067.71851429092,13.1113050196529,2000.0,2002.0,0.954,4.122623,61.2787633575946,,6,4,19,0.4193548387096774,0.5669014084507042,0.8261764930211275,0.4658232098909082,0.3336294227363003,0.11349701683088942,0.037007374023992894,0.0026518801293765495,0.7067901234567902,0.5214477211796247,0.47492026799975023,,0.4048844917719464,10,0.014470346937730971
WC-2002,2002 FIFA Men's World Cup,T-11,Cameroon,CMR,group stage,2002,2002-05-31,2002-06-30,"Korea, Japan",Brazil,32,0,Cameroonian Football Federation,Africa,Confederation of African Football,CAF,0,0,,3,1,1,1,2,3,0,0,-1,9.0,0.0,1.0,CMR,0,0.445,53.415,8.403800011,3.136522721,2883.257535,0.647,0.439,789.623811072554,144.44860697042,2000.0,2002.0,0.852,15.914033,47.2589242513436,5.15587997436523,6,4,20,0.3870967741935484,0.08098591549295772,0.20156103017822183,0.12266322315789117,0.13860827345276214,0.014170906156277379,0.00451485759765454,0.01094686292931722,0.3919753086419754,0.14477211796246647,0.2810183068529482,0.022166310567793276,0.12848937390820592,11,0.25860740028534246
WC-2002,2002 FIFA Men's World Cup,T-58,Portugal,PRT,group stage,2002,2002-05-31,2002-06-30,"Korea, Japan",Brazil,32,0,Portuguese Football Federation,Europe,Union of European Football Associations,UEFA,0,0,,3,1,0,2,6,4,0,0,2,7.0,1.0,2.0,PRT,0,0.8,77.368,15.79640704,6.96269989,30370.75807,0.186,0.693,12936.6928204482,7.15194757001429,2000.0,2002.0,0.984,10.4309135,55.789299869679,,6,3,21,0.3548387096774194,0.7059859154929579,0.8105407672946381,0.42455366651639603,0.5676019229553637,0.3010805798673396,0.12491676024296443,0.007089615836516675,0.7993827160493828,0.7627345844504021,0.398998017545677,,0.4902884546251638,10,-0.13544974494774442
WC-2002,2002 FIFA Men's World Cup,T-62,Russia,RUS,group stage,2002,2002-05-31,2002-06-30,"Korea, Japan",Brazil,32,0,Russian Football Union,"Europe, Asia",Union of European Football Associations,UEFA,0,0,,3,1,0,2,4,4,0,0,0,9.0,0.0,0.0,RUS,0,0.749,65.14,13.78628254,12.17868996,15886.59375,0.38,0.676,2377.52954101563,19.3834909923237,2000.0,2002.0,,145.5901365,73.2929008030615,65.0104217529297,6,3,22,0.32258064516129037,0.6161971830985916,0.49965677675234543,0.8361021874641092,0.4509542177781768,0.14989743195844918,0.020254199405869304,0.10217098693957774,,0.5026809651474531,0.6410822898680743,0.5332210924829947,0.4352217330895642,10,-0.11264108792827382
WC-2002,2002 FIFA Men's World Cup,T-18,Croatia,HRV,group stage,2002,2002-05-31,2002-06-30,"Korea, Japan",Brazil,32,0,Croatian Football Federation,Europe,Union of European Football Associations,UEFA,0,0,,3,1,0,2,2,3,0,0,-1,3.0,1.0,1.0,HRV,0,0.785,74.736,13.66327,10.04897003,20435.93984,0.189,0.726,6219.58164143945,8.33978934856649,2000.0,2002.0,0.96,4.4828685,55.6745468592554,39.1618309020996,6,3,23,0.29032258064516125,0.6795774647887325,0.7436249459741187,0.66806446586922,0.44381578903955043,0.1973827026042328,0.05833666873212319,0.002905304463383766,0.7253086419753088,0.7587131367292226,0.3974109213172535,0.31251860997201636,0.4534235137695602,11,-0.16310093312439894
WC-2002,2002 FIFA Men's World Cup,T-25,Ecuador,ECU,group stage,2002,2002-05-31,2002-06-30,"Korea, Japan",Brazil,32,0,Ecuadorian Football Federation,South America,South American Football Confederation,CONMEBOL,0,0,,3,1,0,2,2,4,0,0,-2,9.0,0.0,0.0,ECU,0,0.697,73.613,13.21344843,7.433897523,8236.865838,0.493,0.669,2059.1585535974,29.6484766200013,2000.0,2002.0,,13.0706085,61.2871268050958,,6,3,24,0.25806451612903225,0.5246478873239436,0.7150738565581065,0.4617317834860883,0.41771260295346496,0.07005092367313974,0.017098502125921834,0.008946579899515873,,0.3512064343163539,0.47503593900425617,,0.3379449454823101,9,-0.07988042935327783
WC-2002,2002 FIFA Men's World Cup,T-57,Poland,POL,group stage,2002,2002-05-31,2002-06-30,"Korea, Japan",Brazil,32,0,Polish Football Association,Europe,Union of European Football Associations,UEFA,0,0,,3,1,0,2,3,7,0,0,-4,9.0,0.0,0.0,POL,0,0.809,74.583,15.62158966,11.45400047,16675.92362,0.162,0.731,5223.45178967082,9.33731422715587,2000.0,2002.0,0.993,38.6474765,61.7581534555696,59.5361404418945,6,3,25,0.22580645161290325,0.7218309859154931,0.7397350825006992,0.7789232274290392,0.5574572547011893,0.15813631767174766,0.04846301696129998,0.026939311908355607,0.8271604938271606,0.7949061662198391,0.48155049245862186,0.4864801508865547,0.511052954589091,11,-0.2852465029761877
WC-2002,2002 FIFA Men's World Cup,T-84,Uruguay,URY,group stage,2002,2002-05-31,2002-06-30,"Korea, Japan",Brazil,32,0,Uruguayan Football Association,South America,South American Football Confederation,CONMEBOL,0,0,,3,0,2,1,4,5,0,0,-1,10.0,0.0,0.0,URY,0,0.765,75.54,15.13469982,8.737585749,13112.05779,0.368,0.695,4149.76140312687,17.002095042035,2000.0,2002.0,1.01,3.306441,91.4886084712534,39.5832290649414,6,2,26,0.19354838709677424,0.6443661971830986,0.7640657971677729,0.5645945102142564,0.5292029935795086,0.12093731585150799,0.03782058418248806,0.002077715067554327,0.8796296296296299,0.5187667560321716,0.892738772840351,0.3161166250901892,0.4791197178944117,11,-0.28557133079763747
WC-2002,2002 FIFA Men's World Cup,T-50,Nigeria,NGA,group stage,2002,2002-05-31,2002-06-30,"Korea, Japan",Brazil,32,0,Nigeria Football Federation,Africa,Confederation of African Football,CAF,0,0,,3,0,1,2,1,3,0,0,-2,2.0,0.0,0.0,NGA,0,,47.928,8.028120041,,3167.527447,,,712.164852077686,182.310259129257,2000.0,2002.0,,129.5830255,44.9793025536893,,6,1,27,0.16129032258064513,,0.06205984796481316,,0.11680753107012141,0.01713806526897814,0.003747083410094663,0.09091035649574268,,,0.2494899052430548,,0.09002546490880081,6,0.07126485767184432
WC-2002,2002 FIFA Men's World Cup,T-30,France,FRA,group stage,2002,2002-05-31,2002-06-30,"Korea, Japan",Brazil,32,0,French Football Association,Europe,Union of European Football Associations,UEFA,0,0,,3,0,1,2,0,3,0,0,-3,3.0,1.0,1.0,FRA,0,0.85,79.413,14.78316021,9.854275499,40801.58053,0.175,0.753,24144.5727019529,5.37918425539061,2000.0,2002.0,0.981,59.372786,77.2543866607525,50.2516899108887,6,1,28,0.12903225806451613,0.7940140845070423,0.8625327333282486,0.6527028096554728,0.5088031184546677,0.4099556616422719,0.23600940829754377,0.04151908530491691,0.7901234567901236,0.7774798927613942,0.6958717828886551,0.40720692114770624,0.5614744504343675,11,-0.4324421923698514
WC-2002,2002 FIFA Men's World Cup,T-79,Tunisia,TUN,group stage,2002,2002-05-31,2002-06-30,"Korea, Japan",Brazil,32,0,Tunisian Football Federation,Africa,Confederation of African Football,CAF,0,0,,3,0,1,2,1,5,0,0,-4,8.0,0.0,0.0,TUN,0,0.663,74.059,12.9030304,5.29522625,7651.933763,0.368,0.635,2320.7723805785,29.184614609627,2000.0,2002.0,0.854,10.094561,64.2822554892505,22.0570907592773,6,1,29,0.09677419354838712,0.46478873239436624,0.726412935702845,0.2929877890795742,0.39969901680737147,0.06394550602821074,0.01969162170913431,0.006852999672528055,0.3981481481481482,0.5187667560321716,0.5164601894070796,0.1664735650404921,0.3249297509110838,11,-0.22815555736269666
WC-2002,2002 FIFA Men's World Cup,T-69,Slovenia,SVN,group stage,2002,2002-05-31,2002-06-30,"Korea, Japan",Brazil,32,0,Football Association of Slovenia,Europe,Union of European Football Associations,UEFA,0,0,,3,0,0,3,2,7,0,0,-5,10.0,1.0,1.0,SVN,0,0.849,76.79,16.24087906,11.16546396,27887.82632,0.132,0.724,11639.1297780477,5.4454222218647,2000.0,2002.0,0.992,1.983767,50.7744556266555,66.6545715332031,6,0,30,0.06451612903225812,0.7922535211267605,0.7958457275061656,0.7561573148532288,0.5933946741747379,0.2751641769796976,0.11205529884954742,0.0011472446590172034,0.8240740740740742,0.8351206434316354,0.3296400080707716,0.5472593021564076,0.5329192714438222,11,-0.4684031424115641
WC-2002,2002 FIFA Men's World Cup,T-14,China,CHN,group stage,2002,2002-05-31,2002-06-30,"Korea, Japan",Brazil,32,0,Chinese Football Association,East Asia,Asian Football Confederation,AFC,0,0,,3,0,0,3,0,9,0,0,-9,5.0,1.0,1.0,CHN,0,0.608,72.985,10.5064764,6.088135815,3988.393541,0.281,0.575,1163.55957673426,36.7157122561846,2000.0,2002.0,0.907,1280.926121,39.0897827148438,11.8050804138184,6,0,31,0.032258064516129004,0.3679577464788732,0.699107619556098,0.35554940333530166,0.26062677305669424,0.025706120516130648,0.008221313666855244,0.9008534569394511,0.5617283950617287,0.6353887399463807,0.1680346589802098,0.07893903957918058,0.3692830242833549,11,-0.3370249597672259
WC-2002,2002 FIFA Men's World Cup,T-63,Saudi Arabia,SAU,group stage,2002,2002-05-31,2002-06-30,"Korea, Japan",Brazil,32,0,Saudi Arabian Football Association,Middle East,Asian Football Confederation,AFC,0,0,,3,0,0,3,0,12,0,0,-12,3.0,0.0,0.0,SAU,0,0.756,73.337,12.66614374,7.0963099,37209.65292,,0.632,10586.0543471363,22.0961626362377,2000.0,2002.0,0.832,22.623415,80.3438134074234,25.1049709320068,6,0,32,0.0,0.6285211267605634,0.7080568479393895,0.4350956731654442,0.38595246266304434,0.37246375592073716,0.10161720177338046,0.015666757181847794,0.33024691358024694,,0.7386002265219187,0.19249721655787405,0.3908718182064447,10,-0.3908718182064447
WC-2003,2003 FIFA Women's World Cup,T-31,Germany,DEU,final,2003,2003-09-20,2003-10-12,United States,Germany,16,1,Germany Football Association,Europe,Union of European Football Associations,UEFA,0,1,1.0,6,6,0,0,25,4,1,0,21,4.0,0.0,0.0,DEU,0,0.906,78.544,16.37829888,13.45519401,42647.12655,0.114,0.764,30711.1022511331,5.3549718459197,2000.0,2003.0,0.954,81.3468095,80.1373116303862,,1,18,1,1.0,0.892605633802817,0.840439325756998,0.9368200467220863,0.6013691586650577,0.4292191449023351,0.30109693277671706,0.05697729996948986,0.7067901234567902,0.8592493297587132,0.7357441952048432,,0.6360311191015847,10,0.3639688808984153
WC-2003,2003 FIFA Women's World Cup,T-74,Sweden,SWE,final,2003,2003-09-20,2003-10-12,United States,Germany,16,1,Swedish Football Association,Europe,Union of European Football Associations,UEFA,0,0,2.0,6,4,0,2,10,7,1,0,3,5.0,0.0,0.0,SWE,0,0.914,80.195,18.55674934,11.99555079,43404.36197,0.049,0.793,37292.2419727801,4.09662966290807,2000.0,2003.0,0.989,8.9615065,84.1954289653543,80.4902877807617,1,12,2,0.9333333333333333,0.9066901408450705,0.882414257747947,0.8216522645291349,0.727784834411106,0.43712303441742656,0.36632927347135946,0.006055922173832363,0.814814814814815,0.9463806970509383,0.7918701538446471,0.665392508750747,0.6696825365506386,11,0.26365079678269476
WC-2003,2003 FIFA Women's World Cup,T-83,United States,USA,third-place match,2003,2003-09-20,2003-10-12,United States,Germany,16,1,United States Soccer Federation,North America,"Confederation of North, Central American and Caribbean Association Football",CONCACAF,1,0,3.0,6,5,0,1,15,5,0,0,10,4.0,0.0,0.0,USA,0,0.898,77.154,15.93583393,12.85935879,52059.14826,0.263,0.664,39490.2749557007,8.44940974508615,2000.0,2003.0,0.988,291.1098205,79.7773350255284,,2,15,3,0.8666666666666667,0.8785211267605635,0.8051000432207053,0.8898078591548744,0.5756928778979516,0.5274601644646303,0.38811620437761507,0.20454070148879636,0.8117283950617286,0.6595174262734584,0.7307655239718922,,0.6471250322672215,10,0.21954163439944518
WC-2003,2003 FIFA Women's World Cup,T-12,Canada,CAN,third-place match,2003,2003-09-20,2003-10-12,United States,Germany,16,1,Canadian Soccer Association,North America,"Confederation of North, Central American and Caribbean Association Football",CONCACAF,0,0,4.0,6,3,0,3,10,10,0,0,0,11.0,0.0,0.0,CAN,0,0.897,79.74,15.52014133,12.9216341,41763.10688,0.14,0.683,28301.8645937428,6.22855252659155,2000.0,2003.0,0.979,31.61945,79.391380674239,,2,9,4,0.8,0.8767605633802817,0.870846363104772,0.8947214635479249,0.5515701990046104,0.41999190378774526,0.2772165384486181,0.021995258658148276,0.7839506172839508,0.824396782841823,0.725427566448914,,0.6246877256506789,10,0.17531227434932117
WC-2003,2003 FIFA Women's World Cup,T-09,Brazil,BRA,quarter-final,2003,2003-09-20,2003-10-12,United States,Germany,16,1,Brazilian Football Confederation,South America,South American Football Confederation,CONMEBOL,0,0,,4,2,1,1,9,4,0,0,5,5.0,0.0,0.0,BRA,0,0.682,70.72,13.52351815,5.803568365,11374.19849,0.471,0.644,3090.6068907839,34.4505214787492,2000.0,2003.0,0.995,182.629278,82.3540335841671,,3,7,5,0.7333333333333334,0.4982394366197184,0.6415223857829304,0.3330966548473502,0.43570597663899185,0.10279784754721988,0.02732223117378858,0.12822716187260685,0.8333333333333335,0.38069705093833783,0.7664026593211426,,0.4147344738075421,10,0.3185988595257913
WC-2003,2003 FIFA Women's World Cup,T-14,China,CHN,quarter-final,2003,2003-09-20,2003-10-12,United States,Germany,16,1,Chinese Football Association,East Asia,Asian Football Confederation,AFC,0,0,,4,2,1,1,3,2,0,0,1,2.0,0.0,0.0,CHN,0,0.619,73.371,10.85249233,6.167928839,4376.641403,0.268,0.582,1306.97245408557,36.7157122561846,2000.0,2003.0,0.914,1288.873367,40.5302314758301,14.513970375061,3,7,6,0.6666666666666667,0.3873239436619718,0.7089212620445936,0.36184517855121295,0.2807061085352928,0.029758583098663437,0.00964282393271515,0.9064441597372418,0.5833333333333336,0.6528150134048257,0.18795684478918895,0.10206829806547481,0.38280141355950126,11,0.2838652531071655
WC-2003,2003 FIFA Women's World Cup,T-53,Norway,NOR,quarter-final,2003,2003-09-20,2003-10-12,United States,Germany,16,1,Norwegian Football Federation,Europe,Union of European Football Associations,UEFA,0,0,,4,2,0,2,10,6,0,0,4,7.0,0.0,0.0,NOR,0,0.923,79.529,17.42193985,12.15225438,59398.65321,0.077,0.769,50250.3298214345,4.85740011098321,2000.0,2003.0,0.989,4.5651675,77.2600021362305,77.970588684082,3,6,7,0.6,0.9225352112676057,0.8654819108636514,0.8340163852092375,0.6619317378383347,0.6040686202870842,0.4947700051753487,0.002963199896538267,0.814814814814815,0.9088471849865952,0.6959494479531186,0.6438786146654909,0.6772051939052565,11,-0.07720519390525649
WC-2003,2003 FIFA Women's World Cup,T-62,Russia,RUS,quarter-final,2003,2003-09-20,2003-10-12,United States,Germany,16,1,Russian Football Union,"Europe, Asia",Union of European Football Associations,UEFA,0,0,,4,2,0,2,6,9,0,0,-3,3.0,0.0,0.0,RUS,0,0.757,65.264,14.28979015,12.19929993,16926.00977,0.37,0.682,2975.123046875,19.3834909923237,2000.0,2003.0,1.049,144.9467225,73.4057388305664,69.0352096557617,3,6,8,0.5333333333333333,0.6302816901408451,0.5028093458419138,0.8377283413786003,0.4801728095846793,0.16074667271675414,0.02617755384292848,0.10171836014912257,1.0,0.5160857908847185,0.6426429008465114,0.5675858548354712,0.496904483656504,11,0.0364288496768293
WC-2003,2003 FIFA Women's World Cup,T-30,France,FRA,group stage,2003,2003-09-20,2003-10-12,United States,Germany,16,1,French Football Association,Europe,Union of European Football Associations,UEFA,0,0,,3,1,1,1,2,3,0,0,-1,3.0,0.0,0.0,FRA,0,0.853,79.421,14.86872005,10.04608764,40961.00038,0.171,0.755,29479.5222101175,5.37918425539061,2000.0,2003.0,0.983,59.7282615,77.4691216035138,52.3169784545898,6,4,9,0.4666666666666667,0.7992957746478874,0.8627361248824146,0.66783704148279,0.5137681636502899,0.4116196578680592,0.28888949573294836,0.04176915405482047,0.7962962962962964,0.7828418230563002,0.6988416833427621,0.42484093111470134,0.5717032860117518,11,-0.10503661934508512
WC-2003,2003 FIFA Women's World Cup,T-44,Japan,JPN,group stage,2003,2003-09-20,2003-10-12,United States,Germany,16,1,Japan Football Association,East Asia,Asian Football Confederation,AFC,0,0,,3,1,0,2,7,6,0,0,1,,,,JPN,0,0.889,81.856,15.08197716,12.21853967,37399.79279,0.156,0.762,35387.0374203599,4.50252057826217,2000.0,2003.0,0.959,127.5023525,82.4206778416671,,6,3,10,0.4,0.8626760563380282,0.9246434291816032,0.839246382332313,0.5261434928869709,0.3744484022872448,0.3474448616957414,0.08944665141320371,0.7222222222222223,0.8029490616621984,0.767324385464395,,0.6256544945483921,10,-0.22565449454839204
WC-2003,2003 FIFA Women's World Cup,T-51,North Korea,PRK,group stage,2003,2003-09-20,2003-10-12,United States,Germany,16,1,Democratic People's Republic of Korea Football Association,East Asia,Asian Football Confederation,AFC,0,0,,3,1,0,2,3,4,0,0,-1,5.0,0.0,0.0,PRK,0,,69.546,,,,,,,100.234645477663,2000.0,2003.0,,23.7817065,59.6064024764394,,6,3,11,0.33333333333333337,,0.6116746752091122,,,,,0.016481588323315817,,,0.45179061207833504,,0.3599822918702544,3,-0.026648958536921008
WC-2003,2003 FIFA Women's World Cup,T-32,Ghana,GHA,group stage,2003,2003-09-20,2003-10-12,United States,Germany,16,1,Ghana Football Association,Africa,Confederation of African Football,CAF,0,0,,3,1,0,2,2,5,0,0,-3,2.0,0.0,0.0,GHA,0,0.51,59.111,7.127200127,7.062685299,2879.308879,0.59,0.499,358.39927142073,100.167390766629,2000.0,2003.0,0.874,21.329514,46.0547973581418,,6,3,12,0.2666666666666667,0.1954225352112676,0.34637581674420964,0.4324426476375396,0.0645270675881189,0.014129690782652748,0.0002405544714145281,0.014756527909875567,0.4598765432098767,0.2211796246648794,0.26436458035209753,,0.2013315588571932,10,0.06533510780947352
WC-2003,2003 FIFA Women's World Cup,T-04,Australia,AUS,group stage,2003,2003-09-20,2003-10-12,United States,Germany,16,1,Football Australia,Oceania,Asian Football Confederation,AFC,0,0,,3,0,1,2,3,5,0,0,-2,3.0,0.0,0.0,AUS,0,0.906,80.455,21.2734197,11.45627163,40207.24974,0.14,0.673,23757.5898471684,6.19237808174438,2000.0,2003.0,0.959,19.698999,85.4097077818668,,6,1,13,0.19999999999999996,0.892605633802817,0.8890244832583328,0.7791024249593818,0.8854334592683637,0.4037521418708684,0.2321736293148769,0.013609498514744259,0.7222222222222223,0.824396782841823,0.8086642869382153,,0.6450984562991646,10,-0.44509845629916467
WC-2003,2003 FIFA Women's World Cup,T-71,South Korea,KOR,group stage,2003,2003-09-20,2003-10-12,United States,Germany,16,1,Korea Football Association,East Asia,Asian Football Confederation,AFC,0,0,,3,0,0,3,1,11,0,0,-10,4.0,0.0,0.0,KOR,0,0.845,77.547,15.97859955,10.99485817,26163.70029,0.152,0.714,15211.5483770422,7.54817757512849,2000.0,2003.0,0.93,47.5397385,80.707793508044,84.4563903808594,6,0,14,0.1333333333333333,0.7852112676056338,0.8150916533190959,0.7426962921907344,0.5781745706654791,0.2571680541210846,0.14746515747737277,0.03319481149174436,0.6327160493827163,0.8083109919571045,0.7436342682676103,0.6992561996105796,0.5675381196444687,11,-0.43420478631113535
WC-2003,2003 FIFA Women's World Cup,T-50,Nigeria,NGA,group stage,2003,2003-09-20,2003-10-12,United States,Germany,16,1,Nigeria Football Federation,Africa,Confederation of African Football,CAF,0,0,,3,0,0,3,0,11,0,0,-11,3.0,0.0,0.0,NGA,0,0.449,48.441,8.471205235,4.724502563,3266.151737,0.704,0.442,763.388745367223,182.310259129257,2000.0,2003.0,0.814,133.1198005,45.8372080921761,9.28291988372803,6,0,15,0.06666666666666665,0.0880281690140845,0.07510233137568965,0.24795693470628824,0.14251980465222477,0.018167488181689152,0.004254815292427781,0.09339839548279005,0.2746913580246913,0.06836461126005368,0.26135520306356425,0.05740412908852713,0.12102211274018461,11,-0.05435544607351796
WC-2003,2003 FIFA Women's World Cup,T-03,Argentina,ARG,group stage,2003,2003-09-20,2003-10-12,United States,Germany,16,1,Argentine Football Association,South America,South American Football Confederation,CONMEBOL,0,0,,3,0,0,3,1,15,0,0,-14,4.0,1.0,1.0,ARG,0,0.793,74.08,16.26638985,9.915220261,15976.10128,0.397,0.742,3320.47775133903,19.3566209323244,2000.0,2003.0,0.997,38.2781635,89.752468256564,64.0304870605469,6,0,16,0.0,0.693661971830986,0.7269468385325301,0.6575114320500723,0.5948750676084565,0.15083169574115599,0.029600714069719286,0.026679508798906054,0.8395061728395063,0.47989276139410186,0.868727014224376,0.524854136599186,0.508462483062636,11,-0.508462483062636
WC-2006,2006 FIFA Men's World Cup,T-41,Italy,ITA,final,2006,2006-06-09,2006-07-09,Germany,Italy,32,0,Italian Football Association,Europe,Union of European Football Associations,UEFA,0,1,1.0,7,6,1,0,12,2,2,1,10,11.0,2.0,2.0,ITA,0,0.874,81.417,16.31431007,9.389100075,45094.33403,0.142,0.752,33537.1286994269,5.56620309176568,2000.0,2006.0,0.963,58.429903,67.6812550714834,67.2835083007812,1,19,1,1.0,0.8362676056338029,0.9134823176467599,0.6159998529475001,0.5976558822766953,0.4547626641719772,0.32910854290570496,0.040855789035229365,0.7345679012345679,0.82171581769437,0.5634701928698341,0.5526293398017077,0.5873196278380136,11,0.4126803721619864
WC-2006,2006 FIFA Men's World Cup,T-30,France,FRA,final,2006,2006-06-09,2006-07-09,Germany,Italy,32,0,French Football Association,Europe,Union of European Football Associations,UEFA,0,0,2.0,7,4,2,1,9,3,1,1,6,16.0,1.0,1.0,FRA,0,0.873,80.748,15.41829014,10.44354534,43199.95213,0.156,0.769,36431.5658906555,5.37918425539061,2000.0,2006.0,0.985,60.91915,77.3467240068648,53.8754196166992,1,14,2,0.967741935483871,0.8345070422535211,0.8964736989296522,0.6991969801289692,0.545659765306068,0.4349894406254754,0.3577982411894873,0.04260691642795033,0.8024691358024693,0.8029490616621984,0.6971488583502617,0.4381473366866628,0.595631497942065,11,0.37211043754180595
WC-2006,2006 FIFA Men's World Cup,T-31,Germany,DEU,third-place match,2006,2006-06-09,2006-07-09,Germany,Italy,32,0,Germany Football Association,Europe,Union of European Football Associations,UEFA,1,0,3.0,7,6,0,1,14,6,2,1,8,12.0,0.0,0.0,DEU,0,0.92,79.591,16.59325808,13.60348034,46443.05588,0.105,0.778,36980.3349948954,5.3549718459197,2000.0,2006.0,0.946,81.1778165,80.1960996098884,,2,18,3,0.935483870967742,0.9172535211267607,0.8670581954084357,0.9485200344462319,0.6138432603372297,0.4688403845313733,0.363237647536191,0.056858417322858935,0.6820987654320988,0.871313672922252,0.7365572647722575,,0.652558116383569,10,0.282925754584173
WC-2006,2006 FIFA Men's World Cup,T-58,Portugal,PRT,third-place match,2006,2006-06-09,2006-07-09,Germany,Italy,32,0,Portuguese Football Federation,Europe,Union of European Football Associations,UEFA,0,0,4.0,7,5,0,2,7,5,1,1,2,22.0,0.0,2.0,PRT,0,0.819,79.071,15.9773894,7.617310047,30652.50847,0.157,0.723,19839.4540499032,7.15194757001429,2000.0,2006.0,0.986,10.5439465,59.0340947058419,,2,15,4,0.9032258064516129,0.7394366197183098,0.8538377443876644,0.4762032744135024,0.5781043455523479,0.30402144075896675,0.19333701741703468,0.0071691319241453545,0.8055555555555557,0.8016085790884718,0.44387528592819897,,0.5203148994744198,10,0.3829109069771931
WC-2006,2006 FIFA Men's World Cup,T-09,Brazil,BRA,quarter-finals,2006,2006-06-09,2006-07-09,Germany,Italy,32,0,Brazilian Football Confederation,South America,South American Football Confederation,CONMEBOL,0,0,,5,4,0,1,10,2,0,0,8,11.0,0.0,0.0,BRA,0,0.701,72.037,13.66515678,6.320159912,12561.6787,0.467,0.659,5934.14561857454,34.4505214787492,2000.0,2006.0,0.996,188.820682,83.2672101364439,,3,12,5,0.8709677419354839,0.5316901408450704,0.6750057203874612,0.37385641171972883,0.4439252790523204,0.1151925561587078,0.05550742324006915,0.1325826706444572,0.8364197530864199,0.38605898123324395,0.779032385170193,,0.43292713215376716,10,0.4380406097817167
WC-2006,2006 FIFA Men's World Cup,T-03,Argentina,ARG,quarter-finals,2006,2006-06-09,2006-07-09,Germany,Italy,32,0,Argentine Football Association,South America,South American Football Confederation,CONMEBOL,0,0,,5,3,1,1,11,3,2,1,8,12.0,1.0,1.0,ARG,0,0.814,75.433,16.17373085,10.19083977,20034.44635,0.375,0.752,5869.38028970204,19.3566209323244,2000.0,2006.0,1.001,39.4768505,90.3033726521064,66.9444732666016,3,10,6,0.8387096774193549,0.7306338028169014,0.7613454351308064,0.6792581761487023,0.5894980575207664,0.19319198449705746,0.05486546847586393,0.027522757235480855,0.8518518518518517,0.5093833780160858,0.8763463201158707,0.5497345640619606,0.5294210723519407,11,0.3092886050674142
WC-2006,2006 FIFA Men's World Cup,T-28,England,ENG,quarter-finals,2006,2006-06-09,2006-07-09,Germany,Italy,32,0,The Football Association,Europe,Union of European Football Associations,UEFA,0,0,,5,3,1,1,6,2,1,1,4,9.0,1.0,1.0,GBR,1,0.894,79.355,16.03277969,12.24829374,43109.44249,0.2,0.768,44695.161023424,6.54599490555629,2000.0,2006.0,0.975,60.8037,80.5464353583991,59.1907196044922,3,10,7,0.8064516129032258,0.8714788732394367,0.8610581445605474,0.8415940178408818,0.58131864905325,0.4340447169956554,0.4397071013357416,0.042525700037013774,0.771604938271605,0.7439678284182305,0.7414025977451421,0.48353085137674173,0.619293947170386,11,0.18715766573283976
WC-2006,2006 FIFA Men's World Cup,T-81,Ukraine,UKR,quarter-finals,2006,2006-06-09,2006-07-09,Germany,Italy,32,0,Ukrainian Association of Football,Europe,Union of European Football Associations,UEFA,0,0,,5,3,0,2,5,7,1,1,-2,12.0,1.0,1.0,UKR,0,0.752,68.741,14.72169971,11.36281757,11674.10059,0.314,0.695,2366.494140625,18.2873340248585,2000.0,2006.0,1.014,46.592556,68.0293347798948,71.939811706543,3,9,8,0.7741935483870968,0.6214788732394366,0.5912084000711871,0.7717287759199083,0.5052365601225631,0.10592817267615261,0.02014481637672383,0.03252849062376464,0.8919753086419755,0.5911528150134049,0.5682843235873744,0.5923861577615909,0.4810956994576437,11,0.29309784892945306
WC-2006,2006 FIFA Men's World Cup,T-73,Spain,ESP,round of 16,2006,2006-06-09,2006-07-09,Germany,Italy,32,0,Royal Spanish Football Federation,Europe,Union of European Football Associations,UEFA,0,0,,4,3,0,1,9,4,0,0,5,6.0,0.0,0.0,ESP,0,0.856,80.972,15.93113041,9.02989006,38140.62231,0.125,0.732,28421.686527407,5.42372074559108,2000.0,2006.0,0.977,44.422831,77.4968648783202,68.9646224975586,4,9,9,0.7419354838709677,0.8045774647887324,0.9021686624462919,0.5876577072764184,0.5754199322101323,0.3821810499169585,0.27840421498035384,0.031002139529569688,0.7777777777777779,0.8445040214477212,0.6992253878455618,0.5669831619792639,0.5863546836544348,11,0.15558080021653298
WC-2006,2006 FIFA Men's World Cup,T-75,Switzerland,CHE,round of 16,2006,2006-06-09,2006-07-09,Germany,Italy,32,0,Swiss Football Association,Europe,Union of European Football Associations,UEFA,0,0,,4,2,1,1,4,0,1,1,4,12.0,0.0,0.0,CHE,0,0.913,81.546,15.31324959,11.73888646,67796.79139,0.073,0.765,59011.0324592016,5.63342008636758,2000.0,2006.0,0.957,7.47501,73.5115823179813,46.2847785949707,4,7,10,0.7096774193548387,0.9049295774647889,0.9167620064576821,0.8014011091446431,0.5395642527604273,0.6917269027102596,0.5816062012390081,0.005010206445206862,0.7160493827160495,0.9142091152815014,0.6441067735506719,0.37333632524650345,0.6444274411833403,11,0.06524997817149847
WC-2006,2006 FIFA Men's World Cup,T-48,Netherlands,NLD,round of 16,2006,2006-06-09,2006-07-09,Germany,Italy,32,0,Royal Dutch Football Association,Europe,Union of European Football Associations,UEFA,0,0,,4,2,1,1,3,2,0,0,1,14.0,0.0,2.0,NLD,0,0.905,79.838,16.55203056,11.88865519,50729.21449,0.061,0.741,45123.5432406426,6.18449985645535,2000.0,2006.0,0.944,16.325677,84.6532280358545,59.8265113830566,4,7,11,0.6774193548387097,0.8908450704225352,0.873337909643302,0.8132180601910468,0.6114508236507724,0.5135785507645353,0.4439532313258425,0.011236444913125667,0.6759259259259259,0.9302949061662198,0.7982017627103717,0.4889594190189398,0.6410001913393288,11,0.0364191634993809
WC-2006,2006 FIFA Men's World Cup,T-25,Ecuador,ECU,round of 16,2006,2006-06-09,2006-07-09,Germany,Italy,32,0,Ecuadorian Football Federation,South America,South American Football Confederation,CONMEBOL,0,0,,4,2,0,2,5,4,0,0,1,9.0,0.0,0.0,ECU,0,0.719,74.689,13.93023695,7.661363321,9419.404194,0.452,0.689,3243.67010359339,29.6484766200013,2000.0,2006.0,,14.0090615,62.2099988435587,,4,6,12,0.6451612903225806,0.5633802816901408,0.7424300205933948,0.47967913604557877,0.459307905112785,0.08239405008577107,0.028839395687552533,0.009606759767195203,,0.4061662198391421,0.4877997586736072,,0.3621781697216853,9,0.2829831206008953
WC-2006,2006 FIFA Men's World Cup,T-32,Ghana,GHA,round of 16,2006,2006-06-09,2006-07-09,Germany,Italy,32,0,Ghana Football Association,Africa,Confederation of African Football,CAF,0,0,,4,2,0,2,4,6,0,0,-2,17.0,0.0,1.0,GHA,0,0.537,59.988,8.645079613,7.266783223,3158.876773,0.568,0.524,906.441027564887,100.167390766629,2000.0,2006.0,0.892,23.098586,48.1388926229785,4.7728099822998,4,6,13,0.6129032258064516,0.24295774647887328,0.368672615869626,0.4485462440062916,0.15260975041568908,0.017047771062287338,0.005672751334534603,0.016001028933235507,0.5154320987654323,0.2506702412868633,0.2931887455943663,0.01889555206833774,0.21179041325595793,11,0.4011128125504937
WC-2006,2006 FIFA Men's World Cup,T-74,Sweden,SWE,round of 16,2006,2006-06-09,2006-07-09,Germany,Italy,32,0,Swedish Football Association,Europe,Union of European Football Associations,UEFA,0,0,,4,1,2,1,3,4,0,0,-1,9.0,0.0,1.0,SWE,0,0.907,80.832,15.96051025,12.33154011,48518.03407,0.047,0.793,46531.3762240485,4.09662966290807,2000.0,2006.0,0.995,9.1047195,84.4553200620359,79.3352279663086,4,5,14,0.5806451612903225,0.8943661971830987,0.898609310248392,0.8481622666273997,0.5771248469626629,0.4904986402426349,0.45790768977817053,0.006156669189815006,0.8333333333333335,0.9490616621983914,0.795464588342022,0.6555302857007703,0.6732923172551538,11,-0.09264715596483131
WC-2006,2006 FIFA Men's World Cup,T-46,Mexico,MEX,round of 16,2006,2006-06-09,2006-07-09,Germany,Italy,32,0,Mexican Football Federation,North America,"Confederation of North, Central American and Caribbean Association Football",CONCACAF,0,0,,4,1,1,2,5,5,1,0,0,11.0,0.0,1.0,MEX,0,0.741,74.331,12.84585953,7.871600151,18146.75435,0.429,0.69,9512.63575346699,28.0919890856832,2000.0,2006.0,0.943,106.88679,76.4982455683657,24.5689697265625,4,4,15,0.5483870967741935,0.602112676056338,0.7333282485444794,0.49626710022382264,0.39638138608923273,0.1734885889446913,0.09097746300900172,0.07494408247966634,0.6728395061728395,0.43699731903485256,0.6854139424237019,0.1879206886785357,0.4136973637870147,11,0.1346897329871788
WC-2006,2006 FIFA Men's World Cup,T-04,Australia,AUS,round of 16,2006,2006-06-09,2006-07-09,Germany,Italy,32,0,Football Australia,Oceania,Asian Football Confederation,AFC,0,0,,4,1,1,2,5,6,0,0,-1,10.0,0.0,1.0,AUS,0,0.914,81.282,21.76698494,11.6446104,41858.09781,0.134,0.666,36658.8243476122,6.19237808174438,2000.0,2006.0,0.961,20.46703,85.7492544263523,,4,4,16,0.5161290322580645,0.9066901408450705,0.9100500851702134,0.7939626032170853,0.9140750944512728,0.42098340233076875,0.3600508299076961,0.014149790467515067,0.7283950617283951,0.8324396782841823,0.8133604007643147,,0.6694157087166513,10,-0.15328667645858685
WC-2006,2006 FIFA Men's World Cup,T-71,South Korea,KOR,group stage,2006,2006-06-09,2006-07-09,Germany,Italy,32,0,Korea Football Association,East Asia,Asian Football Confederation,AFC,0,0,,3,1,1,1,3,4,0,0,-1,9.0,0.0,0.0,KOR,0,0.866,79.075,16.47963905,11.15105033,29901.61423,0.095,0.729,22609.7059431449,7.54817757512849,2000.0,2006.0,0.934,48.049347,81.566462110512,99.9493103027344,6,4,17,0.4838709677419355,0.8221830985915494,0.8539394401647473,0.7550200603668552,0.6072499378271276,0.2961837393602675,0.2207957894463719,0.03355330922375466,0.645061728395062,0.8847184986595175,0.7555101196758831,0.8315390736687527,0.6096140723072626,11,-0.1257431045653271
WC-2006,2006 FIFA Men's World Cup,T-55,Paraguay,PRY,group stage,2006,2006-06-09,2006-07-09,Germany,Italy,32,0,Paraguayan Football Association,South America,South American Football Confederation,CONMEBOL,0,0,,3,1,0,2,2,2,0,0,0,8.0,0.0,0.0,PRY,0,0.674,70.781,12.56324482,7.069910049,8511.721184,0.515,0.653,2439.43124694576,33.6354249078544,2000.0,2006.0,0.951,5.534675,59.0202286834627,,6,3,18,0.4516129032258065,0.48415492957746487,0.6430732463834442,0.433012689975967,0.3799812290985507,0.07291981520942875,0.020867769903017665,0.0036452258829905637,0.6975308641975309,0.32171581769436997,0.44368351133561934,,0.35005850992583837,10,0.10155439329996813
WC-2006,2006 FIFA Men's World Cup,T-42,Ivory Coast,CIV,group stage,2006,2006-06-09,2006-07-09,Germany,Italy,32,0,Ivorian Football Federation,Africa,Confederation of African Football,CAF,0,0,,3,1,0,2,5,6,0,0,-1,8.0,0.0,1.0,CIV,0,0.455,52.355,7.257185872,5.654570103,2486.21921,,,1230.43056838584,140.502104783565,2000.0,2006.0,,19.3940575,45.5035131674326,,6,3,19,0.4193548387096774,0.09859154929577464,0.17461164925126474,0.32134049474601784,0.07207015203885664,0.01002669027417165,0.008884139787330433,0.013394979258990442,,,0.25674002168793425,,0.11945745954254258,8,0.29989737916713477
WC-2006,2006 FIFA Men's World Cup,T-20,Czech Republic,CZE,group stage,2006,2006-06-09,2006-07-09,Germany,Italy,32,0,Football Association of the Czech Republic,Europe,Union of European Football Associations,UEFA,0,0,,3,1,0,2,3,4,0,0,-1,6.0,1.0,2.0,CZE,0,0.856,76.711,15.38356018,12.12254047,30337.11954,0.151,0.729,15259.0788162004,5.45971299104711,2000.0,2006.0,0.97,10.304815,73.578883191735,49.8811302185059,6,3,20,0.3870967741935484,0.8045774647887324,0.793837235908779,0.8316719183778286,0.543644382609675,0.3007294668349222,0.14793627979534077,0.007000908473394,0.756172839506173,0.8096514745308311,0.6450375810520161,0.4040429790783163,0.549482048268728,11,-0.16238527407517966
WC-2006,2006 FIFA Men's World Cup,T-57,Poland,POL,group stage,2006,2006-06-09,2006-07-09,Germany,Italy,32,0,Polish Football Association,Europe,Union of European Football Associations,UEFA,0,0,,3,1,0,2,2,4,0,0,-2,9.0,0.0,1.0,POL,0,0.824,75.284,15.38029957,11.92986679,19507.40701,0.161,0.738,9068.85528307627,9.33731422715587,2000.0,2006.0,0.995,38.5471795,61.4199688499096,65.0900726318359,6,3,21,0.3548387096774194,0.7482394366197183,0.75755726743447,0.8164697099829892,0.5434551691186809,0.1876908409907662,0.08657870533744884,0.026868755300631365,0.8333333333333335,0.7962466487935657,0.4768732163664951,0.5339011739160687,0.5279285688358334,11,-0.17308985915841402
WC-2006,2006 FIFA Men's World Cup,T-18,Croatia,HRV,group stage,2006,2006-06-09,2006-07-09,Germany,Italy,32,0,Croatian Football Federation,Europe,Union of European Football Associations,UEFA,0,0,,3,0,2,1,2,3,0,0,-1,9.0,0.0,2.0,HRV,0,0.814,75.989,14.47463989,10.5356102,24318.37965,0.154,0.735,11501.2099669894,8.33978934856649,2000.0,2006.0,0.978,4.4175595,55.4685969711483,48.5975112915039,6,2,22,0.32258064516129037,0.7306338028169014,0.7754811481453235,0.7064610194495538,0.49089965659022533,0.2379069233376382,0.11068823592670703,0.0028593611002336993,0.7808641975308643,0.8056300268096515,0.39456252292271515,0.39308308244711093,0.4935518160979023,11,-0.1709711709366119
WC-2006,2006 FIFA Men's World Cup,T-02,Angola,AGO,group stage,2006,2006-06-09,2006-07-09,Germany,Italy,32,0,Angolan Football Federation,Africa,Confederation of African Football,CAF,0,0,,3,0,2,1,1,2,0,0,-1,10.0,0.0,1.0,AGO,0,0.463,52.369,7.383706967,3.667059843,5666.71833,,0.454,2930.4442860732,203.00848655977,2000.0,2006.0,0.845,20.1623405,56.8939032662772,2.55977010726929,6,2,23,0.29032258064516125,0.11267605633802819,0.17496758447105482,0.16452330435757728,0.07941218253908432,0.043224178113984824,0.025734697397129143,0.013935448487902576,0.3703703703703704,,0.41427528023511195,0.0,0.13991191023102437,10,0.1504106704141369
WC-2006,2006 FIFA Men's World Cup,T-79,Tunisia,TUN,group stage,2006,2006-06-09,2006-07-09,Germany,Italy,32,0,Tunisian Football Federation,Africa,Confederation of African Football,CAF,0,0,,3,0,1,2,3,6,0,0,-3,13.0,0.0,1.0,TUN,0,0.693,74.921,13.77797985,5.978350858,8901.310253,0.317,0.665,3322.56933570096,29.184614609627,2000.0,2006.0,0.88,10.483558,65.5209809651521,31.5884609222412,6,1,24,0.25806451612903225,0.5176056338028168,0.7483283756642009,0.34688722490526136,0.45047241193217186,0.07698627707364447,0.029621445880539263,0.007126650018350015,0.4783950617283952,0.5871313672922253,0.5335924330283871,0.24785506350734743,0.3658183586212127,11,-0.10775384249218045
WC-2006,2006 FIFA Men's World Cup,T-38,Iran,IRN,group stage,2006,2006-06-09,2006-07-09,Germany,Italy,32,0,Football Federation Islamic Republic of Iran,Middle East,Asian Football Confederation,AFC,0,0,,3,0,1,2,2,6,0,0,-4,8.0,0.0,0.0,IRN,0,0.738,72.276,12.30601025,9.869790077,13787.76879,0.505,0.678,3618.91601364428,36.2535743183089,2000.0,2006.0,0.877,71.2757595,68.3101850492144,25.3070392608643,6,1,25,0.22580645161290325,0.596830985915493,0.6810820430681616,0.6539269303963752,0.36505388391035937,0.12799026787550605,0.03255883792461613,0.04989255043340024,0.46913580246913594,0.3351206434316354,0.5721686347835989,0.19422253234290313,0.37072573750465315,11,-0.1449192858917499
WC-2006,2006 FIFA Men's World Cup,T-83,United States,USA,group stage,2006,2006-06-09,2006-07-09,Germany,Italy,32,0,United States Soccer Federation,North America,"Confederation of North, Central American and Caribbean Association Football",CONCACAF,0,0,,3,0,1,2,2,6,0,0,-4,4.0,1.0,2.0,USA,0,0.908,77.839,16.16569567,12.91230011,55812.63757,0.253,0.672,46302.0008800056,8.44940974508615,2000.0,2006.0,0.99,299.753098,80.3713066436159,,6,1,26,0.19354838709677424,0.8961267605633804,0.8225154450461446,0.893984999381489,0.5890317753040752,0.5666384226638005,0.45563411844821666,0.2106210462650033,0.8179012345679014,0.6729222520107239,0.7389804728553891,,0.6664356527106123,10,-0.4728872656138381
WC-2006,2006 FIFA Men's World Cup,T-78,Trinidad and Tobago,TTO,group stage,2006,2006-06-09,2006-07-09,Germany,Italy,32,0,Trinidad and Tobago Football Assocaition,Caribbean,"Confederation of North, Central American and Caribbean Association Football",CONCACAF,0,0,,3,0,1,2,0,4,0,0,-4,9.0,0.0,1.0,TTO,0,0.762,71.256,12.05273018,9.959886975,26209.22862,0.347,,14152.6607422113,28.8405901199127,2000.0,2006.0,0.974,1.3769195,55.1782455797922,,6,1,27,0.16129032258064513,0.6390845070422536,0.6551496199120332,0.6610356949101613,0.35035601871215033,0.2576432707850471,0.1369694497619701,0.0007203415511881148,0.7685185185185186,0.546916890080429,0.39054680606755177,,0.44069411173413037,10,-0.27940378915348524
WC-2006,2006 FIFA Men's World Cup,T-44,Japan,JPN,group stage,2006,2006-06-09,2006-07-09,Germany,Italy,32,0,Japan Football Association,East Asia,Asian Football Confederation,AFC,0,0,,3,0,1,2,2,7,0,0,-5,7.0,0.0,0.0,JPN,0,0.898,82.376,15.17599487,12.35197964,39802.18133,0.14,0.77,35991.546002862,4.50252057826217,2000.0,2006.0,0.96,127.902167,87.1460898958075,,6,1,28,0.12903225806451613,0.8785211267605635,0.9378638802023749,0.8497749726002786,0.5315993490379279,0.39952410938039956,0.3534367584605078,0.08972791161878277,0.7253086419753088,0.824396782841823,0.8326793911517305,,0.6422832924029697,10,-0.5132510343384535
WC-2006,2006 FIFA Men's World Cup,T-63,Saudi Arabia,SAU,group stage,2006,2006-06-09,2006-07-09,Germany,Italy,32,0,Saudi Arabian Football Association,Middle East,Asian Football Confederation,AFC,0,0,,3,0,1,2,2,7,0,0,-5,5.0,0.0,0.0,SAU,0,0.785,74.81,12.90024471,7.998999914,43423.37962,0.755,0.623,17563.6145370639,22.0961626362377,2000.0,2006.0,0.856,25.3828695,81.2008588083072,24.5137691497803,6,1,29,0.09677419354838712,0.6795774647887325,0.7455063178501514,0.5063191101640446,0.3995373629666094,0.43732153728782414,0.1707788671957978,0.017607969268843233,0.40432098765432106,0.0,0.7504536281739478,0.18744937074858833,0.39080660146353274,11,-0.2940324079151456
WC-2006,2006 FIFA Men's World Cup,T-77,Togo,TGO,group stage,2006,2006-06-09,2006-07-09,Germany,Italy,32,0,Togolese Football Federation,Africa,Confederation of African Football,CAF,0,0,,3,0,0,3,1,6,0,0,-5,9.0,0.0,1.0,TGO,0,0.452,56.222,10.50580025,3.295574152,1525.607981,0.628,0.446,552.50227125256,119.591887130157,2000.0,2006.0,0.802,5.8742405,35.795057579151,4.9507098197937,6,0,30,0.06451612903225812,0.09330985915492956,0.27292604174611657,0.1352125916007393,0.2605875360114985,0.0,0.002164505876554016,0.003884102317781081,0.23765432098765457,0.17024128686327078,0.12246682753729024,0.020414510529160084,0.11989650751136315,11,-0.05538037847910503
WC-2006,2006 FIFA Men's World Cup,T-17,Costa Rica,CRI,group stage,2006,2006-06-09,2006-07-09,Germany,Italy,32,0,Costa Rican Football Federation,Central America,"Confederation of North, Central American and Caribbean Association Football",CONCACAF,0,0,,3,0,0,3,3,9,0,0,-6,8.0,0.0,0.0,CRI,0,0.745,78.514,12.6112972,7.836508898,14454.02198,0.333,0.711,5256.59640859159,13.1113050196529,2000.0,2006.0,0.967,4.3781715,66.1703051228767,,6,0,31,0.032258064516129004,0.6091549295774648,0.8396766074288765,0.49349835391170555,0.3827697130234529,0.13494450094986127,0.04879154684595234,0.0028316525579538477,0.7469135802469137,0.5656836461126005,0.5425729374870051,,0.4366837468141787,10,-0.4044256822980497
WC-2006,2006 FIFA Men's World Cup,T-67,Serbia and Montenegro,SCG,group stage,2006,2006-06-09,2006-07-09,Germany,Italy,32,0,Football Association of Serbia and Montenegro,Europe,Union of European Football Associations,UEFA,0,0,,3,0,0,3,2,10,0,0,-8,11.0,1.0,2.0,SRB,1,0.743,73.355,13.38545036,9.389933586,12579.2554,0.255,0.674,4492.7136699046,12.5892048765066,2000.0,2006.0,0.949,7.7947915,58.1709152910668,46.819580078125,6,0,32,0.0,0.6056338028169014,0.7085144789362624,0.6160656180687216,0.4276938903914059,0.11537601864761239,0.04121993141635077,0.005235165295949837,0.6913580246913581,0.6702412868632708,0.4319370475448629,0.3779026095621112,0.4264707158395279,11,-0.4264707158395279
WC-2007,2007 FIFA Women's World Cup,T-31,Germany,DEU,final,2007,2007-09-10,2007-09-30,China,Germany,16,1,Germany Football Association,Europe,Union of European Football Associations,UEFA,0,1,1.0,6,5,1,0,21,0,0,0,21,9.0,0.0,0.0,DEU,0,0.923,79.741,16.66491115,13.68010998,47778.50887,0.105,0.779,42350.9217211489,5.3549718459197,2000.0,2007.0,0.948,81.1838305,80.2198636634402,,1,16,1,1.0,0.9225352112676057,0.8708717870490429,0.9545662144771603,0.6180012944213874,0.4827796068746158,0.4164709715309317,0.05686264803204119,0.6882716049382717,0.871313672922252,0.7368859344919003,,0.6618558946005209,10,0.33814410539947914
WC-2007,2007 FIFA Women's World Cup,T-09,Brazil,BRA,final,2007,2007-09-10,2007-09-30,China,Germany,16,1,Brazilian Football Confederation,South America,South American Football Confederation,CONMEBOL,0,0,2.0,6,5,0,1,17,4,0,0,13,7.0,0.0,0.0,BRA,0,0.708,72.365,13.71269855,6.501580238,13235.17467,0.465,0.663,7409.69003822861,34.4505214787492,2000.0,2007.0,0.995,190.7794525,83.5382571292649,,1,15,2,0.9333333333333333,0.5440140845070423,0.6833447741082551,0.38817071558786326,0.4466841322330869,0.1222223880909481,0.07013303831041205,0.1339606201523219,0.8333333333333335,0.38873994638069703,0.7827811117477687,,0.4393384144451728,10,0.49399491888816055
WC-2007,2007 FIFA Women's World Cup,T-83,United States,USA,third-place match,2007,2007-09-10,2007-09-30,China,Germany,16,1,United States Soccer Federation,North America,"Confederation of North, Central American and Caribbean Association Football",CONCACAF,0,0,3.0,6,4,1,1,12,7,0,0,5,5.0,0.0,1.0,USA,0,0.911,78.1,16.22329044,12.95113516,56576.64545,0.253,0.681,48050.2237771135,8.44940974508615,2000.0,2007.0,0.99,302.7433985,80.5153172872016,,2,13,3,0.8666666666666667,0.9014084507042255,0.8291510945008008,0.8970491362325835,0.5923740049772659,0.5746130019197198,0.47296252605810357,0.21272465314612726,0.8179012345679014,0.6729222520107239,0.7409722179821097,,0.6712078572099561,10,0.19545880945671057
WC-2007,2007 FIFA Women's World Cup,T-53,Norway,NOR,third-place match,2007,2007-09-10,2007-09-30,China,Germany,16,1,Norwegian Football Federation,Europe,Union of European Football Associations,UEFA,0,0,4.0,6,3,1,2,12,11,0,0,1,4.0,0.0,0.0,NOR,0,0.936,80.503,17.54254913,12.40898037,64317.5992,0.077,0.747,85502.2677087731,4.85740011098321,2000.0,2007.0,0.989,4.7095765,78.4072502632828,77.0373611450195,2,10,4,0.8,0.9454225352112677,0.8902448325833271,0.8542724056493488,0.6689307051834283,0.6554117093830254,0.8441876622491529,0.0030647882707154545,0.814814814814815,0.9088471849865952,0.711816510340322,0.6359104574917666,0.721174873287615,11,0.07882512671238506
WC-2007,2007 FIFA Women's World Cup,T-14,China,CHN,quarter-final,2007,2007-09-10,2007-09-30,China,Germany,16,1,Chinese Football Association,East Asia,Asian Football Confederation,AFC,1,0,,4,2,0,2,5,7,0,0,-2,5.0,0.0,0.0,CHN,0,0.668,74.762,12.20328999,6.487100935,6810.158179,0.264,0.612,2734.72709877693,36.7157122561846,2000.0,2007.0,0.938,1321.513224,45.8892440795898,21.4715595245361,3,6,5,0.7333333333333334,0.47359154929577474,0.7442859685251572,0.38702827941485807,0.3590930180017035,0.055159201219017254,0.023794746145294553,0.9294055403022059,0.6574074074074074,0.6581769436997319,0.26207488892680847,0.1614741359481727,0.4283174253532847,11,0.3050159079800487
WC-2007,2007 FIFA Women's World Cup,T-04,Australia,AUS,quarter-final,2007,2007-09-10,2007-09-30,China,Germany,16,1,Football Australia,Oceania,Asian Football Confederation,AFC,0,0,,4,1,2,1,9,7,0,0,2,6.0,0.0,0.0,AUS,0,0.916,81.26,21.93150669,11.7118597,42760.18162,0.134,0.667,41128.2476618402,6.19237808174438,2000.0,2007.0,0.961,20.830828,85.8968519574969,,3,5,6,0.6666666666666667,0.9102112676056339,0.9094907583962579,0.7992686620052243,0.9236223063723427,0.43039919374685554,0.40435181069120923,0.014405713902681245,0.7283950617283951,0.8324396782841823,0.8154017544868839,,0.6767986207219666,10,-0.010131954055299874
WC-2007,2007 FIFA Women's World Cup,T-28,England,ENG,quarter-final,2007,2007-09-10,2007-09-30,China,Germany,16,1,The Football Association,Europe,Union of European Football Associations,UEFA,0,0,,4,1,2,1,8,6,0,0,2,6.0,0.0,0.0,GBR,1,0.897,79.542,15.90275955,12.52824234,43647.09026,0.196,0.773,50629.0799172887,6.54599490555629,2000.0,2007.0,0.975,61.260676,80.6483331957387,58.8450889587402,3,5,7,0.6,0.8767605633802817,0.8658124221391709,0.8636823329498451,0.5737735686575747,0.4396565894198419,0.49852418094670076,0.04284717202891175,0.771604938271605,0.7493297587131367,0.7428118999737218,0.4805797604646857,0.6277621079041342,11,-0.027762107904134248
WC-2007,2007 FIFA Women's World Cup,T-51,North Korea,PRK,quarter-final,2007,2007-09-10,2007-09-30,China,Germany,16,1,Democratic People's Republic of Korea Football Association,East Asia,Asian Football Confederation,AFC,0,0,,4,1,1,2,5,7,0,0,-2,5.0,0.0,0.0,PRK,0,,68.911,,,,,,,100.234645477663,2000.0,2007.0,,24.356506,59.926906023448,,3,4,8,0.5333333333333333,,0.5955304705972085,,,,,0.01688594640821953,,,0.45622334956187466,,0.3562132555224342,3,0.1771200778108991
WC-2007,2007 FIFA Women's World Cup,T-12,Canada,CAN,group stage,2007,2007-09-10,2007-09-30,China,Germany,16,1,Canadian Soccer Association,North America,"Confederation of North, Central American and Caribbean Association Football",CONCACAF,0,0,,3,1,1,1,7,4,0,0,3,2.0,0.0,0.0,CAN,0,0.907,80.549,15.20141029,13.36716785,45203.81481,0.134,0.666,44660.0838892281,6.22855252659155,2000.0,2007.0,0.98,32.8624585,80.4425615136782,63.8298110961914,6,4,9,0.4666666666666667,0.8943661971830987,0.8914143340197801,0.9298746661775434,0.5330742081419856,0.45590540520903283,0.43935941633508246,0.02286968623955542,0.7870370370370372,0.8324396782841823,0.7399659662652374,0.5231407092108562,0.6408588458275811,11,-0.17419217916091445
WC-2007,2007 FIFA Women's World Cup,T-44,Japan,JPN,group stage,2007,2007-09-10,2007-09-30,China,Germany,16,1,Japan Football Association,East Asia,Asian Football Confederation,AFC,0,0,,3,1,1,1,3,4,0,0,-1,2.0,0.0,0.0,JPN,0,0.9,82.554,15.20733411,12.39645963,40496.55099,0.132,0.774,35779.0245416427,4.50252057826217,2000.0,2007.0,0.96,128.006426,88.2701404492656,,6,4,10,0.4,0.8820422535211269,0.9423893422825619,0.8532845026896005,0.5334179679483472,0.4067718172006065,0.35133024303164057,0.08980125540139562,0.7253086419753088,0.8351206434316354,0.8482256185436334,,0.6467692286025857,10,-0.24676922860258566
WC-2007,2007 FIFA Women's World Cup,T-74,Sweden,SWE,group stage,2007,2007-09-10,2007-09-30,China,Germany,16,1,Swedish Football Association,Europe,Union of European Football Associations,UEFA,0,0,,3,1,1,1,3,4,0,0,-1,5.0,0.0,0.0,SWE,0,0.909,80.97,15.81301022,12.40091991,50017.76529,0.047,0.791,53568.3057787832,4.09662966290807,2000.0,2007.0,0.995,9.1642725,84.5906875454778,75.3943710327148,6,4,11,0.33333333333333337,0.8978873239436621,0.9021178145577506,0.8536364246856891,0.568565406981176,0.5061525697236587,0.5276578251002897,0.006198563340784641,0.8333333333333335,0.9490616621983914,0.7973367938870337,0.6218821493871105,0.6785299879217164,11,-0.345196654588383
WC-2007,2007 FIFA Women's World Cup,T-22,Denmark,DNK,group stage,2007,2007-09-10,2007-09-30,China,Germany,16,1,Danish Football Association,Europe,Union of European Football Associations,UEFA,0,0,,3,1,0,2,4,4,0,0,0,3.0,0.0,0.0,DNK,0,0.912,78.348,16.80562973,12.65182018,53832.94619,0.054,0.757,58631.6566433635,5.6340143335809,2000.0,2007.0,0.988,5.479722,86.4251464366349,78.243293762207,6,3,12,0.2666666666666667,0.9031690140845071,0.8354562326799381,0.8734327881062739,0.626167206250626,0.5459747538387222,0.5778458233232107,0.0036065677250768672,0.8117283950617286,0.9396782841823056,0.8227083530000018,0.6462070467290749,0.6896340422710424,11,-0.4229673756043757
WC-2007,2007 FIFA Women's World Cup,T-50,Nigeria,NGA,group stage,2007,2007-09-10,2007-09-30,China,Germany,16,1,Nigeria Football Federation,Africa,Confederation of African Football,CAF,0,0,,3,0,1,2,1,4,0,0,-3,3.0,0.0,0.0,NGA,0,0.479,50.033,8.649903679,5.559477615,3998.797528,0.67,0.471,1815.52697545827,182.310259129257,2000.0,2007.0,0.84,148.294028,49.2357987173198,,6,1,13,0.19999999999999996,0.14084507042253516,0.11557725065466658,0.31383757156855124,0.15288969139870942,0.025814715494115764,0.014683622822133433,0.1040731117478412,0.3549382716049383,0.11394101876675598,0.30835955042848345,,0.16449598749087307,10,0.03550401250912688
WC-2007,2007 FIFA Women's World Cup,T-49,New Zealand,NZL,group stage,2007,2007-09-10,2007-09-30,China,Germany,16,1,New Zealand Football,Oceania,Oceania Football Confederation,OFC,0,0,,3,0,0,3,0,9,0,0,-9,6.0,0.0,0.0,NZL,0,0.919,80.163,18.39530788,13.3354702,36002.05229,0.175,0.757,32479.9817381467,7.38815221143317,2000.0,2007.0,0.972,4.221494,85.9291840664852,,6,0,14,0.1333333333333333,0.915492957746479,0.8816006915312842,0.9273736796342508,0.7184163719952434,0.35985903392044444,0.3186300887686945,0.002721433579253446,0.7623456790123457,0.7774798927613942,0.8158489250494938,,0.6479768753998884,10,-0.514643542066555
WC-2007,2007 FIFA Women's World Cup,T-32,Ghana,GHA,group stage,2007,2007-09-10,2007-09-30,China,Germany,16,1,Ghana Football Association,Africa,Confederation of African Football,CAF,0,0,,3,0,0,3,3,15,0,0,-12,5.0,0.0,0.0,GHA,0,0.547,60.224,9.311630249,7.345282425,3212.674142,0.566,0.535,1050.12461524926,100.167390766629,2000.0,2007.0,0.892,23.70832,48.8125122665918,5.92381000518799,6,0,15,0.06666666666666665,0.2605633802816902,0.3746726667175145,0.4547399349537661,0.19128974365680151,0.01760929849424319,0.007096944884661798,0.0164299626267072,0.5154320987654323,0.2533512064343164,0.30250526976941133,0.02872311148492615,0.2202194198244973,11,-0.15355275315783065
WC-2007,2007 FIFA Women's World Cup,T-03,Argentina,ARG,group stage,2007,2007-09-10,2007-09-30,China,Germany,16,1,Argentine Football Association,South America,South American Football Confederation,CONMEBOL,0,0,,3,0,0,3,1,18,0,0,-17,6.0,0.0,1.0,ARG,0,0.817,75.006,16.18906021,10.29859972,21766.02881,0.376,0.752,7185.25155147027,19.3566209323244,2000.0,2007.0,0.998,39.8761115,90.4796632279031,66.6672210693359,6,0,16,0.0,0.7359154929577464,0.7504894109272113,0.6877605788459336,0.5903876216576321,0.21126593625450485,0.06790840117270575,0.02780362806667807,0.8425925925925928,0.5080428954423593,0.8787845141721375,0.5473673074261429,0.5316653072286949,11,-0.5316653072286949
WC-2010,2010 FIFA Men's World Cup,T-73,Spain,ESP,final,2010,2010-06-11,2010-07-11,South Africa,Spain,32,0,Royal Spanish Football Federation,Europe,Union of European Football Associations,UEFA,0,1,1.0,7,6,0,1,8,2,1,0,6,8.0,0.0,0.0,ESP,0,0.868,82.021,16.40280914,9.363030434,36770.26414,0.105,0.782,30658.7422282912,5.42372074559108,2000.0,2010.0,0.98,46.5727725,78.5138156234888,76.3829116821289,1,18,1,1.0,0.8257042253521127,0.9288383799862713,0.6139429237641232,0.6027914912530622,0.3678774934724079,0.30057793956379875,0.03251457339145547,0.7870370370370372,0.871313672922252,0.7132903669357977,0.6303225853338036,0.6067464262738292,11,0.39325357372617076
WC-2010,2010 FIFA Men's World Cup,T-48,Netherlands,NLD,final,2010,2010-06-11,2010-07-11,South Africa,Spain,32,0,Royal Dutch Football Association,Europe,Union of European Football Associations,UEFA,0,0,2.0,7,6,0,1,12,6,1,0,6,23.0,0.0,1.0,NLD,0,0.917,80.819,17.01534081,11.98348045,51571.06331,0.052,0.754,51305.7338533973,6.18449985645535,2000.0,2010.0,0.953,16.617117,87.3502790247129,63.7049789428711,1,18,2,0.967741935483871,0.9119718309859156,0.8982787989728729,0.8206998987255827,0.638336759048092,0.5223656199981564,0.5052311833747788,0.011441466177521929,0.7037037037037037,0.9423592493297587,0.8355034372937408,0.5220748574476411,0.6647242550052513,11,0.30301768047861966
WC-2010,2010 FIFA Men's World Cup,T-31,Germany,DEU,third-place match,2010,2010-06-11,2010-07-11,South Africa,Spain,32,0,Germany Football Association,Europe,Union of European Football Associations,UEFA,0,0,3.0,7,5,0,2,16,5,0,0,11,12.0,0.0,1.0,DEU,0,0.929,80.086,16.87987036,13.85177994,47933.86372,0.096,0.792,42396.9665976293,5.3549718459197,2000.0,2010.0,0.949,81.32509,80.305702559949,,2,15,3,0.935483870967742,0.9330985915492959,0.8796430478224393,0.9681112015613005,0.6304753966738605,0.4844011733486637,0.41692736893272714,0.05696202080619019,0.6913580246913581,0.8833780160857909,0.7380731328790996,,0.6682427974350726,10,0.26724107353266935
WC-2010,2010 FIFA Men's World Cup,T-84,Uruguay,URY,third-place match,2010,2010-06-11,2010-07-11,South Africa,Spain,32,0,Uruguayan Football Association,South America,South American Football Confederation,CONMEBOL,0,0,4.0,7,4,1,2,11,8,1,1,3,10.0,1.0,2.0,URY,0,0.785,76.858,15.15231991,8.327150345,18877.61386,0.324,0.69,12641.0576849008,17.002095042035,2000.0,2010.0,1.017,3.352651,94.3333219475319,51.8884303512712,2,13,4,0.9032258064516129,0.6795774647887325,0.7975745557165741,0.5322106135438439,0.5302254889839054,0.18111717137166486,0.1219864210161734,0.0021102227282314857,0.9012345679012345,0.5777479892761394,0.9320826995267276,0.42118186780933164,0.5160953693329599,11,0.387130437118653
WC-2010,2010 FIFA Men's World Cup,T-03,Argentina,ARG,quarter-finals,2010,2010-06-11,2010-07-11,South Africa,Spain,32,0,Argentine Football Association,South America,South American Football Confederation,CONMEBOL,0,0,,5,4,0,1,10,6,0,0,4,7.0,0.0,0.0,ARG,0,0.834,75.721,17.02877998,10.59963989,22733.14315,0.372,0.768,10260.1313108254,19.3566209323244,2000.0,2010.0,0.999,41.100123,90.9930051940977,73.803669361107,3,12,5,0.8709677419354839,0.7658450704225351,0.7686675310807721,0.7115130467468834,0.6391166352895814,0.22136050485223455,0.09838664848867612,0.028664691700240944,0.8456790123456792,0.5134048257372654,0.8858843113402596,0.6083002945817864,0.5533475065987195,11,0.3176202353367644
WC-2010,2010 FIFA Men's World Cup,T-09,Brazil,BRA,quarter-finals,2010,2010-06-11,2010-07-11,South Africa,Spain,32,0,Brazilian Football Confederation,South America,South American Football Confederation,CONMEBOL,0,0,,5,3,1,1,9,4,0,0,5,8.0,1.0,2.0,BRA,0,0.722,73.182,13.85631856,6.878170013,14364.74082,0.448,0.666,11403.2840038694,34.4505214787492,2000.0,2010.0,0.994,196.353492,84.343846036308,,3,10,6,0.8387096774193549,0.5686619718309859,0.7041161365774288,0.4178841473285955,0.4550184143056772,0.13401259997721635,0.10971759253372704,0.13788182735134982,0.830246913580247,0.41152815013404825,0.793922842246239,,0.45629905958655154,10,0.38241061783280333
WC-2010,2010 FIFA Men's World Cup,T-55,Paraguay,PRY,quarter-finals,2010,2010-06-11,2010-07-11,South Africa,Spain,32,0,Paraguayan Football Association,South America,South American Football Confederation,CONMEBOL,0,0,,5,2,2,1,3,2,1,1,1,9.0,0.0,0.0,PRY,0,0.7,71.887,13.17776012,7.280279954,10686.0445,0.484,0.66,4750.96273669458,33.6354249078544,2000.0,2010.0,0.956,5.7686125,59.5122792618786,37.6179261040957,3,8,7,0.8064516129032258,0.5299295774647886,0.6711921287468539,0.4496111539478627,0.4156416071205442,0.09561501779220206,0.04377969945371763,0.003809795475495711,0.712962962962963,0.3632707774798928,0.45048883708973025,0.29933631993359716,0.3668761706788771,11,0.43957544222434863
WC-2010,2010 FIFA Men's World Cup,T-32,Ghana,GHA,quarter-finals,2010,2010-06-11,2010-07-11,South Africa,Spain,32,0,Ghana Football Association,Africa,Confederation of African Football,CAF,0,0,,5,2,1,2,5,4,2,1,1,11.0,0.0,0.0,GHA,0,0.571,61.157,10.34964466,7.580780029,3640.64144,0.57,0.558,1263.89251760539,100.167390766629,2000.0,2010.0,0.909,25.574719,50.7296926788704,,3,7,8,0.7741935483870968,0.30281690140845063,0.39839320672209083,0.47332100763838686,0.2515258131062308,0.02207634553156251,0.009215815053943713,0.017742930931840043,0.5679012345679014,0.24798927613941027,0.3290209122811221,,0.26200034433809394,10,0.5121932040490028
WC-2010,2010 FIFA Men's World Cup,T-44,Japan,JPN,round of 16,2010,2010-06-11,2010-07-11,South Africa,Spain,32,0,Japan Football Association,East Asia,Asian Football Confederation,AFC,0,0,,4,2,0,2,4,2,1,1,2,7.0,0.0,0.0,JPN,0,0.903,82.919,15.30135182,12.5298996,39084.56514,0.117,0.783,44968.1562349739,4.50252057826217,2000.0,2010.0,0.956,128.105431,90.6228586840649,,4,6,9,0.7419354838709677,0.8873239436619719,0.9516690819413725,0.863813092957566,0.5388738240993042,0.3920337583875723,0.44241303334767773,0.08987090311715719,0.712962962962963,0.8552278820375335,0.8807649848156773,,0.6614953467328796,10,0.08044013713808817
WC-2010,2010 FIFA Men's World Cup,T-13,Chile,CHL,round of 16,2010,2010-06-11,2010-07-11,South Africa,Spain,32,0,Football Federation of Chile,South America,South American Football Confederation,CONMEBOL,0,0,,4,2,0,2,3,5,0,0,-2,14.0,0.0,1.0,CHL,0,0.813,78.501,15.09842968,9.85243988,19825.32272,0.351,0.75,12632.8704724192,10.9380476804024,2000.0,2010.0,0.955,17.004162,86.9560135592209,66.3445205688477,4,6,10,0.7096774193548387,0.7288732394366196,0.8393460961533575,0.6525579768865575,0.5270982340994589,0.1910091889979842,0.12190526926183783,0.01171374333672537,0.7098765432098766,0.5415549597855228,0.8300505325640946,0.5446120004936958,0.5180543440205209,11,0.19162307533431788
WC-2010,2010 FIFA Men's World Cup,T-58,Portugal,PRT,round of 16,2010,2010-06-11,2010-07-11,South Africa,Spain,32,0,Portuguese Football Federation,Europe,Union of European Football Associations,UEFA,0,0,,4,1,2,1,7,1,0,0,6,8.0,1.0,1.0,PRT,0,0.831,80.035,16.15837175,8.058150291,30806.19023,0.127,0.749,22551.935098809,7.15194757001429,2000.0,2010.0,0.993,10.588401,61.0788867241731,,4,5,11,0.6774193548387097,0.7605633802816901,0.8783464266646328,0.5109861532069103,0.5886067675690312,0.3056255438152195,0.22022316410192874,0.007200404631385621,0.8271604938271606,0.8418230563002681,0.4721558660038266,,0.5412691256402054,10,0.1361502291985044
WC-2010,2010 FIFA Men's World Cup,T-83,United States,USA,round of 16,2010,2010-06-11,2010-07-11,South Africa,Spain,32,0,United States Soccer Federation,North America,"Confederation of North, Central American and Caribbean Association Football",CONCACAF,0,0,,4,1,2,1,5,5,1,0,0,9.0,0.0,0.0,USA,0,0.916,78.772,16.39607477,13.05183983,55567.74452,0.244,0.719,48642.6100179312,8.44940974508615,2000.0,2010.0,0.991,311.182845,80.6997744673366,,4,5,12,0.6451612903225806,0.9102112676056339,0.8462359850507211,0.9049948679987155,0.6024006951574402,0.564082272279005,0.4788342660177846,0.21866160755264177,0.8209876543209879,0.6849865951742627,0.7435233605954252,,0.677491857175262,10,-0.03233056685268132
WC-2010,2010 FIFA Men's World Cup,T-28,England,ENG,round of 16,2010,2010-06-11,2010-07-11,South Africa,Spain,32,0,The Football Association,Europe,Union of European Football Associations,UEFA,0,0,,4,1,2,1,3,5,0,0,-2,6.0,0.0,0.0,GBR,1,0.913,80.401,16.45912933,13.21277046,42040.60613,0.179,0.81,39778.3220528565,6.54599490555629,2000.0,2010.0,0.977,62.7600385,80.995165116277,59.8467292785645,4,5,13,0.6129032258064516,0.9049295774647889,0.8876515902677142,0.9176925077301661,0.6060597569344383,0.4228883919268246,0.3909713308712777,0.04390193868941936,0.7777777777777779,0.772117962466488,0.7476087731097837,0.489132045053198,0.6327937865719889,11,-0.019890560765537302
WC-2010,2010 FIFA Men's World Cup,T-46,Mexico,MEX,round of 16,2010,2010-06-11,2010-07-11,South Africa,Spain,32,0,Mexican Football Federation,North America,"Confederation of North, Central American and Caribbean Association Football",CONCACAF,0,0,,4,1,1,2,4,5,0,0,-1,9.0,0.0,0.0,MEX,0,0.747,74.19,13.42037964,8.005069733,17819.56652,0.417,0.7,9728.80078377082,28.0919890856832,2000.0,2010.0,0.955,112.5324005,76.5244441414713,27.1670207977295,4,4,14,0.5806451612903225,0.6126760563380281,0.7297434724023085,0.5067980269177857,0.4297208396452911,0.1700734601872402,0.09312009354101512,0.07891563821326092,0.7098765432098766,0.45308310991957107,0.6857762828661225,0.21010357378843908,0.42544428154808533,11,0.15520087974223717
WC-2010,2010 FIFA Men's World Cup,T-71,South Korea,KOR,round of 16,2010,2010-06-11,2010-07-11,South Africa,Spain,32,0,Korea Football Association,East Asia,Asian Football Confederation,AFC,0,0,,4,1,1,2,6,8,0,0,-2,6.0,0.0,0.0,KOR,0,0.89,80.763,16.7948494,11.6382103,34443.54124,0.095,0.746,24071.2620526362,7.54817757512849,2000.0,2010.0,0.93,48.813042,81.9685075986486,101.673286437988,4,4,15,0.5483870967741935,0.8644366197183099,0.8968550580937129,0.7934576268552501,0.6255416227330117,0.34359157095991716,0.2352827522083192,0.034090550901331874,0.6327160493827163,0.8847184986595175,0.76107062632857,0.8462588630389315,0.628910894443599,11,-0.08052379766940554
WC-2010,2010 FIFA Men's World Cup,T-68,Slovakia,SVK,round of 16,2010,2010-06-11,2010-07-11,South Africa,Spain,32,0,Slovak Football Association,Europe,Union of European Football Associations,UEFA,0,0,,4,1,1,2,5,7,0,0,-2,12.0,0.0,0.0,SVK,0,0.841,75.495,15.26029968,12.27445889,25132.30897,0.203,0.76,16899.448680529,9.64730121978485,2000.0,2010.0,0.994,5.396424,54.5650740704331,58.0442390441895,4,4,16,0.5161290322580645,0.778169014084507,0.7629217196755907,0.8436584828107845,0.53649156472999,0.24640257376346422,0.16419564677141954,0.0035479695186478263,0.830246913580247,0.739946380697051,0.38206631229847116,0.4737418803930002,0.5237625871202884,11,-0.007633554862223946
WC-2010,2010 FIFA Men's World Cup,T-42,Ivory Coast,CIV,group stage,2010,2010-06-11,2010-07-11,South Africa,Spain,32,0,Ivorian Football Federation,Africa,Confederation of African Football,CAF,0,0,,3,1,1,1,4,3,0,0,1,5.0,0.0,0.0,CIV,0,0.47,55.023,7.770457713,5.166125059,2670.426555,0.639,,1553.54887048143,140.502104783565,2000.0,2010.0,0.864,21.120042,47.2374301523201,6.53099472386889,6,4,17,0.4838709677419355,0.12499999999999993,0.2424427325655303,0.2828015342179659,0.10185536304679171,0.011949413992970153,0.012086892510790157,0.014609169227829132,0.4290123456790124,0.1554959785522788,0.28072103183273195,0.03390742406617857,0.15362562597200718,11,0.3302453417699283
WC-2010,2010 FIFA Men's World Cup,T-69,Slovenia,SVN,group stage,2010,2010-06-11,2010-07-11,South Africa,Spain,32,0,Football Association of Slovenia,Europe,Union of European Football Associations,UEFA,0,0,,3,1,1,1,3,3,0,0,0,9.0,0.0,0.0,SVN,0,0.89,79.704,17.08004951,12.05920029,32910.74506,0.128,0.778,23329.8417691156,5.4454222218647,2000.0,2010.0,1.003,2.0572875,50.1194862794826,90.2514877319336,6,4,18,0.4516129032258065,0.8644366197183099,0.8699311011110263,0.8266742943322057,0.6420918107177764,0.3275925152687897,0.2279337849202595,0.0011989646215104963,0.8580246913580245,0.8404825737265416,0.32058142758740205,0.748736358090236,0.5934258310410983,11,-0.14181292781529176
WC-2010,2010 FIFA Men's World Cup,T-75,Switzerland,CHE,group stage,2010,2010-06-11,2010-07-11,South Africa,Spain,32,0,Swiss Football Association,Europe,Union of European Football Associations,UEFA,0,0,,3,1,1,1,1,1,0,0,0,8.0,1.0,1.0,CHE,0,0.94,82.283,15.6798296,13.32365036,68652.04955,0.057,0.788,76531.3729407691,5.63342008636758,2000.0,2010.0,0.965,7.8224355,73.6086716419323,52.8040618896484,6,4,19,0.4193548387096774,0.9524647887323944,0.9354994533851984,0.9264410786122863,0.5608369236473949,0.7006539362654524,0.7552680391149748,0.005254612207262527,0.7407407407407408,0.935656836461126,0.6454495714371415,0.4289997854185117,0.6897514332747713,11,-0.2703965945650939
WC-2010,2010 FIFA Men's World Cup,T-70,South Africa,ZAF,group stage,2010,2010-06-11,2010-07-11,South Africa,Spain,32,0,South African Football Associaiton,Africa,Confederation of African Football,CAF,1,0,,3,1,1,1,3,5,0,0,-2,4.0,1.0,1.0,ZAF,0,0.675,58.899,13.49988567,9.669320107,13208.48997,0.456,0.616,7973.47195771517,71.0658259726498,2000.0,2010.0,0.967,51.7849215,62.6299120560569,,6,4,20,0.3870967741935484,0.48591549295774655,0.34098594055881837,0.638109584400559,0.4343345817031828,0.12194385790737144,0.07572125187294418,0.03618119903722031,0.7469135802469137,0.4008042895442359,0.4936073856226605,,0.3774517163851653,10,0.009645057808383095
WC-2010,2010 FIFA Men's World Cup,T-04,Australia,AUS,group stage,2010,2010-06-11,2010-07-11,South Africa,Spain,32,0,Football Australia,Oceania,Asian Football Confederation,AFC,0,0,,3,1,1,1,3,6,0,0,-3,7.0,2.0,2.0,AUS,0,0.924,82.055,22.42507193,12.03444004,43158.47472,0.136,0.683,52313.8939041213,6.19237808174438,2000.0,2010.0,0.963,22.0191685,86.2198600512143,,6,4,21,0.3548387096774194,0.9242957746478875,0.9297027940914757,0.8247206778319742,0.9522639415552518,0.4345565067487001,0.5152240786307843,0.015241683817048813,0.7345679012345679,0.8297587131367292,0.8198691312066471,,0.6980201202901067,10,-0.34318141061268737
WC-2010,2010 FIFA Men's World Cup,T-49,New Zealand,NZL,group stage,2010,2010-06-11,2010-07-11,South Africa,Spain,32,0,New Zealand Football,Oceania,Oceania Football Confederation,OFC,0,0,,3,0,3,0,2,2,0,0,0,6.0,0.0,0.0,NZL,0,0.924,81.102,18.78325384,13.37765026,35762.12254,0.166,0.787,33761.9009639947,7.38815221143317,2000.0,2010.0,0.963,4.3463385,85.8614043258228,,6,3,22,0.32258064516129037,0.9242957746478875,0.905473775201485,0.9307017422021471,0.7409289108786613,0.35735468958406413,0.33133648845330743,0.0028092587825300002,0.7345679012345679,0.789544235924933,0.8149114945596816,,0.6531924271469265,10,-0.3306117819856361
WC-2010,2010 FIFA Men's World Cup,T-66,Serbia,SRB,group stage,2010,2010-06-11,2010-07-11,South Africa,Spain,32,0,Football Association of Serbia,Europe,Union of European Football Associations,UEFA,0,0,,3,1,0,2,2,3,0,0,-1,9.0,0.0,1.0,SRB,0,0.768,74.375,13.54881954,10.37370968,14206.5076,0.207,0.703,5970.92660940072,12.5892048765066,2000.0,2010.0,0.97,7.6537485,59.3505550689338,49.0825119018555,6,3,23,0.29032258064516125,0.6496478873239437,0.7344469020923907,0.6936868541132561,0.4371742185719135,0.13236098958569875,0.05587199688933661,0.005135944824517495,0.756172839506173,0.7345844504021448,0.4482521039903541,0.397224153012298,0.4585962127556389,11,-0.16827363211047763
WC-2010,2010 FIFA Men's World Cup,T-22,Denmark,DNK,group stage,2010,2010-06-11,2010-07-11,South Africa,Spain,32,0,Danish Football Association,Europe,Union of European Football Associations,UEFA,0,0,,3,1,0,2,3,6,0,0,-3,6.0,0.0,0.0,DNK,0,0.913,79.246,16.89028931,12.42588997,51653.70093,0.049,0.784,58104.5445594981,5.6340143335809,2000.0,2010.0,0.99,5.5508485,86.8652420043945,72.4951477050781,6,3,24,0.25806451612903225,0.9049295774647889,0.8582869346350392,0.8556065954726468,0.6310800092776349,0.5232281768741542,0.5726210816381389,0.003656603564227569,0.8179012345679014,0.9463806970509383,0.8287951128432408,0.5971277715002938,0.6854194358990005,11,-0.4273549197699682
WC-2010,2010 FIFA Men's World Cup,T-33,Greece,GRC,group stage,2010,2010-06-11,2010-07-11,South Africa,Spain,32,0,Hellenic Football Associaiton,Europe,Union of European Football Associations,UEFA,0,0,,3,1,0,2,2,5,0,0,-3,5.0,0.0,0.0,GRC,0,0.874,80.51,17.18317986,10.20827007,32958.91976,0.153,0.755,26653.0488008626,6.40891981069982,2000.0,2010.0,0.969,11.033783,76.3631476983077,101.694053649902,6,3,25,0.22580645161290325,0.8362676056338029,0.8904228001932223,0.6806334498912526,0.6480764741859448,0.3280953542752147,0.26087345532122463,0.007513720513829127,0.7530864197530865,0.806970509383378,0.6835454657776808,0.8464361792899683,0.6129019485653276,11,-0.3870954969524244
WC-2010,2010 FIFA Men's World Cup,T-41,Italy,ITA,group stage,2010,2010-06-11,2010-07-11,South Africa,Spain,32,0,Italian Football Association,Europe,Union of European Football Associations,UEFA,0,0,,3,0,2,1,4,5,0,0,-1,5.0,0.0,0.0,ITA,0,0.88,82.137,16.23369026,9.82297039,42573.45431,0.123,0.777,35856.8625485539,5.56620309176568,2000.0,2010.0,0.967,59.82245,68.2163741829857,65.3790435791016,6,2,26,0.19354838709677424,0.846830985915493,0.9317875575216741,0.6502327951166881,0.5929775074654232,0.4284501670786494,0.3521017743469722,0.041835413474809444,0.7469135802469137,0.8471849865951743,0.5708711797414427,0.5363684885098561,0.5950504032739178,11,-0.40150201617714354
WC-2010,2010 FIFA Men's World Cup,T-50,Nigeria,NGA,group stage,2010,2010-06-11,2010-07-11,South Africa,Spain,32,0,Nigeria Football Federation,Africa,Confederation of African Football,CAF,0,0,,3,0,1,2,3,5,0,0,-2,5.0,1.0,1.0,NGA,0,0.488,50.945,8.181969643,5.839596653,4565.006426,0.67,0.479,2202.25672957344,182.310259129257,2000.0,2010.0,0.857,160.9528535,51.6778188255446,9.21187548100134,6,1,27,0.16129032258064513,0.15669014084507038,0.13876388782955787,0.3359393344613239,0.12573543728474826,0.03172470392578966,0.018516893067744122,0.11297830118574136,0.4074074074074075,0.11394101876675598,0.3421340099323439,0.05679753215096964,0.167329878805223,11,-0.006039556224577858
WC-2010,2010 FIFA Men's World Cup,T-01,Algeria,DZA,group stage,2010,2010-06-11,2010-07-11,South Africa,Spain,32,0,Algerian Football Federation,Africa,Confederation of African Football,CAF,0,0,,3,0,1,2,0,2,0,0,-2,6.0,0.0,2.0,DZA,0,0.721,73.808,14.23808002,7.319896221,10955.31455,0.517,0.68,4912.78585503672,41.5983290304524,2000.0,2010.0,0.84,35.8563435,67.1235057867459,30.7344437013341,6,1,28,0.12903225806451613,0.5669014084507042,0.720031525690896,0.45273692985435704,0.47717206609893303,0.09842561099573072,0.04538369226262918,0.024975814733094393,0.3549382716049383,0.3190348525469169,0.5557562184569174,0.24056322613605527,0.350538146984652,11,-0.2215058889201359
WC-2010,2010 FIFA Men's World Cup,T-30,France,FRA,group stage,2010,2010-06-11,2010-07-11,South Africa,Spain,32,0,French Football Association,Europe,Union of European Football Associations,UEFA,0,0,,3,0,1,2,1,4,0,0,-3,6.0,1.0,1.0,FRA,0,0.88,81.427,15.38066006,10.7787199,43113.32034,0.129,0.786,40694.8211697025,5.37918425539061,2000.0,2010.0,0.985,62.444567,77.0962844808803,54.881721496582,6,1,29,0.09677419354838712,0.846830985915493,0.9137365570894672,0.7256426965847332,0.5434760883857409,0.434085193308763,0.4000556817838998,0.043680011823474446,0.8024691358024693,0.839142091152815,0.6936851441899887,0.4467394229759031,0.6081402735466134,11,-0.5113660799982263
WC-2010,2010 FIFA Men's World Cup,T-35,Honduras,HND,group stage,2010,2010-06-11,2010-07-11,South Africa,Spain,32,0,National Autonomous Federation of Football of Honduras,Central America,"Confederation of North, Central American and Caribbean Association Football",CONCACAF,0,0,,3,0,1,2,0,3,0,0,-3,7.0,0.0,0.0,HND,0,0.596,71.088,10.24754047,5.425169826,4574.168511,0.467,0.582,1893.32722662035,37.3049824197461,2000.0,2010.0,0.98,8.4509325,51.3273733161098,19.2757550175649,6,1,30,0.06451612903225812,0.3468309859154929,0.6508783972745531,0.3032405092327506,0.24560069779497753,0.03182033615013526,0.015454779901999146,0.005696745235018692,0.7870370370370372,0.38605898123324395,0.33728715890648586,0.1427257442623731,0.29569376117673335,11,-0.23117763214447523
WC-2010,2010 FIFA Men's World Cup,T-11,Cameroon,CMR,group stage,2010,2010-06-11,2010-07-11,South Africa,Spain,32,0,Cameroonian Football Federation,Africa,Confederation of African Football,CAF,0,0,,3,0,0,3,2,5,0,0,-3,5.0,0.0,0.0,CMR,0,0.515,56.582,10.37228012,5.203209877,3267.73722,0.62,0.507,1398.58702025047,144.44860697042,2000.0,2010.0,0.86,19.8780365,50.8505075371362,11.5745716750246,6,0,31,0.032258064516129004,0.20422535211267606,0.28207866168357365,0.2857275754474721,0.2528393508819407,0.018184037173098,0.010550908678736162,0.013735447233603528,0.41666666666666674,0.18096514745308312,0.3306918471453437,0.07697089163696375,0.18842144419210524,11,-0.15616337967597624
WC-2010,2010 FIFA Men's World Cup,T-51,North Korea,PRK,group stage,2010,2010-06-11,2010-07-11,South Africa,Spain,32,0,Democratic People's Republic of Korea Football Association,East Asia,Asian Football Confederation,AFC,0,0,,3,0,0,3,1,12,0,0,-11,2.0,0.0,0.0,PRK,0,,70.419,,,,,,,100.234645477663,2000.0,2010.0,,24.6864355,60.307007469148,,6,0,32,0.0,,0.6338697785574454,,,,,0.01711804414103461,,,0.4614803582334722,,0.37082272697731744,3,-0.37082272697731744
WC-2011,2011 FIFA Women's World Cup,T-44,Japan,JPN,final,2011,2011-06-26,2011-07-17,Germany,Japan,16,1,Japan Football Association,East Asia,Asian Football Confederation,AFC,0,1,1.0,6,5,0,1,12,6,2,1,6,4.0,0.0,0.0,JPN,0,0.902,82.676,15.33269106,12.54383268,39246.80947,0.116,0.777,48760.0789494211,4.50252057826217,2000.0,2011.0,0.956,128.0072565,90.8631654434251,,1,15,1,1.0,0.8855633802816902,0.945491063483589,0.8649124314128338,0.5406924430097234,0.3937272360365313,0.47999861956201645,0.08980183963883757,0.712962962962963,0.8565683646112601,0.8840885573305718,,0.6653806898330017,10,0.3346193101669983
WC-2011,2011 FIFA Women's World Cup,T-83,United States,USA,final,2011,2011-06-26,2011-07-17,Germany,Japan,16,1,United States Soccer Federation,North America,"Confederation of North, Central American and Caribbean Association Football",CONCACAF,0,0,2.0,6,4,0,2,13,7,2,2,6,6.0,1.0,1.0,USA,0,0.918,78.82,16.45366955,13.10287952,56104.46423,0.243,0.727,50024.868799398,8.44940974508615,2000.0,2011.0,0.991,313.8766085,80.6957554256024,,1,12,2,0.9333333333333333,0.9137323943661972,0.847456334375715,0.9090219671011357,0.605742925410932,0.569684457776894,0.4925352326549491,0.22055660754836814,0.8209876543209879,0.6863270777479893,0.7434677750734884,,0.6809512426376658,10,0.2523820906956675
WC-2011,2011 FIFA Women's World Cup,T-74,Sweden,SWE,third-place match,2011,2011-06-26,2011-07-17,Germany,Japan,16,1,Swedish Football Association,Europe,Union of European Football Associations,UEFA,0,0,3.0,6,5,0,1,10,6,0,0,4,6.0,1.0,1.0,SWE,0,0.912,81.758,15.87300014,12.27527046,49948.03571,0.051,0.799,60379.4814599322,4.09662966290807,2000.0,2011.0,0.995,9.4673875,85.3600748880524,71.9184112548828,2,15,3,0.8666666666666667,0.9031690140845071,0.9221518826430732,0.8437225167580626,0.5720466274238715,0.505424744688409,0.5951702851537257,0.006411797696252224,0.8333333333333335,0.9436997319034852,0.8079778371597929,0.5922034347328765,0.6841192005070353,11,0.18254746615963136
WC-2011,2011 FIFA Women's World Cup,T-30,France,FRA,third-place match,2011,2011-06-26,2011-07-17,Germany,Japan,16,1,French Football Association,Europe,Union of European Football Associations,UEFA,0,0,4.0,6,3,0,3,10,10,1,1,0,5.0,1.0,1.0,FRA,0,0.884,81.813,15.4170599,10.85153961,43984.14355,0.126,0.791,43929.7840873812,5.37918425539061,2000.0,2011.0,0.986,62.7752685,77.1182717387509,55.6257286071777,2,9,4,0.8,0.8538732394366197,0.9235501995779627,0.7313882680954438,0.5455883743684334,0.44317469210560656,0.4321206754029291,0.043912652640341526,0.8055555555555557,0.8431635388739946,0.6939892398639149,0.453091963323727,0.6154007635676845,11,0.18459923643231557
WC-2011,2011 FIFA Women's World Cup,T-09,Brazil,BRA,quarter-final,2011,2011-06-26,2011-07-17,Germany,Japan,16,1,Brazilian Football Confederation,South America,South American Football Confederation,CONMEBOL,0,0,,4,3,0,1,9,2,1,1,7,7.0,0.0,0.0,BRA,0,0.727,73.343,13.90452539,7.006090164,14873.19706,0.447,0.665,13396.6263158041,34.4505214787492,2000.0,2011.0,0.992,198.185302,84.6225758599683,,3,9,5,0.7333333333333334,0.5774647887323944,0.7082093916050138,0.4279772165708569,0.4578158609779439,0.13931977636922777,0.1294756269035898,0.13917046309913228,0.8240740740740742,0.4128686327077748,0.7977778265315962,,0.4614153657571604,10,0.271917967576173
WC-2011,2011 FIFA Women's World Cup,T-31,Germany,DEU,quarter-final,2011,2011-06-26,2011-07-17,Germany,Japan,16,1,Germany Football Association,Europe,Union of European Football Associations,UEFA,1,0,,4,3,0,1,7,4,1,0,3,6.0,0.0,0.0,DEU,0,0.935,80.36,16.95152342,13.93054962,51009.63457,0.09,0.797,47630.9761883572,5.3549718459197,2000.0,2011.0,0.95,81.423378,80.3405762928198,,3,9,6,0.6666666666666667,0.9436619718309861,0.8866092085526149,0.9743262335810077,0.6346334301777172,0.5165055260110619,0.4688069386215989,0.057031164129121084,0.6944444444444444,0.8914209115281502,0.7385554554753085,,0.6805995284352011,10,-0.013932861768534366
WC-2011,2011 FIFA Women's World Cup,T-28,England,ENG,quarter-final,2011,2011-06-26,2011-07-17,Germany,Japan,16,1,The Football Association,Europe,Union of European Football Associations,UEFA,0,0,,4,2,1,1,6,3,1,1,3,5.0,0.0,0.0,GBR,1,0.909,80.805,15.77952957,13.18756962,42314.41137,0.169,0.811,42295.9273835322,6.54599490555629,2000.0,2011.0,0.978,63.286362,81.1359685592627,59.3426704406738,3,7,7,0.6,0.8978873239436621,0.897922863753083,0.915704128095724,0.5666225218562294,0.42574632264223294,0.4159258669564324,0.044272195035327484,0.7808641975308643,0.7855227882037533,0.7495561609167505,0.4848282500225105,0.6331684199051427,11,-0.03316841990514274
WC-2011,2011 FIFA Women's World Cup,T-04,Australia,AUS,quarter-final,2011,2011-06-26,2011-07-17,Germany,Japan,16,1,Football Australia,Oceania,Asian Football Confederation,AFC,0,0,,4,2,0,2,6,7,0,0,-1,5.0,0.0,0.0,AUS,0,0.927,82.134,22.58959368,12.11583996,44610.72803,0.131,0.682,62799.3895017032,6.19237808174438,2000.0,2011.0,0.965,22.357034,86.3268946146423,,3,6,8,0.5333333333333333,0.9295774647887325,0.931711285688862,0.8311432392693395,0.9618111534763218,0.4497148701942003,0.6191564444676333,0.015479364341362134,0.7407407407407408,0.8364611260053619,0.8213494771365749,,0.7137145166109129,10,-0.18038118327757957
WC-2011,2011 FIFA Women's World Cup,T-50,Nigeria,NGA,group stage,2011,2011-06-26,2011-07-17,Germany,Japan,16,1,Nigeria Football Federation,Africa,Confederation of African Football,CAF,0,0,,3,1,0,2,1,2,0,0,-1,2.0,0.0,0.0,NGA,0,0.494,51.357,8.470709801,5.87528429,4682.3148,0.674,0.485,2418.41316975875,182.310259129257,2000.0,2011.0,0.87,165.4637455,52.490352424079,9.74153350922586,6,3,9,0.4666666666666667,0.16725352112676053,0.14923855286909207,0.3387551362604766,0.14249105457273134,0.03294914800592928,0.020659438454393414,0.11615160883532609,0.44753086419753096,0.10857908847184981,0.353371789271997,0.06131990021295115,0.1762091002071853,11,0.2904575664594814
WC-2011,2011 FIFA Women's World Cup,T-53,Norway,NOR,group stage,2011,2011-06-26,2011-07-17,Germany,Japan,16,1,Norwegian Football Federation,Europe,Union of European Football Associations,UEFA,0,0,,3,1,0,2,2,5,0,0,-3,3.0,0.0,0.0,NOR,0,0.94,81.243,17.52289963,12.60601044,62216.95809,0.061,0.773,101221.813476644,4.85740011098321,2000.0,2011.0,0.993,4.953561,79.311620451463,71.0614166259766,6,3,10,0.4,0.9524647887323944,0.9090585513436554,0.8698183389817572,0.6677904429345581,0.6334855886472849,1.0,0.0032364256941408228,0.8271604938271606,0.9302949061662198,0.7243244394086845,0.5848861754211528,0.7365927410142735,11,-0.3365927410142735
WC-2011,2011 FIFA Women's World Cup,T-46,Mexico,MEX,group stage,2011,2011-06-26,2011-07-17,Germany,Japan,16,1,Mexican Football Federation,North America,"Confederation of North, Central American and Caribbean Association Football",CONCACAF,0,0,,3,0,2,1,3,7,0,0,-4,2.0,0.0,0.0,MEX,0,0.753,74.365,13.46401978,8.247494698,18134.34709,0.413,0.704,10664.4944032313,28.0919890856832,2000.0,2011.0,0.956,114.150481,76.5667802279537,28.0361595153809,6,2,11,0.33333333333333337,0.6232394366197184,0.7341926626496834,0.5259256775550791,0.43225328088692117,0.17335908415709825,0.10239470060788558,0.0800539202267283,0.712962962962963,0.45844504021447724,0.686361813850751,0.21752452271904246,0.43151937295003157,11,-0.0981860396166982
WC-2011,2011 FIFA Women's World Cup,T-49,New Zealand,NZL,group stage,2011,2011-06-26,2011-07-17,Germany,Japan,16,1,New Zealand Football,Oceania,Oceania Football Confederation,OFC,0,0,,3,0,1,2,4,6,0,0,-2,4.0,0.0,0.0,NZL,0,0.924,80.886,18.91256916,13.39171028,36428.07982,0.163,0.781,38431.7766788499,7.38815221143317,2000.0,2011.0,0.97,4.381269,85.8233151875134,,6,1,12,0.2666666666666667,0.9242957746478875,0.8999822032390106,0.9318110963914459,0.7484330905064672,0.36430583400212485,0.37762435598346744,0.0028338315771909714,0.756172839506173,0.7935656836461126,0.8143847011663614,,0.6613409410666241,10,-0.3946742743999574
WC-2011,2011 FIFA Women's World Cup,T-51,North Korea,PRK,group stage,2011,2011-06-26,2011-07-17,Germany,Japan,16,1,Democratic People's Republic of Korea Football Association,East Asia,Asian Football Confederation,AFC,0,0,,3,0,1,2,0,3,0,0,-3,,,,PRK,0,,70.978,,,,,,,100.234645477663,2000.0,2011.0,,24.7837895,60.4836230684404,29.8180599212646,6,1,13,0.19999999999999996,,0.6480817634047745,,,,,0.017186530416679797,,,0.4639230475405589,0.23273888567737072,0.340482556759846,4,-0.14048255675984606
WC-2011,2011 FIFA Women's World Cup,T-16,Colombia,COL,group stage,2011,2011-06-26,2011-07-17,Germany,Japan,16,1,Colombia Football Federation,South America,South American Football Confederation,CONMEBOL,0,0,,3,0,1,2,0,4,0,0,-4,,,,COL,0,0.738,75.32,14.50032043,7.518929958,12027.97526,0.452,0.708,7400.9940695669,25.0840399855096,2000.0,2011.0,0.991,45.3088995,76.839003613206,45.2873306274414,6,1,14,0.1333333333333333,0.596830985915493,0.7584725294282154,0.4684409551653267,0.492389900631682,0.10962185395412222,0.0700468437583431,0.03162546811937101,0.8209876543209879,0.4061662198391421,0.6901268105722118,0.36481983613188784,0.43722991434879854,11,-0.30389658101546524
WC-2011,2011 FIFA Women's World Cup,T-29,Equatorial Guinea,GNQ,group stage,2011,2011-06-26,2011-07-17,Germany,Japan,16,1,Equatoguinean Football Federation,Africa,Confederation of African Football,CAF,0,0,,3,0,0,3,2,7,0,0,-5,6.0,0.0,0.0,GNQ,0,0.618,58.412,9.415403133,7.466370009,17559.69006,,0.572,17198.2136668275,155.908909711243,2000.0,2011.0,,1.144588,55.9743349096911,,6,0,15,0.06666666666666665,0.3855633802816901,0.3286044796989805,0.4642939056154342,0.19731169343066796,0.16736091561634164,0.1671570091186965,0.0005569017423455407,,,0.40155715227378,,0.26405067972224205,8,-0.1973840130555754
WC-2011,2011 FIFA Women's World Cup,T-12,Canada,CAN,group stage,2011,2011-06-26,2011-07-17,Germany,Japan,16,1,Canadian Soccer Association,North America,"Confederation of North, Central American and Caribbean Association Football",CONCACAF,0,0,,3,0,0,3,1,7,0,0,-6,1.0,0.0,0.0,CAN,0,0.914,81.529,15.24262047,13.56276035,44935.53634,0.128,0.673,52223.8588398531,6.22855252659155,2000.0,2011.0,0.981,34.323531,81.1031425434213,63.1586990356445,6,0,16,0.0,0.9066901408450705,0.9163297994050797,0.9453071733340354,0.5354656385866863,0.453105161942338,0.5143316499276694,0.0238975167752561,0.7901234567901236,0.8404825737265416,0.7491021593551032,0.5174105671439047,0.6538405307119824,11,-0.6538405307119824
WC-2014,2014 FIFA Men's World Cup,T-31,Germany,DEU,final,2014,2014-06-12,2014-07-13,Brazil,Germany,32,0,Germany Football Association,Europe,Union of European Football Associations,UEFA,0,1,1.0,7,6,1,0,18,4,2,0,14,6.0,0.0,0.0,DEU,0,0.942,80.915,17.11840057,14.03711987,51852.20271,0.078,0.807,48959.5991203133,3.65013704194822,2023.0,2014.0,0.952,81.858825,80.57574023743,65.1844787597656,1,19,1,1.0,0.9559859154929577,0.9007194976228615,0.9827347673734288,0.6443173261722235,0.5253001033797435,0.48197626603566346,0.05733749097004051,0.7006172839506173,0.9075067024128687,0.7418079000793699,0.5347072397832014,0.6757282266611797,11,0.3242717733388203
WC-2014,2014 FIFA Men's World Cup,T-03,Argentina,ARG,final,2014,2014-06-12,2014-07-13,Brazil,Germany,32,0,Argentine Football Association,South America,South American Football Confederation,CONMEBOL,0,0,2.0,7,6,0,1,8,4,3,1,4,8.0,0.0,0.0,ARG,0,0.847,76.755,17.42231941,10.90851021,23086.01735,0.349,0.774,12233.1444119186,9.64850748979662,2023.0,2014.0,0.996,42.8240535,91.3975345472954,81.072589697739,1,18,2,0.967741935483871,0.7887323943661971,0.7949558894566904,0.7358833238476308,0.6619537637392064,0.2250437434011211,0.11794317946190014,0.029877436727832475,0.8364197530864199,0.5442359249329759,0.8914791711907913,0.67036436502676,0.5724444495670478,11,0.39529748591682323
WC-2014,2014 FIFA Men's World Cup,T-48,Netherlands,NLD,third-place match,2014,2014-06-12,2014-07-13,Brazil,Germany,32,0,Royal Dutch Football Association,Europe,Union of European Football Associations,UEFA,0,0,3.0,7,6,0,1,15,4,2,2,11,11.0,0.0,0.0,NLD,0,0.931,81.642,18.15981293,12.09368992,51664.46399,0.038,0.787,53457.2234864322,3.95729864744157,2023.0,2014.0,0.954,16.954081,89.8364787097165,,2,18,3,0.935483870967742,0.9366197183098592,0.9192027051076704,0.8293955717932523,0.7047505789071455,0.5233405197926674,0.5265567760045005,0.011678512517543961,0.7067901234567902,0.9611260053619303,0.8698889242505644,,0.6989349435501925,10,0.23654892741754951
WC-2014,2014 FIFA Men's World Cup,T-09,Brazil,BRA,third-place match,2014,2014-06-12,2014-07-13,Brazil,Germany,32,0,Brazilian Football Confederation,South America,South American Football Confederation,CONMEBOL,1,0,4.0,7,4,1,2,11,14,1,1,-3,14.0,0.0,0.0,BRA,0,0.753,74.306,15.36814022,7.379069805,15401.04098,0.44,0.688,12274.9941630213,14.4415264259814,2023.0,2014.0,0.989,203.4596505,85.4331367898168,47.8131904602051,2,13,4,0.9032258064516129,0.6232394366197184,0.7326926499377114,0.4574058039602419,0.5427495609466766,0.14482931793939469,0.11835799472755053,0.14288084464708906,0.814814814814815,0.4222520107238606,0.8089883227958882,0.3863863323011678,0.47223609903764674,11,0.43098970741396614
WC-2014,2014 FIFA Men's World Cup,T-16,Colombia,COL,quarter-finals,2014,2014-06-12,2014-07-13,Brazil,Germany,32,0,Colombia Football Federation,South America,South American Football Confederation,CONMEBOL,0,0,,5,4,0,1,12,4,0,0,8,5.0,0.0,0.0,COL,0,0.755,76.043,14.60217953,7.992390156,13531.03522,0.421,0.719,8187.20824890084,12.028780178557,2023.0,2014.0,0.992,46.677947,77.1058449419909,53.1794395446777,3,12,5,0.8709677419354839,0.6267605633802817,0.7768540411359421,0.5057975915084844,0.4983007933482344,0.125310528235098,0.0778398087119021,0.03258856120703413,0.8240740740740742,0.4477211796246649,0.6938173705404314,0.43220486459757473,0.45829721603306567,11,0.4126705259024182
WC-2014,2014 FIFA Men's World Cup,T-06,Belgium,BEL,quarter-finals,2014,2014-06-12,2014-07-13,Brazil,Germany,32,0,Royal Belgian Football Association,Europe,Union of European Football Associations,UEFA,0,0,,5,4,0,1,6,3,1,0,3,7.0,1.0,1.0,BEL,0,0.922,81.081,19.70776939,11.64029026,49762.82526,0.068,0.784,47995.7786961339,3.60260920510039,2023.0,2014.0,0.968,11.176723,85.9848336685807,74.0397262573242,3,12,6,0.8387096774193549,0.9207746478873241,0.9049398723718,0.7936217384525006,0.7945786312358455,0.5034915507368631,0.47242286572238296,0.0076142754806586685,0.7500000000000001,0.9209115281501341,0.8166185891591586,0.6103158142404644,0.6813899557670121,11,0.15731972165234276
WC-2014,2014 FIFA Men's World Cup,T-30,France,FRA,quarter-finals,2014,2014-06-12,2014-07-13,Brazil,Germany,32,0,French Football Association,Europe,Union of European Football Associations,UEFA,0,0,,5,3,1,1,10,3,0,0,7,5.0,0.0,0.0,FRA,0,0.892,82.476,15.44229031,11.22550011,43945.59701,0.103,0.805,43148.0459288416,4.32146435845036,2023.0,2014.0,0.986,63.588491,77.3524296788613,61.5104789733887,3,10,7,0.8064516129032258,0.8679577464788734,0.9404062746294461,0.7608942465582953,0.5470524973255834,0.4427723501320245,0.42437207682446043,0.044484735762718296,0.8055555555555557,0.8739946380697051,0.6972277708813825,0.5033376042669914,0.6280050451350033,11,0.17844656776822243
WC-2014,2014 FIFA Men's World Cup,T-17,Costa Rica,CRI,quarter-finals,2014,2014-06-12,2014-07-13,Brazil,Germany,32,0,Costa Rican Football Federation,Central America,"Confederation of North, Central American and Caribbean Association Football",CONCACAF,0,0,,5,3,1,1,5,2,2,2,3,11.0,0.0,1.0,CRI,0,0.79,78.774,14.63490963,8.750249863,17749.45381,0.302,0.747,10911.497878334,10.459823886318,2023.0,2014.0,0.978,4.8442885,74.4866963181212,50.3342781066895,3,10,8,0.7741935483870968,0.688380281690141,0.8462868329392623,0.5655937255723894,0.5002001239893065,0.16934163610874733,0.10484300219729896,0.003159555030835373,0.7808641975308643,0.6072386058981234,0.657593127818784,0.4079120822121731,0.484673924635266,11,0.28951962375183077
WC-2014,2014 FIFA Men's World Cup,T-46,Mexico,MEX,round of 16,2014,2014-06-12,2014-07-13,Brazil,Germany,32,0,Mexican Football Federation,North America,"Confederation of North, Central American and Caribbean Association Football",CONCACAF,0,0,,4,2,1,1,5,3,0,0,2,8.0,0.0,0.0,MEX,0,0.765,74.797,14.08321953,8.403470039,18671.64772,0.386,0.715,11391.3773497683,12.4590753638058,2023.0,2014.0,0.958,118.7558875,76.9741367091766,31.2052898406982,4,7,9,0.7419354838709677,0.6443661971830986,0.745175806574632,0.5382323384250959,0.46818549796292214,0.17896733319530236,0.10959957362671288,0.08329371662972293,0.7191358024691359,0.49463806970509383,0.6919957744116653,0.24458344187772035,0.4471066865510094,11,0.29482879731995837
WC-2014,2014 FIFA Men's World Cup,T-13,Chile,CHL,round of 16,2014,2014-06-12,2014-07-13,Brazil,Germany,32,0,Football Federation of Chile,South America,South American Football Confederation,CONMEBOL,0,0,,4,2,0,2,6,4,1,1,2,7.0,0.0,0.0,CHL,0,0.841,79.473,16.26062965,10.13243484,23148.29938,0.293,0.777,14529.6767206336,7.16415210639038,2023.0,2014.0,0.963,17.687108,87.3133701497978,83.6629791259766,4,6,10,0.7096774193548387,0.778169014084507,0.8640581699844915,0.6746499498608876,0.5945408026853825,0.22569383222540726,0.14070643693926296,0.012194179970112578,0.7345679012345679,0.6193029490616623,0.8349929675818188,0.6924818328911203,0.5610325487744746,11,0.14864487058036413
WC-2014,2014 FIFA Men's World Cup,T-75,Switzerland,CHE,round of 16,2014,2014-06-12,2014-07-13,Brazil,Germany,32,0,Swiss Football Association,Europe,Union of European Football Associations,UEFA,0,0,,4,2,0,2,7,7,1,0,0,3.0,0.0,0.0,CHE,0,0.951,83.085,16.08971977,13.64011002,66835.76312,0.042,0.803,88724.9909402638,3.94356458065003,2023.0,2014.0,0.966,8.187791,74.7402679059582,58.0650596618652,4,6,11,0.6774193548387097,0.9718309859154929,0.9558894566903109,0.9514101646850702,0.5846228870069713,0.6816958594358186,0.8761313359428834,0.005511631307468841,0.7438271604938272,0.9557640750670241,0.6611001600892742,0.47391965263733477,0.714700306297407,11,-0.03728095145869725
WC-2014,2014 FIFA Men's World Cup,T-84,Uruguay,URY,round of 16,2014,2014-06-12,2014-07-13,Brazil,Germany,32,0,Uruguayan Football Association,South America,South American Football Confederation,CONMEBOL,0,0,,4,2,0,2,4,6,0,0,-2,8.0,1.0,1.0,URY,0,0.805,77.366,15.88829994,8.613840103,21382.89388,0.328,0.752,18322.4276767157,6.66247086496002,2023.0,2014.0,1.021,3.3916615,94.9897821210514,59.826704311423,4,6,12,0.6451612903225806,0.7147887323943664,0.8104899194060968,0.554830814942302,0.5729344761912836,0.20726684155276423,0.17830023269522982,0.002137665708037725,0.9135802469135802,0.5723860589812332,0.9411618989451753,0.4889610662951746,0.5415307230932039,11,0.10363056722937669
WC-2014,2014 FIFA Men's World Cup,T-01,Algeria,DZA,round of 16,2014,2014-06-12,2014-07-13,Brazil,Germany,32,0,Algerian Football Federation,Africa,Confederation of African Football,CAF,0,0,,4,1,1,2,7,7,1,0,0,6.0,0.0,0.0,DZA,0,0.732,75.11,14.74518871,7.186728954,11289.71929,0.417,0.689,6094.69392314956,22.0007752577279,2023.0,2014.0,0.857,38.7601675,69.5468765157615,36.0427983596258,4,4,13,0.6129032258064516,0.5862676056338028,0.7531335011313657,0.44222985621406946,0.5065996289010926,0.10191606858457794,0.05709878007869344,0.027018587406935343,0.4074074074074075,0.45308310991957107,0.5892727469549063,0.28588743966454905,0.38271952108154284,11,0.2301837047249088
WC-2014,2014 FIFA Men's World Cup,T-83,United States,USA,round of 16,2014,2014-06-12,2014-07-13,Brazil,Germany,32,0,United States Soccer Federation,North America,"Confederation of North, Central American and Caribbean Association Football",CONCACAF,0,0,,4,1,1,2,5,6,1,0,-1,4.0,0.0,0.0,USA,0,0.923,79.017,16.55954933,13.22457981,58399.97067,0.221,0.727,54973.4207515712,6.47895139752497,2023.0,2014.0,0.993,322.0339635,80.6242231779766,88.6268692016602,4,4,14,0.5806451612903225,0.9225352112676057,0.8524648513970458,0.9186242810772449,0.6118871385488075,0.5936445483956624,0.5415853425967745,0.22629511714289588,0.8271604938271606,0.7158176943699732,0.7424784453818448,0.7348649116801056,0.6988507305168291,11,-0.1182055692265066
WC-2014,2014 FIFA Men's World Cup,T-33,Greece,GRC,round of 16,2014,2014-06-12,2014-07-13,Brazil,Germany,32,0,Hellenic Football Associaiton,Europe,Union of European Football Associations,UEFA,0,0,,4,1,1,2,3,5,1,1,-2,7.0,0.0,1.0,GRC,0,0.879,81.007,17.86989975,10.59597969,28309.77422,0.119,0.788,21474.7257123892,3.74471124257334,2023.0,2014.0,0.971,10.8629685,77.3130486275866,119.104209899902,4,4,15,0.5483870967741935,0.8450704225352114,0.9030585004957672,0.7112242521218636,0.687926891047204,0.2795683946042837,0.2095458509515528,0.007393556484295723,0.7592592592592593,0.8525469168900804,0.6966831096326823,0.9950889521801248,0.6315787369274841,11,-0.08319164015329061
WC-2014,2014 FIFA Men's World Cup,T-50,Nigeria,NGA,round of 16,2014,2014-06-12,2014-07-13,Brazil,Germany,32,0,Nigeria Football Federation,Africa,Confederation of African Football,CAF,0,0,,4,1,1,2,3,5,0,0,-2,3.0,0.0,0.0,NGA,0,0.513,51.791,9.099665233,6.296143055,5223.10365,0.677,0.503,3088.72131316169,104.90961558358,2023.0,2014.0,0.862,179.3790165,54.9232435340404,,4,4,16,0.5161290322580645,0.2007042253521127,0.16027254468258195,0.37196144991122926,0.1789893947509274,0.038593806468146225,0.027303541304395045,0.1259406784717405,0.4228395061728396,0.10455764075067019,0.3870199897900616,,0.20181827776547046,10,0.31431075449259405
WC-2014,2014 FIFA Men's World Cup,T-25,Ecuador,ECU,group stage,2014,2014-06-12,2014-07-13,Brazil,Germany,32,0,Ecuadorian Football Federation,South America,South American Football Confederation,CONMEBOL,0,0,,3,1,1,1,3,3,0,0,0,5.0,1.0,1.0,ECU,0,0.759,76.622,15.00487995,8.361359596,11882.95575,0.396,0.72,6405.79979300441,13.0549329900104,2023.0,2014.0,0.977,15.957994,62.9232432195799,,6,4,17,0.4838709677419355,0.6338028169014085,0.7915745048686854,0.5349097687306519,0.521669534869911,0.10810816593280291,0.06018246542087241,0.010977788470780726,0.7777777777777779,0.4812332439678284,0.49766431433928343,,0.44179003812800033,10,0.04208092961393517
WC-2014,2014 FIFA Men's World Cup,T-58,Portugal,PRT,group stage,2014,2014-06-12,2014-07-13,Brazil,Germany,32,0,Portuguese Football Federation,Europe,Union of European Football Associations,UEFA,0,0,,3,1,1,1,4,7,0,0,-3,2.0,1.0,1.0,PRT,0,0.847,81.216,16.3393541,8.870940208,29831.45603,0.091,0.787,22120.6850127107,3.16403166892804,2023.0,2014.0,0.985,10.408372,61.1394537361116,,6,4,18,0.4516129032258065,0.7887323943661971,0.9083721048483462,0.5751163535511308,0.5991091895857146,0.29545144046519245,0.21594860775898606,0.007073758415327447,0.8024691358024693,0.8900804289544236,0.472993540552491,,0.5555346954300278,10,-0.10392179220422126
WC-2014,2014 FIFA Men's World Cup,T-18,Croatia,HRV,group stage,2014,2014-06-12,2014-07-13,Brazil,Germany,32,0,Croatian Football Federation,Europe,Union of European Football Associations,UEFA,0,0,,3,1,0,2,6,6,0,0,0,4.0,1.0,1.0,HRV,0,0.842,77.953,15.35783005,11.5256223,23763.86638,0.118,0.776,14186.7295493276,4.56840290804215,2023.0,2014.0,0.982,4.283972,55.4591834926844,68.6392517089844,6,3,19,0.4193548387096774,0.7799295774647887,0.825413774693006,0.7845742846221118,0.5421512608560669,0.23211901180448233,0.1373071402117809,0.0027653853997206077,0.79320987654321,0.853887399463807,0.3944323294218105,0.5642050553819145,0.5372722814420636,11,-0.11791744273238625
WC-2014,2014 FIFA Men's World Cup,T-08,Bosnia and Herzegovina,BIH,group stage,2014,2014-06-12,2014-07-13,Brazil,Germany,32,0,Football Association of Bosnia and Herzegovina,Europe,Union of European Football Associations,UEFA,0,0,,3,1,0,2,4,4,0,0,0,3.0,0.0,0.0,BIH,0,0.751,75.659,13.64599991,9.194009781,11864.1027,0.167,0.693,5206.06573475132,6.04210838863635,2023.0,2014.0,0.925,3.5710675,47.130783484831,54.1655807495117,6,3,20,0.3870967741935484,0.619718309859155,0.7670912465359878,0.6006069705091802,0.4428136041665719,0.10791138112812154,0.04829068616362459,0.002263873658079845,0.6172839506172842,0.7882037533512064,0.27924605071353437,0.4406248134168057,0.4285504218290501,11,-0.041453647635501745
WC-2014,2014 FIFA Men's World Cup,T-42,Ivory Coast,CIV,group stage,2014,2014-06-12,2014-07-13,Brazil,Germany,32,0,Ivorian Football Federation,Africa,Confederation of African Football,CAF,0,0,,3,1,0,2,4,5,0,0,-1,7.0,0.0,0.0,CIV,0,0.499,57.208,8.283729553,4.677680016,4155.854098,0.627,,1991.36539423404,67.1289060913335,2023.0,2014.0,0.869,22.9955555,49.0173144557368,7.73897659286671,6,3,21,0.3548387096774194,0.176056338028169,0.2979940507970406,0.2442625737688153,0.13164057399669676,0.02745404422084019,0.01642653546734888,0.015928549371811616,0.4444444444444446,0.17158176943699732,0.3053377948662698,0.04422151038734869,0.17048619861688935,11,0.18435251106053002
WC-2014,2014 FIFA Men's World Cup,T-41,Italy,ITA,group stage,2014,2014-06-12,2014-07-13,Brazil,Germany,32,0,Italian Football Association,Europe,Union of European Football Associations,UEFA,0,0,,3,1,0,2,2,3,0,0,-1,3.0,1.0,1.0,ITA,0,0.882,82.908,15.96397972,10.22185993,39901.02249,0.082,0.798,36028.3494022349,2.75590246778776,2023.0,2014.0,0.966,60.3227915,69.5807638614879,60.8831481933594,6,3,22,0.32258064516129037,0.8503521126760564,0.9513894185543947,0.681705707834199,0.5773261806182055,0.400555795943851,0.3538015542235756,0.04218739208776553,0.7438271604938272,0.9021447721179625,0.5897414272831618,0.49798127899158207,0.5991829818931438,11,-0.2766023367318534
WC-2014,2014 FIFA Men's World Cup,T-73,Spain,ESP,group stage,2014,2014-06-12,2014-07-13,Brazil,Germany,32,0,Royal Spanish Football Federation,Europe,Union of European Football Associations,UEFA,0,0,,3,1,0,2,4,7,0,0,-3,3.0,0.0,0.0,ESP,0,0.884,82.858,17.28533936,9.720040321,35852.33164,0.079,0.808,29707.765509467,3.11564700190687,2023.0,2014.0,0.98,46.464551,79.1196713833488,87.9358520507812,6,3,23,0.29032258064516125,0.8538732394366197,0.9501182213408591,0.6421114764236876,0.654004799141463,0.3582962762304677,0.2911518462214911,0.03243844208221563,0.7870370370370372,0.9061662198391421,0.7216696799306639,0.7289648143967845,0.6296210956436756,11,-0.3392985149985144
WC-2014,2014 FIFA Men's World Cup,T-62,Russia,RUS,group stage,2014,2014-06-12,2014-07-13,Brazil,Germany,32,0,Russian Football Union,"Europe, Asia",Union of European Football Associations,UEFA,0,0,,3,0,2,1,2,3,0,0,-1,4.0,0.0,0.0,RUS,0,0.818,71.566,14.87290001,12.3682824,25127.72656,0.223,0.719,14055.47265625,4.49785802104388,2023.0,2014.0,1.022,144.28507,74.1776476748791,84.5181387513356,6,2,24,0.25806451612903225,0.7376760563380281,0.6630310426359547,0.8510612819443003,0.514010727104311,0.24635474337756808,0.13600612021677985,0.10125290299793897,0.916666666666667,0.7131367292225201,0.6533188178527242,0.6997834244304451,0.566572592071567,11,-0.3085080759425347
WC-2014,2014 FIFA Men's World Cup,T-32,Ghana,GHA,group stage,2014,2014-06-12,2014-07-13,Brazil,Germany,32,0,Ghana Football Association,Africa,Confederation of African Football,CAF,0,0,,3,0,1,2,4,6,0,0,-2,6.0,0.0,0.0,GHA,0,0.582,63.045,10.72198963,6.746334348,4380.781895,0.545,0.568,1949.90832923846,37.0640028290563,2023.0,2014.0,0.908,28.1963585,53.0663398797148,15.0809451652103,6,1,25,0.22580645161290325,0.3221830985915492,0.4463936135051993,0.40748213884875417,0.27313302513949966,0.029801800822559822,0.01601561251139091,0.019587193370356304,0.5648148148148151,0.2815013404825737,0.36133800745733574,0.1069092870551347,0.2571963575090153,11,-0.03138990589611207
WC-2014,2014 FIFA Men's World Cup,T-28,England,ENG,group stage,2014,2014-06-12,2014-07-13,Brazil,Germany,32,0,The Football Association,Europe,Union of European Football Associations,UEFA,0,0,,3,0,1,2,2,4,0,0,-2,4.0,0.0,0.0,GBR,1,0.924,81.16,17.50185966,12.88897991,43207.87438,0.144,0.823,47746.2421759562,4.45700917956078,2023.0,2014.0,0.981,64.773504,81.6355750750722,56.5240287780762,6,1,26,0.19354838709677424,0.9242957746478875,0.9069483639691862,0.8921450047324568,0.66656949158677,0.4350721316711623,0.46994945655794207,0.04531836485819595,0.7901234567901236,0.8190348525469169,0.7564659893736255,0.4607619008805346,0.6515167988740728,11,-0.4579684117772985
WC-2014,2014 FIFA Men's World Cup,T-71,South Korea,KOR,group stage,2014,2014-06-12,2014-07-13,Brazil,Germany,32,0,Korea Football Association,East Asia,Asian Football Confederation,AFC,0,0,,3,0,1,2,3,6,0,0,-3,6.0,0.0,0.0,KOR,0,0.906,82.378,16.61566925,12.02070618,38144.21084,0.091,0.753,30667.0912467447,2.7607253167146,2023.0,2014.0,0.935,50.5580425,81.7315682816954,94.4421691894531,6,1,27,0.16129032258064513,0.892605633802817,0.9379147280909161,0.8236370580984146,0.615143782544106,0.3822185063590272,0.3006606951409875,0.035318118184073106,0.6481481481481485,0.8900804289544236,0.7577936273643291,0.7845175659102196,0.6425489356906783,11,-0.48125861311003315
WC-2014,2014 FIFA Men's World Cup,T-38,Iran,IRN,group stage,2014,2014-06-12,2014-07-13,Brazil,Germany,32,0,Football Federation Islamic Republic of Iran,Middle East,Asian Football Confederation,AFC,0,0,,3,0,1,2,1,4,0,0,-3,4.0,0.0,0.0,IRN,0,0.783,74.782,15.11425972,10.11600018,14620.21042,0.539,0.719,5672.06372896319,11.7733135336402,2023.0,2014.0,0.867,79.961672,72.8324070385223,64.4999084472656,6,1,28,0.12903225806451613,0.6760563380281691,0.7447944474105713,0.6733532334322693,0.5280168527416689,0.1366791465221001,0.052909664214107505,0.05600288794089846,0.4382716049382717,0.28954423592493295,0.6347134119256582,0.5288621874051445,0.4326549100439811,11,-0.303622651979465
WC-2014,2014 FIFA Men's World Cup,T-44,Japan,JPN,group stage,2014,2014-06-12,2014-07-13,Brazil,Germany,32,0,Japan Football Association,East Asia,Asian Football Confederation,AFC,0,0,,3,0,1,2,2,6,0,0,-4,4.0,0.0,0.0,JPN,0,0.91,83.653,15.40052986,12.58563194,41190.30434,0.127,0.784,38475.3952461838,2.36329370011246,2023.0,2014.0,0.96,127.476735,91.2548945132333,62.8334884643555,6,1,29,0.09677419354838712,0.8996478873239437,0.9703302570360769,0.8682104483566639,0.5446291346633868,0.4140130920859316,0.37805670377811734,0.08942863009752751,0.7253086419753088,0.8418230563002681,0.8895063823354361,0.5146338285264496,0.6486898238617372,11,-0.5519156303133501
WC-2014,2014 FIFA Men's World Cup,T-04,Australia,AUS,group stage,2014,2014-06-12,2014-07-13,Brazil,Germany,32,0,Football Australia,Oceania,Asian Football Confederation,AFC,0,0,,3,0,0,3,3,9,0,0,-6,6.0,0.0,0.0,AUS,0,0.931,82.568,23.08315892,12.16699982,46153.7987,0.117,0.698,62817.2061751737,3.66551302275429,2023.0,2014.0,0.961,23.4695795,86.7221289343356,,6,0,30,0.06451612903225812,0.9366197183098592,0.9427452775023518,0.8351798199438291,0.9904527886592308,0.4658211691965083,0.6193330435618677,0.0162620142353656,0.7283950617283951,0.8552278820375335,0.8268157816440841,,0.7216852556819026,10,-0.6571691266496444
WC-2014,2014 FIFA Men's World Cup,T-35,Honduras,HND,group stage,2014,2014-06-12,2014-07-13,Brazil,Germany,32,0,National Autonomous Federation of Football of Honduras,Central America,"Confederation of North, Central American and Caribbean Association Football",CONCACAF,0,0,,3,0,0,3,1,8,0,0,-7,6.0,0.0,1.0,HND,0,0.603,72.259,9.511977939,6.175799847,4693.282337,0.43,0.589,2179.88171977271,15.5105947245687,2023.0,2014.0,0.999,9.1278465,53.8768089124249,19.7241865242748,6,0,31,0.032258064516129004,0.35915492957746475,0.6806498360155596,0.36246621150129443,0.2029159380920469,0.03306362521923855,0.018295111685779793,0.006172938496642114,0.8456790123456792,0.435656836461126,0.37254723273447676,0.14655457761495932,0.31483238634038796,11,-0.28257432182425896
WC-2014,2014 FIFA Men's World Cup,T-11,Cameroon,CMR,group stage,2014,2014-06-12,2014-07-13,Brazil,Germany,32,0,Cameroonian Football Federation,Africa,Confederation of African Football,CAF,0,0,,3,0,0,3,1,9,0,0,-8,4.0,1.0,1.0,CMR,0,0.553,58.935,11.93564034,5.811460018,3502.030877,0.576,0.544,1649.4433905949,67.2353405456744,2023.0,2014.0,0.853,22.299585,52.2993944376709,16.7535896301269,6,0,32,0.0,0.27112676056338036,0.34190120255256407,0.3337193167152595,0.34356128478618514,0.020629552966607435,0.013037400214830457,0.015438950305477216,0.3950617283950618,0.23994638069705101,0.35073073699025825,0.12119079229833,0.2223949187713641,11,-0.2223949187713641
WC-2015,2015 FIFA Women's World Cup,T-83,United States,USA,final,2015,2015-06-06,2015-07-05,Canada,United States,24,1,United States Soccer Federation,North America,"Confederation of North, Central American and Caribbean Association Football",CONCACAF,0,1,1.0,7,6,1,0,14,3,0,0,11,6.0,0.0,0.0,USA,0,0.924,78.869,16.59604073,13.25187969,59469.66152,0.217,0.728,56572.9188996063,6.47895139752497,2023.0,2015.0,0.993,324.6077765,80.5707989535091,88.8894119262695,1,19,1,1.0,0.9242957746478875,0.8487021076449802,0.9207782777461938,0.614004737766519,0.60480979248013,0.5574395886006814,0.2281057347505665,0.8271604938271606,0.7211796246648794,0.7417395594489543,0.7371065747332622,0.7023020242101106,11,0.29769797578988944
WC-2015,2015 FIFA Women's World Cup,T-44,Japan,JPN,final,2015,2015-06-06,2015-07-05,Canada,United States,24,1,Japan Football Association,East Asia,Asian Football Confederation,AFC,0,0,2.0,7,6,0,1,11,8,0,0,3,6.0,0.0,0.0,JPN,0,0.913,83.893,15.41378021,12.59956503,41987.58987,0.118,0.792,34960.6393843385,2.36329370011246,2023.0,2015.0,0.96,127.250933,91.3532644103625,62.4498481750488,1,18,2,0.9565217391304348,0.9049295774647889,0.9764320036610482,0.869309787600945,0.5453980536633266,0.4223350175725936,0.3432183989349245,0.0892697836401325,0.7253086419753088,0.853887399463807,0.8908668912418941,0.5113582006699895,0.6483921596262509,11,0.30812957950418396
WC-2015,2015 FIFA Women's World Cup,T-28,England,ENG,third-place match,2015,2015-06-06,2015-07-05,Canada,United States,24,1,The Football Association,Europe,Union of European Football Associations,UEFA,0,0,3.0,7,5,0,2,10,7,1,0,3,8.0,0.0,0.0,GBR,1,0.923,80.924,17.30816078,12.97976335,43714.15293,0.13,0.824,45255.3449216209,4.45700917956078,2023.0,2015.0,0.981,65.224364,81.8243772295647,56.4461288452148,2,15,3,0.9130434782608696,0.9225352112676057,0.900948313121298,0.8993079383188212,0.6553291281926662,0.4403565777197382,0.4452596512654501,0.045635534386283025,0.7901234567901236,0.8378016085790885,0.7590772253334246,0.46009676951344514,0.6505883104079949,11,0.2624551678528747
WC-2015,2015 FIFA Women's World Cup,T-31,Germany,DEU,third-place match,2015,2015-06-06,2015-07-05,Canada,United States,24,1,Germany Football Association,Europe,Union of European Football Associations,UEFA,0,0,4.0,7,4,1,2,20,6,2,1,14,8.0,0.0,0.0,DEU,0,0.941,80.574,17.11218071,14.08201981,52322.29732,0.078,0.81,41929.7549110722,3.65013704194822,2023.0,2015.0,0.954,82.073226,80.6974371632814,68.23291015625,2,13,4,0.8695652173913043,0.954225352112676,0.8920499326265477,0.9862774320736399,0.6439563871380874,0.5302068678560804,0.41229636074826875,0.057488317088994066,0.7067901234567902,0.9075067024128687,0.743491034415598,0.5607355978028383,0.6722749188847628,11,0.19729029850654156
WC-2015,2015 FIFA Women's World Cup,T-30,France,FRA,quarter-final,2015,2015-06-06,2015-07-05,Canada,United States,24,1,French Football Association,Europe,Union of European Football Associations,UEFA,0,0,,5,3,0,2,10,3,1,1,7,3.0,0.0,0.0,FRA,0,0.893,82.186,15.51356983,11.33419037,44282.82342,0.097,0.809,36702.4323733379,4.32146435845036,2023.0,2015.0,0.986,63.809769,77.7610919150066,62.7859306335449,3,9,5,0.8260869565217391,0.869718309859155,0.9330333307909392,0.7694700519459813,0.5511888542697087,0.44629225981375986,0.36048307321379136,0.04464039969129048,0.8055555555555557,0.8820375335120644,0.7028797907394336,0.5142277664945458,0.6254115387169296,11,0.20067541780480957
WC-2015,2015 FIFA Women's World Cup,T-12,Canada,CAN,quarter-final,2015,2015-06-06,2015-07-05,Canada,United States,24,1,Canadian Soccer Association,North America,"Confederation of North, Central American and Caribbean Association Football",CONCACAF,1,0,,5,2,2,1,4,3,0,0,1,6.0,0.0,0.0,CAN,0,0.927,81.925,15.95269012,13.69808826,46798.97866,0.107,0.698,43594.1941045394,5.06430607881266,2023.0,2015.0,0.985,35.732126,81.2465670276699,67.2690963745117,3,8,6,0.782608695652174,0.9295774647887325,0.9263976813362826,0.955984724567074,0.5766710441167757,0.4725554436196344,0.4287943032211564,0.0248884306097409,0.8024691358024693,0.868632707774799,0.7510857975810135,0.5525062867531374,0.662687547288256,11,0.11992114836391798
WC-2015,2015 FIFA Women's World Cup,T-04,Australia,AUS,quarter-final,2015,2015-06-06,2015-07-05,Canada,United States,24,1,Football Australia,Oceania,Asian Football Confederation,AFC,0,0,,5,2,1,2,5,5,0,0,0,,,,AUS,0,0.933,82.655,23.24768066,12.2456398,46562.89056,0.111,0.708,56970.3613028094,3.66551302275429,2023.0,2015.0,0.964,23.8202365,86.8778642539361,119.679389953613,3,7,7,0.7391304347826086,0.9401408450704227,0.944957160653904,0.841384618461852,1.0,0.4700911977471581,0.5613790427604168,0.016508693282543063,0.7376543209876544,0.8632707774798928,0.8289696853844555,1.0,0.7458505765298454,11,-0.006720141747236785
WC-2015,2015 FIFA Women's World Cup,T-14,China,CHN,quarter-final,2015,2015-06-06,2015-07-05,Canada,United States,24,1,Chinese Football Association,East Asia,Asian Football Confederation,AFC,0,0,,5,2,1,2,4,4,0,0,0,3.0,0.0,0.0,CHN,0,0.741,76.977,13.97832615,7.407755136,12552.18456,0.223,0.647,8175.33285077393,6.1903512672627,2023.0,2015.0,0.95,1393.715449,57.3297843933105,47.1192619330726,3,7,8,0.6956521739130435,0.602112676056338,0.8006000050847891,0.4596691145470171,0.46209852570559246,0.1150934580029443,0.077722099614502,0.9801981269811906,0.6944444444444444,0.7131367292225201,0.4203037520826206,0.3804613768748874,0.5187127553288042,11,0.17693941858423923
WC-2015,2015 FIFA Women's World Cup,T-09,Brazil,BRA,round of 16,2015,2015-06-06,2015-07-05,Canada,United States,24,1,Brazilian Football Confederation,South America,South American Football Confederation,CONMEBOL,0,0,,4,3,0,1,4,1,0,0,3,3.0,0.0,0.0,BRA,0,0.752,74.332,15.24540043,7.506820202,14730.37505,0.437,0.691,8936.1955889444,14.4415264259814,2023.0,2015.0,0.991,205.188205,85.6935697061881,49.0805015563965,4,9,9,0.6521739130434783,0.6214788732394366,0.7333536724887498,0.46748547938719937,0.5356269599150341,0.1378290254646236,0.08526378076054114,0.14409684255117855,0.8209876543209879,0.4262734584450402,0.8125902509527569,0.3972069881217217,0.47110845324066086,11,0.1810654598028174
WC-2015,2015 FIFA Women's World Cup,T-53,Norway,NOR,round of 16,2015,2015-06-06,2015-07-05,Canada,United States,24,1,Norwegian Football Federation,Europe,Union of European Football Associations,UEFA,0,0,,4,2,1,1,9,4,0,0,5,1.0,0.0,0.0,NOR,0,0.952,82.272,17.77986908,12.77120972,66031.13432,0.04,0.802,74809.9658049898,2.35530985902604,2023.0,2015.0,0.988,5.1903565,81.2378240971353,79.206428527832,4,7,10,0.6086956521739131,0.9735915492957746,0.9352197899982206,0.882852780848635,0.6827024031853505,0.6732972861944074,0.7382054296727242,0.00340300582320116,0.8117283950617286,0.9584450402144772,0.7509648781208128,0.6544305601497007,0.733167374415003,11,-0.12447172224108993
WC-2015,2015 FIFA Women's World Cup,T-11,Cameroon,CMR,round of 16,2015,2015-06-06,2015-07-05,Canada,United States,24,1,Cameroonian Football Federation,Africa,Confederation of African Football,CAF,0,0,,4,2,0,2,9,4,0,0,5,7.0,0.0,0.0,CMR,0,0.562,59.658,12.20610046,5.963522553,3566.030651,0.572,0.552,1415.00009710569,67.2353405456744,2023.0,2015.0,0.882,23.0126465,52.6440863142742,17.2970758627753,4,6,11,0.5652173913043479,0.28697183098591555,0.3602827142602904,0.345717252012481,0.35925610982809003,0.021297571299250705,0.010713595305453018,0.01594057249296793,0.48456790123456805,0.24530831099195718,0.3554980121606952,0.12583122942885888,0.23739864545459347,11,0.32781874584975446
WC-2015,2015 FIFA Women's World Cup,T-16,Colombia,COL,round of 16,2015,2015-06-06,2015-07-05,Canada,United States,24,1,Colombia Football Federation,South America,South American Football Confederation,CONMEBOL,0,0,,4,1,1,2,4,5,0,0,-1,9.0,1.0,1.0,COL,0,0.758,76.257,14.64527988,8.047450066,14032.54315,0.417,0.723,6248.51490534512,12.028780178557,2023.0,2015.0,0.992,47.119728,77.1636280538646,54.7961311340332,4,4,12,0.5217391304347826,0.6320422535211268,0.782294765209875,0.5101418912904842,0.5008019105277094,0.13054517939505333,0.058623455612258034,0.032899343869696236,0.8240740740740742,0.45308310991957107,0.6946165422447971,0.4460086285738969,0.46046646856714024,11,0.06127266186764235
WC-2015,2015 FIFA Women's World Cup,T-48,Netherlands,NLD,round of 16,2015,2015-06-06,2015-07-05,Canada,United States,24,1,Royal Dutch Football Association,Europe,Union of European Football Associations,UEFA,0,0,,4,1,1,2,3,4,0,0,-1,3.0,0.0,0.0,NLD,0,0.932,81.482,18.26939964,12.13512993,52434.71704,0.033,0.782,45793.8135434697,3.95729864744157,2023.0,2015.0,0.956,17.0411075,90.2787737214621,80.1601486206055,4,4,13,0.4782608695652174,0.938380281690141,0.9151348740243562,0.8326652434365418,0.7111099055256797,0.5313802850295634,0.45059695909957476,0.011739733637040192,0.712962962962963,0.967828418230563,0.8760061035942761,0.6625736884660728,0.6918525868815246,11,-0.21359171731630722
WC-2015,2015 FIFA Women's World Cup,T-71,South Korea,KOR,round of 16,2015,2015-06-06,2015-07-05,Canada,United States,24,1,Korea Football Association,East Asia,Asian Football Confederation,AFC,0,0,,4,1,1,2,4,8,0,0,-4,7.0,0.0,0.0,KOR,0,0.908,82.561,16.57014084,12.11633015,38948.32998,0.088,0.756,30171.7906545222,2.7607253167146,2023.0,2015.0,0.936,50.994401,81.639489860678,93.9676513671875,4,4,14,0.4347826086956522,0.8961267605633804,0.9425673098924571,0.8311819159092058,0.6125017648248722,0.3906117598594121,0.29575126936602,0.03562508624405134,0.6512345679012349,0.8941018766756033,0.7565201329768925,0.7804660003152479,0.6442444040480344,11,-0.20946179535238219
WC-2015,2015 FIFA Women's World Cup,T-75,Switzerland,CHE,round of 16,2015,2015-06-06,2015-07-05,Canada,United States,24,1,Swiss Football Association,Europe,Union of European Football Associations,UEFA,0,0,,4,1,0,3,11,5,0,0,6,5.0,0.0,0.0,CHE,0,0.952,82.847,16.1556797,13.71187973,67919.93331,0.039,0.813,83806.4476003837,3.94356458065003,2023.0,2015.0,0.968,8.281732,75.6044960143169,60.8185615539551,4,3,15,0.3913043478260869,0.9735915492957746,0.949838557953881,0.957072889805892,0.5884505476658749,0.6930122363127953,0.8273786717480975,0.005577716616961871,0.7500000000000001,0.9597855227882037,0.6730529024723322,0.4974298202395041,0.7159264013544834,11,-0.32462205352839646
WC-2015,2015 FIFA Women's World Cup,T-74,Sweden,SWE,round of 16,2015,2015-06-06,2015-07-05,Canada,United States,24,1,Swedish Football Association,Europe,Union of European Football Associations,UEFA,0,0,,4,0,3,1,5,8,0,0,-3,2.0,0.0,0.0,SWE,0,0.937,82.183,18.32088089,12.35441017,51362.63153,0.038,0.832,51188.1652120493,2.47465228620054,2023.0,2015.0,0.988,9.8493485,86.6158654081858,66.4283218383789,4,3,16,0.34782608695652173,0.9471830985915495,0.9329570589581271,0.8499667446345798,0.7140973670844804,0.5201900459071375,0.5040658415051642,0.0066804983796521005,0.8117283950617286,0.9611260053619303,0.8253460995769315,0.5453275191202176,0.6926062431074089,11,-0.3447801561508872
WC-2015,2015 FIFA Women's World Cup,T-76,Thailand,THA,group stage,2015,2015-06-06,2015-07-05,Canada,United States,24,1,Football Association of Thailand,South East Asia,Asian Football Confederation,AFC,0,0,,3,1,0,2,3,10,0,0,-7,3.0,0.0,0.0,THA,0,0.789,77.717,16.45110989,8.180100282,15098.151,0.399,0.737,5688.85335397884,9.21389003267474,2023.0,2015.0,1.011,70.294397,46.9521043776171,45.713134717198,6,3,17,0.30434782608695654,0.6866197183098592,0.8194137238451175,0.5206081689224495,0.6055943881113599,0.14166780584696206,0.05307608319098375,0.04920218473006139,0.882716049382716,0.4772117962466488,0.27677482197530384,0.36845547028366565,0.4437582009859206,11,-0.13941037489896407
WC-2015,2015 FIFA Women's World Cup,T-17,Costa Rica,CRI,group stage,2015,2015-06-06,2015-07-05,Canada,United States,24,1,Costa Rican Football Federation,Central America,"Confederation of North, Central American and Caribbean Association Football",CONCACAF,0,0,,3,0,2,1,3,4,0,0,-1,,,,CRI,0,0.792,79.086,14.69305038,8.584500313,18160.93969,0.28,0.749,11714.7105980732,10.459823886318,2023.0,2015.0,0.983,4.895242,75.0198195767549,51.2845802307129,6,2,18,0.26086956521739135,0.6919014084507044,0.8542191035517251,0.5525158666741171,0.5035740369309082,0.17363665301714845,0.11280445689973541,0.0031953996334822808,0.7962962962962964,0.6367292225201072,0.6649665109652393,0.4160260269574699,0.49144227108153943,11,-0.23057270586414808
WC-2015,2015 FIFA Women's World Cup,T-49,New Zealand,NZL,group stage,2015,2015-06-06,2015-07-05,Canada,United States,24,1,New Zealand Football,Oceania,Oceania Football Confederation,OFC,0,0,,3,0,2,1,2,3,0,0,-1,4.0,0.0,0.0,NZL,0,0.933,81.977,18.9496994,13.23099995,39695.61133,0.136,0.788,38665.3723018158,4.68398357212464,2023.0,2015.0,0.963,4.59059,85.1518763760531,82.1818466186523,6,2,19,0.21739130434782605,0.9401408450704227,0.9277197264383599,0.9191308386216072,0.7505877616667253,0.3984117505506669,0.3799397587718275,0.002981084034247963,0.7345679012345679,0.8297587131367292,0.8050983390800674,0.6798355101890189,0.6698338389812947,11,-0.4524425346334686
WC-2015,2015 FIFA Women's World Cup,T-73,Spain,ESP,group stage,2015,2015-06-06,2015-07-05,Canada,United States,24,1,Royal Spanish Football Federation,Europe,Union of European Football Associations,UEFA,0,0,,3,0,1,2,2,4,0,0,-2,3.0,0.0,0.0,ESP,0,0.889,82.646,17.40423965,9.912139893,37385.84075,0.074,0.812,25982.4416197775,3.11564700190687,2023.0,2015.0,0.981,46.431342,79.2454892743023,88.5305328369141,6,1,20,0.17391304347826086,0.8626760563380282,0.9447283451554676,0.6572683869373782,0.6609045936434466,0.37430277335896495,0.25422638840591083,0.032415080322782,0.7901234567901236,0.9128686327077749,0.7234098094441588,0.7340423649123439,0.6315423534560345,11,-0.4576293099777736
WC-2015,2015 FIFA Women's World Cup,T-50,Nigeria,NGA,group stage,2015,2015-06-06,2015-07-05,Canada,United States,24,1,Nigeria Football Federation,Africa,Confederation of African Football,CAF,0,0,,3,0,1,2,3,6,0,0,-3,6.0,0.0,1.0,NGA,0,0.52,51.841,9.309317044,6.645626545,5273.015343,0.681,0.51,2585.73360671797,104.90961558358,2023.0,2015.0,0.86,183.9957845,55.7325682057138,,6,1,21,0.13043478260869568,0.21302816901408453,0.16154374189611778,0.3995361598847751,0.1911555081630028,0.03911477590058927,0.022317920755414784,0.12918846742584494,0.41666666666666674,0.09919571045576402,0.3982133879348372,,0.20699605080970973,10,-0.07656126820101405
WC-2015,2015 FIFA Women's World Cup,T-46,Mexico,MEX,group stage,2015,2015-06-06,2015-07-05,Canada,United States,24,1,Mexican Football Federation,North America,"Confederation of North, Central American and Caribbean Association Football",CONCACAF,0,0,,3,0,1,2,2,8,0,0,-6,4.0,0.0,0.0,MEX,0,0.769,74.682,14.23423958,8.601650238,19044.73057,0.377,0.722,10021.2386118827,12.4590753638058,2023.0,2015.0,0.96,120.149897,77.1903854182753,31.9718608856201,6,1,22,0.08695652173913049,0.6514084507042254,0.7422520529835,0.5538690184580342,0.47694920502098953,0.18286150606214405,0.09601874101580561,0.08427436990405178,0.7253086419753088,0.5067024128686327,0.694986611073336,0.2511286393939658,0.45143269540545394,11,-0.36447617366632346
WC-2015,2015 FIFA Women's World Cup,T-42,Ivory Coast,CIV,group stage,2015,2015-06-06,2015-07-05,Canada,United States,24,1,Ivorian Football Federation,Africa,Confederation of African Football,CAF,0,0,,3,0,0,3,3,16,0,0,-13,8.0,0.0,0.0,CIV,0,0.501,57.762,8.547829628,4.308879972,4325.225334,0.637,,1814.71855088017,67.1289060913335,2023.0,2015.0,0.857,23.596741,49.4694894689553,8.46433224598306,6,0,23,0.04347826086956519,0.17957746478873238,0.31207891592301634,0.21516376211527785,0.1469663250563316,0.029221911255346438,0.01467560970742458,0.016351469394274898,0.4074074074074075,0.1581769436997319,0.31159161997654194,0.05041479938596386,0.16742056624636814,11,-0.12394230537680295
WC-2015,2015 FIFA Women's World Cup,T-25,Ecuador,ECU,group stage,2015,2015-06-06,2015-07-05,Canada,United States,24,1,Ecuadorian Football Federation,South America,South American Football Confederation,CONMEBOL,0,0,,3,0,0,3,1,17,0,0,-16,6.0,1.0,1.0,ECU,0,0.764,76.789,15.13148022,8.701580048,11697.38828,0.391,0.728,5976.1596805651,13.0549329900104,2023.0,2015.0,0.979,16.195902,62.959188676731,44.5371492743653,6,0,24,0.0,0.642605633802817,0.7958203035618947,0.5617536127444812,0.529016159902496,0.10617124546958015,0.055923867157331573,0.011145151217726874,0.7839506172839508,0.4879356568364611,0.4981614594622121,0.3584145783786582,0.43917257143796457,11,-0.43917257143796457
WC-2018,2018 FIFA Men's World Cup,T-30,France,FRA,final,2018,2018-06-14,2018-07-15,Russia,France,32,0,French Football Association,Europe,Union of European Football Associations,UEFA,0,1,1.0,7,6,1,0,14,6,0,0,8,12.0,0.0,0.0,FRA,0,0.903,82.591,15.84354973,11.50988007,46291.00885,0.078,0.817,41418.1766484844,4.32146435845036,2023.0,2018.0,0.987,64.2778075,78.6714432536599,67.5435180664062,1,19,1,1.0,0.8873239436619719,0.9433300282205781,0.7833322018370655,0.5703376174879061,0.46725334449801376,0.40722559049743606,0.044969653894749606,0.8086419753086421,0.9075067024128687,0.7154704423553133,0.554849375744158,0.6445673523562457,11,0.35543264764375426
WC-2018,2018 FIFA Men's World Cup,T-18,Croatia,HRV,final,2018,2018-06-14,2018-07-15,Russia,France,32,0,Croatian Football Federation,Europe,Union of European Football Associations,UEFA,0,0,2.0,7,6,0,1,14,9,3,2,5,15.0,0.0,0.0,HRV,0,0.86,78.337,15.45802975,12.05498697,28102.10058,0.124,0.792,15460.3669595491,4.56840290804215,2023.0,2018.0,0.989,4.160485,56.093170097094,72.8625411987305,1,18,2,0.967741935483871,0.8116197183098591,0.8351765692929604,0.826341857807019,0.5479658584416605,0.27740073384462605,0.14993145043448172,0.0026785151661339315,0.814814814814815,0.8458445040214477,0.4032007072187434,0.6002646796813007,0.5559308553666407,11,0.41181108011723033
WC-2018,2018 FIFA Men's World Cup,T-06,Belgium,BEL,third-place match,2018,2018-06-14,2018-07-15,Russia,France,32,0,Royal Belgian Football Association,Europe,Union of European Football Associations,UEFA,0,0,3.0,7,6,0,1,16,6,0,0,10,11.0,0.0,0.0,BEL,0,0.933,81.479,19.56148911,12.30630493,51562.93104,0.053,0.792,47487.2100392561,3.60260920510039,2023.0,2018.0,0.97,11.4485955,86.8883449485575,79.1237487792969,2,18,3,0.935483870967742,0.9401408450704227,0.9150586021915441,0.8461711775215015,0.7860899734563516,0.5222807368008189,0.4673819267216581,0.007805531463724041,0.756172839506173,0.9410187667560321,0.8291146390623023,0.6537246173824378,0.6968145141757243,11,0.23866935679201773
WC-2018,2018 FIFA Men's World Cup,T-28,England,ENG,third-place match,2018,2018-06-14,2018-07-15,Russia,France,32,0,The Football Association,Europe,Union of European Football Associations,UEFA,0,0,4.0,7,4,0,3,12,8,2,1,4,8.0,0.0,0.0,GBR,1,0.928,81.125,17.15052032,13.24292692,45972.20598,0.112,0.838,43702.9976303165,4.45700917956078,2023.0,2018.0,0.984,66.4329935,82.4465657551295,61.1377716064453,2,12,4,0.9032258064516129,0.9313380281690142,0.9060585259197114,0.9200718923423801,0.6461812381480065,0.4639257364714715,0.42987276515365797,0.04648577714045753,0.7993827160493828,0.8619302949061662,0.7676824293158483,0.5001553247528299,0.6611895207608115,11,0.24203628569080138
WC-2018,2018 FIFA Men's World Cup,T-84,Uruguay,URY,quarter-finals,2018,2018-06-14,2018-07-15,Russia,France,32,0,Uruguayan Football Association,South America,South American Football Confederation,CONMEBOL,0,0,,5,4,0,1,7,3,0,0,4,3.0,0.0,0.0,URY,0,0.815,77.611,16.26915932,8.906729698,22066.33322,0.264,0.77,19249.9404677501,6.66247086496002,2023.0,2018.0,1.023,3.427042,95.2942581176758,60.2781342968002,3,12,5,0.8709677419354839,0.732394366197183,0.8167187857524218,0.5779401916868067,0.5950357802011627,0.21440046062413187,0.18749375128660428,0.002162555067236778,0.919753086419753,0.6581769436997319,0.9453729667341966,0.49281550149543785,0.5583876717422424,11,0.3125800701932415
WC-2018,2018 FIFA Men's World Cup,T-09,Brazil,BRA,quarter-finals,2018,2018-06-14,2018-07-15,Russia,France,32,0,Brazilian Football Confederation,South America,South American Football Confederation,CONMEBOL,0,0,,5,3,1,1,8,3,0,0,5,7.0,0.0,0.0,BRA,0,0.762,75.109,15.50376034,7.982019901,14212.85808,0.4,0.702,9300.66072904004,14.4415264259814,2023.0,2018.0,0.992,210.1665925,86.4420719945072,52.05712890625,3,10,6,0.8387096774193549,0.6390845070422536,0.7531080771870948,0.5049793646618407,0.5506196086844434,0.13242727477384778,0.08887636386857603,0.14759902241634648,0.8240740740740742,0.47587131367292224,0.8229424426240032,0.4226222631521455,0.48747311928704984,11,0.35123655813230503
WC-2018,2018 FIFA Men's World Cup,T-62,Russia,RUS,quarter-finals,2018,2018-06-14,2018-07-15,Russia,France,32,0,Russian Football Union,"Europe, Asia",Union of European Football Associations,UEFA,1,0,,5,3,0,2,11,7,2,2,4,7.0,0.0,1.0,RUS,0,0.836,73.531,15.51605988,12.39299505,25977.61133,0.171,0.737,11211.8876953125,4.49785802104388,2023.0,2018.0,1.013,145.6522925,74.5442926137992,81.5681115998523,3,9,7,0.8064516129032258,0.7693661971830985,0.7129890931279081,0.8530111427415235,0.5513333520947321,0.25522569043738597,0.10782046988695909,0.10221471224053098,0.8888888888888887,0.7828418230563002,0.6583897157540746,0.6745952693172913,0.5778796686116993,11,0.2285719442915265
WC-2018,2018 FIFA Men's World Cup,T-74,Sweden,SWE,quarter-finals,2018,2018-06-14,2018-07-15,Russia,France,32,0,Swedish Football Association,Europe,Union of European Football Associations,UEFA,0,0,,5,3,0,2,6,4,0,0,2,8.0,0.0,0.0,SWE,0,0.943,82.533,18.89518929,12.54788494,53389.10183,0.03,0.83,54018.4554391861,2.47465228620054,2023.0,2018.0,0.981,10.162298,87.4737430925296,73.4083786010742,3,9,8,0.7741935483870968,0.9577464788732394,0.9418554394528769,0.8652321600908249,0.7474245350902341,0.5413419848336266,0.532119714264319,0.006900651077230256,0.7901234567901236,0.9718498659517426,0.8372110121595712,0.6049251917548527,0.7087936809398765,11,0.06539986744722026
WC-2018,2018 FIFA Men's World Cup,T-16,Colombia,COL,round of 16,2018,2018-06-14,2018-07-15,Russia,France,32,0,Colombia Football Federation,South America,South American Football Confederation,CONMEBOL,0,0,,4,2,0,2,6,3,1,1,3,9.0,1.0,1.0,COL,0,0.766,76.748,14.62864017,8.504469872,14064.30242,0.409,0.734,6816.96818309544,12.028780178557,2023.0,2018.0,0.991,49.2769615,77.2804816598084,57.3205413818359,4,6,9,0.7419354838709677,0.6461267605633804,0.7947779218467955,0.5462013589426361,0.499836306662718,0.1308766770436445,0.06425797173736394,0.034416907484052434,0.8209876543209879,0.4638069705093834,0.6962326908459231,0.4675627477822296,0.46955308797628315,11,0.2723823958946846
WC-2018,2018 FIFA Men's World Cup,T-46,Mexico,MEX,round of 16,2018,2018-06-14,2018-07-15,Russia,France,32,0,Mexican Football Federation,North America,"Confederation of North, Central American and Caribbean Association Football",CONCACAF,0,0,,4,2,0,2,3,6,0,0,-3,9.0,0.0,0.0,MEX,0,0.779,74.015,14.92304993,8.933190346,19726.18934,0.363,0.732,10084.7937562021,12.4590753638058,2023.0,2018.0,0.968,124.0138615,78.0271223924494,41.6382789611816,4,6,10,0.7096774193548387,0.6690140845070424,0.7252942821549336,0.580027971840061,0.5169209314637023,0.18997445229380627,0.09664870041531563,0.08699257909761568,0.7500000000000001,0.5254691689008043,0.7065591361948305,0.3336632146277606,0.47096041104507935,11,0.2387170083097594
WC-2018,2018 FIFA Men's World Cup,T-73,Spain,ESP,round of 16,2018,2018-06-14,2018-07-15,Russia,France,32,0,Royal Spanish Football Federation,Europe,Union of European Football Associations,UEFA,0,0,,4,1,2,1,7,6,1,1,1,2.0,0.0,0.0,ESP,0,0.899,83.144,17.51925087,10.1423502,40334.81819,0.062,0.824,30602.4212881113,3.11564700190687,2023.0,2018.0,0.987,46.792043,79.5580057813361,92.5194931030273,4,5,11,0.6774193548387097,0.8802816901408451,0.9573894694022834,0.6754322848898849,0.667578705064221,0.4050836788114033,0.30001968568780624,0.03266882509044943,0.8086419753086421,0.9289544235924934,0.7277320818429615,0.7681012209037359,0.6501712764304296,11,0.02724807840828014
WC-2018,2018 FIFA Men's World Cup,T-22,Denmark,DNK,round of 16,2018,2018-06-14,2018-07-15,Russia,France,32,0,Danish Football Association,Europe,Union of European Football Associations,UEFA,0,0,,4,1,2,1,3,2,1,1,1,6.0,0.0,0.0,DNK,0,0.942,80.99,18.72179985,12.86071014,57733.30332,0.022,0.821,61324.7665045565,3.42334612841016,2023.0,2018.0,0.981,5.766686,88.1059762310689,81.1405487060547,4,5,12,0.6451612903225806,0.9559859154929577,0.9026262934431648,0.8899144824586612,0.737362730322441,0.5866859923924067,0.6045399625489126,0.003808440227534349,0.7901234567901236,0.982573726541555,0.8459551385746957,0.6709446180057643,0.7245927960725652,11,-0.07943150574998459
WC-2018,2018 FIFA Men's World Cup,T-58,Portugal,PRT,round of 16,2018,2018-06-14,2018-07-15,Russia,France,32,0,Portuguese Football Federation,Europe,Union of European Football Associations,UEFA,0,0,,4,1,2,1,6,6,0,0,0,7.0,0.0,0.0,PRT,0,0.858,81.395,16.48127937,9.144709587,33211.23707,0.08,0.793,23541.1401075289,3.16403166892804,2023.0,2018.0,0.994,10.289835,61.1233069673808,65.1127395629883,4,5,13,0.6129032258064516,0.8080985915492958,0.912922990872804,0.596717119943737,0.6073451257439736,0.33072899777406894,0.23002817674030412,0.006990370391659661,0.830246913580247,0.9048257372654156,0.4727702220037289,0.5340947105001367,0.5667971778513974,11,0.04610604795505424
WC-2018,2018 FIFA Men's World Cup,T-75,Switzerland,CHE,round of 16,2018,2018-06-14,2018-07-15,Russia,France,32,0,Swiss Football Association,Europe,Union of European Football Associations,UEFA,0,0,,4,1,2,1,5,5,0,0,0,9.0,1.0,1.0,CHE,0,0.957,83.561,16.25905037,13.79969025,67150.70241,0.032,0.818,85217.3691512274,3.94356458065003,2023.0,2018.0,0.967,8.514434,79.2922201625844,64.3533935546875,4,5,14,0.5806451612903225,0.9823943661971831,0.9679912541631712,0.9640012560689915,0.5944491569252159,0.6849831400969918,0.8413637441201844,0.005741417063940799,0.7469135802469137,0.9691689008042895,0.7240561229157586,0.527611202362926,0.7280612855423243,11,-0.1474161242520018
WC-2018,2018 FIFA Men's World Cup,T-44,Japan,JPN,round of 16,2018,2018-06-14,2018-07-15,Russia,France,32,0,Japan Football Association,East Asia,Asian Football Confederation,AFC,0,0,,4,1,1,2,6,7,0,0,-1,5.0,0.0,0.0,JPN,0,0.917,84.297,15.39982986,12.64136429,43349.20773,0.09,0.799,39751.1330982711,2.36329370011246,2023.0,2018.0,0.964,126.255866,91.6377318609728,62.6058502197266,4,4,15,0.5483870967741935,0.9119718309859156,0.9867032771464166,0.8726078045447749,0.54458851360055,0.43654734420572355,0.39070183360732935,0.08856977713965557,0.7376543209876544,0.8914209115281502,0.8948012300126702,0.5126901896645104,0.6607506394021229,11,-0.11236354262792936
WC-2018,2018 FIFA Men's World Cup,T-03,Argentina,ARG,round of 16,2018,2018-06-14,2018-07-15,Russia,France,32,0,Argentine Football Association,South America,South American Football Confederation,CONMEBOL,0,0,,4,1,1,2,6,9,0,0,-3,11.0,0.0,0.0,ARG,0,0.852,76.999,17.85782051,11.10470009,21922.97222,0.303,0.783,11752.7998922979,9.64850748979662,2023.0,2018.0,0.998,44.413596,91.7679941327998,91.0846512732766,4,4,16,0.5161290322580645,0.7975352112676056,0.8011593318587446,0.7513629650768767,0.6872259316656909,0.21290408383714396,0.11318199846894288,0.030995642921771514,0.8425925925925928,0.6058981233243969,0.8966028277185549,0.7558501409255635,0.5904826226961712,11,-0.07435359043810674
WC-2018,2018 FIFA Men's World Cup,T-65,Senegal,SEN,group stage,2018,2018-06-14,2018-07-15,Russia,France,32,0,Senegalese Football Federation,Africa,Confederation of African Football,CAF,0,0,,3,1,1,1,4,4,0,0,0,6.0,0.0,0.0,SEN,0,0.515,68.097,9.007395029,2.998349905,3282.577337,0.511,0.501,1452.55612562445,38.5192633385635,2023.0,2018.0,0.906,15.574909,48.9001692274485,12.4178375059947,6,4,17,0.4838709677419355,0.20422535211267606,0.5748353799608471,0.11176120507564039,0.17363494653001824,0.01833893569218607,0.011085851138195064,0.010708297079512397,0.5586419753086422,0.32707774798927614,0.30371761297031896,0.08417093064047512,0.21619983949979887,11,0.2676711282421366
WC-2018,2018 FIFA Men's World Cup,T-38,Iran,IRN,group stage,2018,2018-06-14,2018-07-15,Russia,France,32,0,Football Federation Islamic Republic of Iran,Middle East,Asian Football Confederation,AFC,0,0,,3,1,1,1,2,2,0,0,0,7.0,0.0,0.0,IRN,0,0.787,76.195,14.3321298,10.52784353,14698.79043,0.458,0.729,4783.01067340237,11.7733135336402,2023.0,2018.0,0.892,85.617562,74.8034286499023,60.8611488342285,6,4,18,0.4516129032258065,0.6830985915492959,0.7807184806650903,0.7058482189057849,0.48262978327486883,0.13749935078187284,0.04409735901031488,0.05998167506375794,0.5154320987654323,0.39812332439678283,0.6619737073550763,0.4977934423237397,0.45156327564472876,11,4.9627581077738014e-05
WC-2018,2018 FIFA Men's World Cup,T-71,South Korea,KOR,group stage,2018,2018-06-14,2018-07-15,Russia,France,32,0,Korea Football Association,East Asia,Asian Football Confederation,AFC,0,0,,3,1,0,2,3,3,0,0,0,10.0,0.0,0.0,KOR,0,0.918,83.343,16.38441086,12.41257949,42132.82564,0.074,0.752,35363.9508228687,2.7607253167146,2023.0,2018.0,0.943,51.6769,81.3823523035196,93.3281784057617,6,3,19,0.4193548387096774,0.9137323943661972,0.9624488343121554,0.8545563809815169,0.6017238374131099,0.4238509628775811,0.3472160270475311,0.036105208423330724,0.6728395061728395,0.9128686327077749,0.7529637814210974,0.7750060017064345,0.6593919606754152,11,-0.2400371219657378
WC-2018,2018 FIFA Men's World Cup,T-56,Peru,PER,group stage,2018,2018-06-14,2018-07-15,Russia,France,32,0,Peruvian Football Association,South America,South American Football Confederation,CONMEBOL,0,0,,3,1,0,2,2,2,0,0,0,5.0,0.0,0.0,PER,0,0.77,76.009,14.59804249,9.755800247,12069.98025,0.379,0.741,6978.49121548627,15.8050805234684,2023.0,2018.0,0.952,32.203944,82.6854929960921,,6,3,20,0.3870967741935484,0.6531690140845071,0.7759896270307377,0.6449329819206295,0.498060720545666,0.11006029461771734,0.0658589900905062,0.02240643659841738,0.7006172839506173,0.5040214477211796,0.7709869223448292,,0.4746103718904807,10,-0.08751359769693234
WC-2018,2018 FIFA Men's World Cup,T-50,Nigeria,NGA,group stage,2018,2018-06-14,2018-07-15,Russia,France,32,0,Nigeria Football Federation,Africa,Confederation of African Football,CAF,0,0,,3,1,0,2,3,4,0,0,-1,4.0,0.0,0.0,NGA,0,0.53,52.554,9.938272476,6.919020176,4866.492114,0.675,0.52,2057.87944554011,104.90961558358,2023.0,2018.0,0.858,198.3876235,58.1553347527729,,6,3,21,0.3548387096774194,0.23063380281690143,0.179671014161137,0.4211072792628024,0.22765384834119887,0.034871558266456076,0.01708582359057575,0.1393127915706686,0.41049382716049393,0.10723860589812327,0.4317215602694374,,0.21997901113377946,10,0.1348596985436399
WC-2018,2018 FIFA Men's World Cup,T-31,Germany,DEU,group stage,2018,2018-06-14,2018-07-15,Russia,France,32,0,Germany Football Association,Europe,Union of European Football Associations,UEFA,0,0,,3,1,0,2,2,4,0,0,-2,3.0,0.0,1.0,DEU,0,0.946,81.172,17.04191971,14.07738018,55226.69407,0.083,0.819,48916.1686612154,3.65013704194822,2023.0,2018.0,0.961,82.8966955,81.1423036204018,69.1634292602539,6,3,22,0.32258064516129037,0.9630281690140845,0.9072534513004348,0.9859113591251452,0.6398791350009911,0.5605224479434341,0.48154578277224325,0.05806760873764132,0.7283950617283951,0.900804289544236,0.7496437782402838,0.568680629602162,0.6857937920917319,11,-0.3632131469304415
WC-2018,2018 FIFA Men's World Cup,T-66,Serbia,SRB,group stage,2018,2018-06-14,2018-07-15,Russia,France,32,0,Football Association of Serbia,Europe,Union of European Football Associations,UEFA,0,0,,3,1,0,2,2,4,0,0,-2,9.0,0.0,0.0,SRB,0,0.808,76.511,14.78874969,11.26613522,16562.93571,0.128,0.734,7559.86165747394,5.23261987728936,2023.0,2018.0,0.978,7.433818,60.8433609008789,67.1586608886719,6,3,23,0.29032258064516125,0.7200704225352114,0.7887524470546361,0.7641004105261359,0.5091274764808167,0.15695696983144047,0.07162154131195991,0.004981228830867681,0.7808641975308643,0.8404825737265416,0.4688984164217484,0.5515633577546938,0.514310822000447,11,-0.22398824135528572
WC-2018,2018 FIFA Men's World Cup,T-79,Tunisia,TUN,group stage,2018,2018-06-14,2018-07-15,Russia,France,32,0,Tunisian Football Federation,Africa,Confederation of African Football,CAF,0,0,,3,1,0,2,5,8,0,0,-3,4.0,0.0,0.0,TUN,0,0.737,75.95,14.51220985,7.622610092,10775.33378,0.245,0.704,3628.10366464236,12.9065944023489,2023.0,2018.0,0.923,11.9330415,68.5485240272509,30.9594707489014,6,3,24,0.25806451612903225,0.5950704225352113,0.7744896143187656,0.47662145497969094,0.4930798447415556,0.09654700351997227,0.03264990603826198,0.00814632796197998,0.6111111111111114,0.6836461126005362,0.5754649918179959,0.24248456986874947,0.41721012359034826,11,-0.159145607461316
WC-2018,2018 FIFA Men's World Cup,T-57,Poland,POL,group stage,2018,2018-06-14,2018-07-15,Russia,France,32,0,Polish Football Association,Europe,Union of European Football Associations,UEFA,0,0,,3,1,0,2,2,5,0,0,-3,3.0,0.0,0.0,POL,0,0.876,77.628,15.92910004,13.08478498,30407.50931,0.121,0.775,15658.2120316794,4.35218164490786,2023.0,2018.0,1.008,38.5214565,60.0533306480907,71.0217437744141,6,3,25,0.22580645161290325,0.8397887323943662,0.8171509928050239,0.9075942839433284,0.5753021096567728,0.30146418281674026,0.15189249330787785,0.026850659768157908,0.873456790123457,0.8498659517426274,0.45797187053060234,0.58454743754261,0.5805350458755967,11,-0.35472859426269343
WC-2018,2018 FIFA Men's World Cup,T-63,Saudi Arabia,SAU,group stage,2018,2018-06-14,2018-07-15,Russia,France,32,0,Saudi Arabian Football Association,Middle East,Asian Football Confederation,AFC,0,0,,3,1,0,2,2,7,0,0,-5,1.0,0.0,0.0,SAU,0,0.856,77.212,14.79277941,10.58370972,48208.37902,0.286,0.662,29360.0658968566,6.1579510008593,2023.0,2018.0,0.911,35.018133,83.4708425884849,73.1971736383918,6,3,26,0.19354838709677424,0.8045774647887324,0.8065746319884068,0.7102561352470603,0.5093613214941513,0.4872665155448888,0.2877054432353043,0.024386153133656354,0.5740740740740743,0.6286863270777481,0.7818487321699441,0.6031218648403742,0.5652598785085764,11,-0.37171149141180215
WC-2018,2018 FIFA Men's World Cup,T-47,Morocco,MAR,group stage,2018,2018-06-14,2018-07-15,Russia,France,32,0,Royal Moroccan Football Federation,Africa,Confederation of African Football,CAF,0,0,,3,0,1,2,2,4,0,0,-2,8.0,0.0,0.0,MAR,0,0.677,73.986,13.44997978,5.782,7950.918457,0.448,0.653,3501.69799804688,16.5750520440067,2023.0,2018.0,0.845,35.927511,61.5695822753314,35.319186358341,6,1,27,0.16129032258064513,0.48943661971830993,0.724556987771083,0.33139488229872827,0.43143853842659713,0.0670662554354155,0.03139697146190472,0.0250258794147919,0.3703703703703704,0.41152815013404825,0.47894245099774296,0.27970903845189016,0.3309878313164438,11,-0.1696975087357987
WC-2018,2018 FIFA Men's World Cup,T-04,Australia,AUS,group stage,2018,2018-06-14,2018-07-15,Russia,France,32,0,Football Australia,Oceania,Asian Football Confederation,AFC,0,0,,3,0,1,2,2,5,0,0,-3,7.0,0.0,0.0,AUS,0,0.941,83.387,20.42849922,12.55362034,47256.85514,0.092,0.728,57410.1737346009,3.66551302275429,2023.0,2018.0,0.97,24.97923,87.2267680845925,103.322090148926,6,1,28,0.12903225806451613,0.954225352112676,0.9635674878600667,0.8656846907427944,0.8364026479682638,0.4773346774139001,0.5657384691828637,0.017324018264690492,0.756172839506173,0.8887399463806971,0.8337952141585872,0.8603368092711782,0.7290292866238083,11,-0.5999970285592922
WC-2018,2018 FIFA Men's World Cup,T-17,Costa Rica,CRI,group stage,2018,2018-06-14,2018-07-15,Russia,France,32,0,Costa Rican Football Federation,Central America,"Confederation of North, Central American and Caribbean Association Football",CONCACAF,0,0,,3,0,1,2,2,5,0,0,-3,6.0,0.0,0.0,CRI,0,0.804,79.484,15.22842026,8.72317028,19411.1913,0.252,0.764,12590.2493781614,10.459823886318,2023.0,2018.0,0.986,5.040734,76.5544308439668,52.6140899658203,6,1,29,0.09677419354838712,0.7130281690140846,0.8643378333714693,0.5634571106283485,0.5346415991256807,0.18668655841051382,0.12148280843301539,0.0032977498729811166,0.8055555555555557,0.6742627345844504,0.6861910151878086,0.4273777521154892,0.5073017169363088,11,-0.41052752338792164
WC-2018,2018 FIFA Men's World Cup,T-37,Iceland,ISL,group stage,2018,2018-06-14,2018-07-15,Russia,France,32,0,Football Association of Iceland,Europe,Union of European Football Associations,UEFA,0,0,,3,0,1,2,2,5,0,0,-3,3.0,0.0,0.0,ISL,0,0.958,82.77,18.50045967,13.63782481,55715.93104,0.052,0.796,75633.8651351915,2.57472555404548,2023.0,2018.0,0.98,0.352946,93.8526667025487,69.3402328491211,6,1,30,0.06451612903225812,0.9841549295774648,0.9478809142450361,0.9512298585911295,0.7245183398080698,0.565629016991113,0.7463719303213923,0.0,0.7870370370370372,0.9423592493297587,0.9254349774001462,0.5701902279862684,0.7404369528443104,11,-0.6759208238120523
WC-2018,2018 FIFA Men's World Cup,T-26,Egypt,EGY,group stage,2018,2018-06-14,2018-07-15,Russia,France,32,0,Egyptian Football Association,Africa,Confederation of African Football,CAF,0,0,,3,0,0,3,2,6,0,0,-4,5.0,0.0,0.0,EGY,0,0.717,71.367,12.43317032,9.305633501,11092.49979,0.409,0.696,2484.70315630508,17.5278030808089,2023.0,2018.0,0.895,103.7407655,42.4577177449969,36.1230010986328,6,0,31,0.032258064516129004,0.5598591549295774,0.6579716777260827,0.6094142297738977,0.3724329941871957,0.09985752629105768,0.021316505644869546,0.07273092738492432,0.5246913580246916,0.4638069705093834,0.21461502287828946,0.28657223303317697,0.35302441821664965,11,-0.32076635370052065
WC-2018,2018 FIFA Men's World Cup,T-54,Panama,PAN,group stage,2018,2018-06-14,2018-07-15,Russia,France,32,0,Panamanian Football Federation,Central America,"Confederation of North, Central American and Caribbean Association Football",CONCACAF,0,0,,3,0,0,3,2,11,0,0,-9,11.0,0.0,0.0,PAN,0,0.817,77.863,13.11288674,10.4001236,30084.15093,0.404,0.772,16151.3273433486,13.2830678129028,2023.0,2018.0,1.013,4.1652545,65.7099285144924,,6,0,32,0.0,0.7359154929577464,0.8231256197086417,0.6957709473654566,0.41187699905567676,0.29808902518174873,0.15678025855418382,0.0026818703984992135,0.8888888888888887,0.47050938337801607,0.5362056798776059,,0.5019844165366464,10,-0.5019844165366464
WC-2019,2019 FIFA Women's World Cup,T-83,United States,USA,final,2019,2019-06-07,2019-07-07,France,United States,24,1,United States Soccer Federation,North America,"Confederation of North, Central American and Caribbean Association Football",CONCACAF,0,1,1.0,7,7,0,0,26,3,0,0,23,7.0,0.0,0.0,USA,0,0.933,79.138,16.63553047,13.59252501,63654.31978,0.192,0.743,64746.4506778863,6.47895139752497,2023.0,2019.0,0.996,334.3196705,80.1304793353594,87.8887100219727,1,21,1,1.0,0.9401408450704227,0.8555411486538024,0.9476556444076222,0.6162963309235815,0.6484885159944832,0.6384557396307972,0.23493782639056943,0.8364197530864199,0.7546916890080428,0.7356497008675837,0.7285623025984168,0.7215308633301585,11,0.2784691366698415
WC-2019,2019 FIFA Women's World Cup,T-48,Netherlands,NLD,final,2019,2019-06-07,2019-07-07,France,United States,24,1,Royal Dutch Football Association,Europe,Union of European Football Associations,UEFA,0,0,2.0,7,6,0,1,11,5,1,0,6,6.0,0.0,0.0,NLD,0,0.941,82.046,18.37341499,12.4523201,55628.1765,0.028,0.792,53554.9007491475,3.95729864744157,2023.0,2019.0,0.956,17.3632615,93.8898028856479,,1,18,2,0.9565217391304348,0.954225352112676,0.9294739785930393,0.8576919677153044,0.7171459256232916,0.5647130506082837,0.5275249542759032,0.011966361486375605,0.712962962962963,0.9745308310991957,0.9259485909072535,,0.7176183975384286,10,0.2389033415920062
WC-2019,2019 FIFA Women's World Cup,T-74,Sweden,SWE,third-place match,2019,2019-06-07,2019-07-07,France,United States,24,1,Swedish Football Association,Europe,Union of European Football Associations,UEFA,0,0,3.0,7,5,0,2,12,6,1,0,6,7.0,0.0,0.0,SWE,0,0.947,83.052,18.52235985,12.60972023,54441.03776,0.023,0.837,51648.9892820514,2.47465228620054,2023.0,2019.0,0.986,10.2679215,87.7088420242759,75.1148529052734,2,15,3,0.9130434782608696,0.9647887323943661,0.9550504665293778,0.8701110463234195,0.7257892092193761,0.5523219062003201,0.5086335355530192,0.006974954753870245,0.8055555555555557,0.9812332439678284,0.8404625576005456,0.6194955456070768,0.711856068518614,11,0.20118740974225557
WC-2019,2019 FIFA Women's World Cup,T-28,England,ENG,third-place match,2019,2019-06-07,2019-07-07,France,United States,24,1,The Football Association,Europe,Union of European Football Associations,UEFA,0,0,4.0,7,5,0,2,13,5,0,0,8,4.0,0.0,1.0,GBR,1,0.933,81.725,17.17925072,13.32452361,47066.25779,0.106,0.844,43158.7411267323,4.45700917956078,2023.0,2019.0,0.976,66.778659,82.6699420738913,65.5119934082031,2,15,4,0.8695652173913043,0.9401408450704227,0.9213128924821397,0.9265099791932104,0.647848465839039,0.4753452559519865,0.42447808776209595,0.04672894478343093,0.7746913580246915,0.8699731903485255,0.7707718446759971,0.5375036512543725,0.6668458650350829,11,0.2027193523562214
WC-2019,2019 FIFA Women's World Cup,T-31,Germany,DEU,quarter-final,2019,2019-06-07,2019-07-07,France,United States,24,1,Germany Football Association,Europe,Union of European Football Associations,UEFA,0,0,,5,4,0,1,10,2,0,0,8,5.0,0.0,0.0,DEU,0,0.951,81.558,17.22438049,14.16666031,55685.0117,0.079,0.833,47656.199739747,3.65013704194822,2023.0,2019.0,0.962,83.148141,81.3053991689039,72.705078125,3,12,5,0.8260869565217391,0.9718309859154929,0.9170670937889307,0.9929556795625725,0.6504673504432884,0.5653062863834514,0.4690569547840542,0.05824449480110807,0.7314814814814815,0.9061662198391421,0.7518994779290749,0.5989202160129837,0.6921269309946891,11,0.13396002552705
WC-2019,2019 FIFA Women's World Cup,T-30,France,FRA,quarter-final,2019,2019-06-07,2019-07-07,France,United States,24,1,French Football Association,Europe,Union of European Football Associations,UEFA,1,0,,5,4,0,1,10,4,1,0,6,5.0,0.0,0.0,FRA,0,0.905,82.731,15.86798954,11.61005974,46907.18465,0.086,0.823,40408.2848574751,4.32146435845036,2023.0,2019.0,0.988,64.3997585,78.6890784549356,67.7331314086914,3,12,6,0.782608695652174,0.8908450704225352,0.9468893804184781,0.7912365104082532,0.5717558618560865,0.47368487862391767,0.3972155302096787,0.04505544358804631,0.8117283950617286,0.8967828418230563,0.7157143467315804,0.5564683473778943,0.645216055138296,11,0.1373926405138779
WC-2019,2019 FIFA Women's World Cup,T-41,Italy,ITA,quarter-final,2019,2019-06-07,2019-07-07,France,United States,24,1,Italian Football Association,Europe,Union of European Football Associations,UEFA,0,0,,5,3,0,2,9,4,0,0,5,8.0,0.0,0.0,ITA,0,0.899,83.552,16.37994003,10.65328026,43102.26436,0.054,0.817,33812.788724868,2.75590246778776,2023.0,2019.0,0.966,59.727932,69.5050010681153,65.6895065307617,3,9,7,0.7391304347826086,0.8802816901408451,0.9677624386647348,0.7157453429438331,0.6014643947468784,0.43396979294304705,0.33184088858685196,0.04176892225923092,0.7438271604938272,0.9396782841823056,0.5886935868546397,0.5390193078351528,0.6167319826955769,11,0.1223984520870317
WC-2019,2019 FIFA Women's World Cup,T-53,Norway,NOR,quarter-final,2019,2019-06-07,2019-07-07,France,United States,24,1,Norwegian Football Federation,Europe,Union of European Football Associations,UEFA,0,0,,5,3,0,2,7,7,1,1,0,5.0,0.0,0.0,NOR,0,0.961,82.955,18.23535919,13.00362968,66977.3741,0.016,0.802,76430.5889473338,2.35530985902604,2023.0,2019.0,0.985,5.3482785,82.4935894878281,85.7633819580078,3,9,8,0.6956521739130435,0.9894366197183099,0.9525843439351183,0.9011910233477675,0.7091345351564818,0.6831739698232643,0.7542690668891286,0.003514100278718544,0.8024691358024693,0.9906166219839142,0.76833279298419,0.7104156584515758,0.7513761698519036,11,-0.05572399593886013
WC-2019,2019 FIFA Women's World Cup,T-04,Australia,AUS,round of 16,2019,2019-06-07,2019-07-07,France,United States,24,1,Football Australia,Oceania,Asian Football Confederation,AFC,0,0,,4,2,0,2,9,6,1,1,3,2.0,1.0,1.0,AUS,0,0.941,83.11,21.37561989,12.65668964,47054.49255,0.08,0.748,55194.7585097428,3.66551302275429,2023.0,2019.0,0.97,25.35717,87.3019647888406,109.759559631348,4,6,9,0.6521739130434783,0.954225352112676,0.956525055297079,0.8738169949459955,0.8913641454682345,0.47522245245571243,0.5437792452732588,0.01758989026807343,0.756172839506173,0.9048257372654156,0.8348352252681998,0.9153017202815428,0.7385144234674873,11,-0.08634051042400903
WC-2019,2019 FIFA Women's World Cup,T-09,Brazil,BRA,round of 16,2019,2019-06-07,2019-07-07,France,United States,24,1,Brazilian Football Confederation,South America,South American Football Confederation,CONMEBOL,0,0,,4,2,0,2,7,5,1,0,2,11.0,0.0,0.0,BRA,0,0.764,75.338,15.44937038,8.128813955,14290.61164,0.396,0.705,9029.83304401079,14.4415264259814,2023.0,2019.0,0.994,211.782878,86.6797991084296,53.6215400695801,4,6,10,0.6086956521739131,0.642605633802817,0.7589301604250883,0.516561609834255,0.5474633544232377,0.13323885269454913,0.08619191640710379,0.14873604168904528,0.830246913580247,0.4812332439678284,0.8262303372466148,0.4359796422606377,0.49158342784831127,11,0.11711222432560181
WC-2019,2019 FIFA Women's World Cup,T-12,Canada,CAN,round of 16,2019,2019-06-07,2019-07-07,France,United States,24,1,Canadian Soccer Association,North America,"Confederation of North, Central American and Caribbean Association Football",CONCACAF,0,0,,4,2,0,2,4,3,0,0,1,3.0,0.0,0.0,CAN,0,0.932,82.363,15.93334007,13.83442722,48591.23289,0.075,0.721,46352.8693445211,5.06430607881266,2023.0,2019.0,0.987,37.5225845,81.7363672047941,73.1128768920898,4,6,11,0.5652173913043479,0.938380281690141,0.9375333689268555,0.966742048983443,0.5755481589782862,0.491262676592011,0.45613832731601717,0.026147976538642325,0.8086419753086421,0.9115281501340483,0.7578599990675404,0.6024021156949056,0.679289552657321,11,-0.11407216135297316
WC-2019,2019 FIFA Women's World Cup,T-73,Spain,ESP,round of 16,2019,2019-06-07,2019-07-07,France,United States,24,1,Royal Spanish Football Federation,Europe,Union of European Football Associations,UEFA,0,0,,4,1,1,2,4,4,0,0,0,2.0,0.0,0.0,ESP,0,0.904,83.532,17.50081062,10.37387514,40854.13936,0.056,0.834,29786.5245689007,3.11564700190687,2023.0,2019.0,0.987,47.131372,79.6349761108307,91.5387725830078,4,4,12,0.5217391304347826,0.8890845070422536,0.9672539597793203,0.6936999091262763,0.6665086157014011,0.410504261422988,0.2919325070211501,0.03290753515298827,0.8086419753086421,0.9369973190348525,0.7287966231494637,0.7597275554042562,0.653277706194872,11,-0.13153857576008943
WC-2019,2019 FIFA Women's World Cup,T-44,Japan,JPN,round of 16,2019,2019-06-07,2019-07-07,France,United States,24,1,Japan Football Association,East Asia,Asian Football Confederation,AFC,0,0,,4,1,1,2,3,5,0,0,-2,5.0,0.0,0.0,JPN,0,0.918,84.426,15.44126987,12.65529737,43276.34134,0.083,0.805,40415.9567649547,2.36329370011246,2023.0,2019.0,0.965,125.7916765,91.7164207898107,62.4008407592773,4,4,13,0.4782608695652174,0.9137323943661972,0.9899829659573388,0.8737071430000427,0.5469932811007818,0.4357867777019491,0.397291574254275,0.08824323061821215,0.7407407407407408,0.900804289544236,0.8958895404780454,0.5109397616771394,0.6631010635853598,11,-0.1848401940201424
WC-2019,2019 FIFA Women's World Cup,T-14,China,CHN,round of 16,2019,2019-06-07,2019-07-07,France,United States,24,1,Chinese Football Association,East Asia,Asian Football Confederation,AFC,0,0,,4,1,1,2,1,3,0,0,-2,5.0,0.0,0.0,CHN,0,0.775,77.968,14.96151725,7.960391283,15933.62146,0.187,0.676,10342.9009524335,6.1903512672627,2023.0,2019.0,0.957,1421.864031,62.7099151611328,56.6050917923292,4,4,14,0.4347826086956522,0.6619718309859155,0.8257951338570668,0.5032728380717617,0.5191531934963857,0.15038829888592042,0.09920706222989993,1.0,0.7160493827160495,0.7613941018766757,0.49471387185652416,0.46145403951929853,0.5630363412268634,11,-0.1282537325312112
WC-2019,2019 FIFA Women's World Cup,T-11,Cameroon,CMR,round of 16,2019,2019-06-07,2019-07-07,France,United States,24,1,Cameroonian Football Federation,Africa,Confederation of African Football,CAF,0,0,,4,1,0,3,3,8,0,0,-5,8.0,0.0,0.0,CMR,0,0.586,61.584,13.05683437,6.47855597,3675.295147,0.564,0.576,1555.22660476477,67.2353405456744,2023.0,2019.0,0.892,25.782341,53.9487914119331,15.0528614131463,4,3,15,0.3913043478260869,0.329225352112676,0.40924923092568594,0.3863540703653574,0.40862427499294207,0.02243805480213038,0.012103522234363102,0.01788898818189659,0.5154320987654323,0.2560321715817695,0.3735427896532909,0.1066695001423967,0.25796000488708554,11,0.13334434293900138
WC-2019,2019 FIFA Women's World Cup,T-50,Nigeria,NGA,round of 16,2019,2019-06-07,2019-07-07,France,United States,24,1,Nigeria Football Federation,Africa,Confederation of African Football,CAF,0,0,,4,1,0,3,2,7,0,0,-5,9.0,0.0,1.0,NGA,0,0.537,52.91,10.13020498,7.191969872,4914.227713,0.694,0.526,3189.81286498516,104.90961558358,2023.0,2019.0,0.834,203.3044915,58.9611186427056,,4,3,16,0.34782608695652173,0.24295774647887328,0.1887219383215111,0.44264337158169126,0.23879170877746103,0.035369814014229624,0.028305562052899736,0.14277169389783548,0.33641975308641975,0.0817694369973191,0.4428659874867787,,0.21806170126950192,10,0.1297643856870198
WC-2019,2019 FIFA Women's World Cup,T-13,Chile,CHL,group stage,2019,2019-06-07,2019-07-07,France,United States,24,1,Football Federation of Chile,South America,South American Football Confederation,CONMEBOL,0,0,,3,1,0,2,2,5,0,0,-3,5.0,0.0,0.0,CHL,0,0.859,80.326,16.64357948,10.9349663,23892.70513,0.214,0.79,14495.716721687,7.16415210639038,2023.0,2019.0,0.968,19.0394855,88.1273685623538,92.0659713745117,6,3,17,0.30434782608695654,0.8098591549295775,0.8857447944474105,0.7379707443686517,0.6167634156964145,0.233463807911963,0.1403698249974153,0.013145546100331676,0.7500000000000001,0.725201072386059,0.8462510060920195,0.7642289258167931,0.5929998447951488,11,-0.28865201870819224
WC-2019,2019 FIFA Women's World Cup,T-03,Argentina,ARG,group stage,2019,2019-06-07,2019-07-07,France,United States,24,1,Argentine Football Association,South America,South American Football Confederation,CONMEBOL,0,0,,3,0,2,1,3,4,0,0,-1,3.0,0.0,0.0,ARG,0,0.853,77.284,18.08637047,11.12439013,21205.4712,0.291,0.788,9955.97478680428,9.64850748979662,2023.0,2019.0,0.998,44.74552,91.8567844513802,95.1928240640628,6,2,18,0.26086956521739135,0.7992957746478874,0.8084051559758983,0.7529165352966531,0.7004887063606602,0.20541493496842692,0.09537184515086178,0.03122914373896704,0.8425925925925928,0.6219839142091154,0.8978308458700549,0.7909268667224536,0.5951323923212338,11,-0.3342628271038425
WC-2019,2019 FIFA Women's World Cup,T-64,Scotland,SCO,group stage,2019,2019-06-07,2019-07-07,France,United States,24,1,Scottish Football Association,Europe,Union of European Football Associations,UEFA,0,0,,3,0,1,2,5,7,0,0,-2,6.0,0.0,0.0,GBR,1,0.933,81.725,17.17925072,13.32452361,47066.25779,0.106,0.844,43158.7411267323,4.45700917956078,2023.0,2019.0,0.976,66.778659,82.6699420738913,65.5119934082031,6,1,19,0.21739130434782605,0.9401408450704227,0.9213128924821397,0.9265099791932104,0.647848465839039,0.4753452559519865,0.42447808776209595,0.04672894478343093,0.7746913580246915,0.8699731903485255,0.7707718446759971,0.5375036512543725,0.6668458650350829,11,-0.44945456068725687
WC-2019,2019 FIFA Women's World Cup,T-49,New Zealand,NZL,group stage,2019,2019-06-07,2019-07-07,France,United States,24,1,New Zealand Football,Oceania,Oceania Football Confederation,OFC,0,0,,3,0,0,3,1,5,0,0,-4,1.0,0.0,0.0,NZL,0,0.937,82.567,19.4722805,13.04222727,42210.38427,0.1,0.813,42855.831861632,4.68398357212464,2023.0,2019.0,0.967,4.959034,83.804965871667,77.5843734741211,6,0,20,0.17391304347826086,0.9471830985915495,0.942719853558081,0.9042364242905354,0.7809131898100915,0.4246605061533854,0.4214756472705817,0.003240275822400639,0.7469135802469137,0.8780160857908847,0.7864698379745699,0.6405810014178761,0.6796735909933518,11,-0.5057605475150909
WC-2019,2019 FIFA Women's World Cup,T-70,South Africa,ZAF,group stage,2019,2019-06-07,2019-07-07,France,United States,24,1,South African Football Associaiton,Africa,Confederation of African Football,CAF,0,0,,3,0,0,3,1,8,0,0,-7,7.0,0.0,1.0,ZAF,0,0.741,66.175,14.21393013,11.37316036,13506.04814,0.408,0.684,6533.71121032856,34.6505946265276,2023.0,2019.0,0.959,58.087055,63.4127255007908,22.2442465104023,6,0,21,0.13043478260869568,0.602112676056338,0.5259705590725345,0.7725448357416964,0.4757706458143777,0.12504971750912228,0.06145032501761949,0.04061460343800273,0.7222222222222223,0.46514745308310995,0.5044341191533119,0.1680715530750378,0.4057626100166703,11,-0.2753278274079746
WC-2019,2019 FIFA Women's World Cup,T-71,South Korea,KOR,group stage,2019,2019-06-07,2019-07-07,France,United States,24,1,Korea Football Association,East Asia,Asian Football Confederation,AFC,0,0,,3,0,0,3,1,8,0,0,-7,4.0,0.0,0.0,KOR,0,0.922,83.656,16.37698936,12.51293027,43116.57374,0.075,0.767,33826.9443301597,2.7607253167146,2023.0,2019.0,0.945,51.8038295,81.2901063535619,93.9989166259766,6,0,22,0.08695652173913049,0.9207746478873241,0.970406528868889,0.8624741903582033,0.6012931671019065,0.4341191517231071,0.33198119912669505,0.036194500375633716,0.6790123456790124,0.9115281501340483,0.7516879700177644,0.7807329518203,0.6618368002811713,11,-0.5748802785420408
WC-2019,2019 FIFA Women's World Cup,T-43,Jamaica,JAM,group stage,2019,2019-06-07,2019-07-07,France,United States,24,1,Jamaica Football Federation,Caribbean,"Confederation of North, Central American and Caribbean Association Football",CONCACAF,0,0,,3,0,0,3,1,12,0,0,-11,4.0,0.0,0.0,JAM,0,0.712,71.767,12.53661674,9.154628661,9957.949582,0.376,0.686,6030.68896415921,19.328880434224,2023.0,2019.0,1.016,2.813773,56.6957957395074,,6,0,23,0.04347826086956519,0.551056338028169,0.6681412554343681,0.5974997480122508,0.37843599922583654,0.08801529168803802,0.05646436211043911,0.0017311345834492735,0.8981481481481484,0.5080428954423593,0.4115353459414667,,0.41590705186145244,10,-0.37242879099188725
WC-2019,2019 FIFA Women's World Cup,T-76,Thailand,THA,group stage,2019,2019-06-07,2019-07-07,France,United States,24,1,Football Association of Thailand,South East Asia,Asian Football Confederation,AFC,0,0,,3,0,0,3,1,20,0,0,-19,5.0,0.0,0.0,THA,0,0.801,78.975,15.78530264,8.697119713,17334.87989,0.316,0.751,7605.69657797759,9.21389003267474,2023.0,2019.0,1.012,71.307763,55.9266166687012,44.9880040072053,6,0,24,0.0,0.7077464788732395,0.8513970457376757,0.5614016864088197,0.5669575336265587,0.16501438678446403,0.07207585762744116,0.04991506415161018,0.8858024691358027,0.5884718498659518,0.40089718317996265,0.36226410191221736,0.4738130597548857,11,-0.4738130597548857
WC-2022,2022 FIFA Men's World Cup,T-03,Argentina,ARG,final,2022,2022-11-20,2022-12-18,Qatar,Argentina,32,0,Argentine Football Association,South America,South American Football Confederation,CONMEBOL,0,1,1.0,7,6,0,1,15,8,2,2,7,17.0,0.0,0.0,ARG,0,0.849,76.064,18.97950935,11.14408016,22047.97131,0.292,0.782,13962.1894087223,9.64850748979662,2023.0,2022.0,0.995,45.510318,92.112838186126,107.103901423423,1,18,1,1.0,0.7922535211267605,0.7773879439656268,0.7544701047274163,0.7523176357411653,0.2142088022519891,0.13508149547984954,0.031767161351400924,0.8333333333333335,0.6206434316353888,0.9013722075754143,0.8926269693609957,0.6095875096863037,11,0.3904124903136963
WC-2022,2022 FIFA Men's World Cup,T-30,France,FRA,final,2022,2022-11-20,2022-12-18,Qatar,Argentina,32,0,French Football Association,Europe,Union of European Football Associations,UEFA,0,0,2.0,7,5,0,2,16,8,1,1,8,8.0,0.0,0.0,FRA,0,0.91,83.229,15.98756027,11.68859246,47378.74304,0.084,0.823,40988.6396406579,4.32146435845036,2023.0,2022.0,0.986,64.626628,78.7591921123356,71.5107269287109,1,15,2,0.967741935483871,0.8996478873239437,0.9595505046652939,0.7974328459702955,0.5786945620514531,0.47860692177725356,0.4029680142081299,0.045215041006873326,0.8055555555555557,0.8994638069705094,0.7166840565527847,0.5887225121794497,0.6520492462055948,11,0.3156926892782762
WC-2022,2022 FIFA Men's World Cup,T-18,Croatia,HRV,third-place match,2022,2022-11-20,2022-12-18,Qatar,Argentina,32,0,Croatian Football Federation,Europe,Union of European Football Associations,UEFA,0,0,3.0,7,4,2,1,8,7,2,2,1,8.0,0.0,0.0,HRV,0,0.878,79.236,15.57269955,12.32871821,34323.80663,0.087,0.807,18465.5414420364,4.56840290804215,2023.0,2022.0,0.993,4.0303575,56.9977571733605,80.7626724243164,2,14,3,0.935483870967742,0.8433098591549296,0.8580326951923324,0.8479396149820405,0.5546201572291868,0.34234180225711064,0.17971877815883483,0.0025869734951803063,0.8271604938271606,0.8954423592493298,0.41571163596670024,0.6677182048545429,0.5849620522152136,11,0.3505218187525284
WC-2022,2022 FIFA Men's World Cup,T-47,Morocco,MAR,third-place match,2022,2022-11-20,2022-12-18,Qatar,Argentina,32,0,Royal Moroccan Football Federation,Africa,Confederation of African Football,CAF,0,0,4.0,7,4,1,2,6,5,1,1,1,8.0,0.0,1.0,MAR,0,0.698,74.973,14.59442043,6.05,7954.522461,0.44,0.672,3463.1376953125,16.5750520440067,2023.0,2022.0,0.851,37.4579705,62.5118468550703,45.9400219155138,2,13,4,0.9032258064516129,0.5264084507042253,0.7496504207662777,0.3525404370512869,0.49785053207872576,0.06710387339236203,0.031014761250353684,0.026102522091834408,0.38888888888888895,0.4222520107238606,0.4919744800064837,0.37039269650258155,0.3567435521324437,11,0.5464822543191692
WC-2022,2022 FIFA Men's World Cup,T-28,England,ENG,quarter-finals,2022,2022-11-20,2022-12-18,Qatar,Argentina,32,0,The Football Association,Europe,Union of European Football Associations,UEFA,0,0,,5,3,1,1,13,4,0,0,9,1.0,0.0,0.0,GBR,1,0.94,82.156,17.6342907,13.4061203,46623.90269,0.094,0.846,47057.043229179,4.45700917956078,2023.0,2022.0,0.976,67.5089355,83.0753982997505,79.7695083618164,3,10,5,0.8709677419354839,0.9524647887323944,0.9322706124628178,0.9329480660440409,0.6742544767258638,0.4707280315796278,0.463118107824427,0.04724267732319513,0.7746913580246915,0.886058981233244,0.7763795236769798,0.6592382929166201,0.6881268105949002,11,0.18284093134058366
WC-2022,2022 FIFA Men's World Cup,T-48,Netherlands,NLD,quarter-finals,2022,2022-11-20,2022-12-18,Qatar,Argentina,32,0,Royal Dutch Football Association,Europe,Union of European Football Associations,UEFA,0,0,,5,3,1,1,10,4,1,1,6,11.0,0.0,1.0,NLD,0,0.946,82.451,18.58348083,12.58162975,57278.31015,0.025,0.796,59123.318556487,3.95729864744157,2023.0,2022.0,0.96,17.564014,94.9856177734136,,3,10,6,0.8387096774193549,0.9630281690140845,0.9397706760226782,0.8678946702679506,0.729336065175403,0.5819368540784576,0.5827191824646308,0.01210758620288916,0.7253086419753088,0.9785522788203753,0.9411043037639647,,0.7321758427785742,10,0.1065338346407807
WC-2022,2022 FIFA Men's World Cup,T-58,Portugal,PRT,quarter-finals,2022,2022-11-20,2022-12-18,Qatar,Argentina,32,0,Portuguese Football Federation,Europe,Union of European Football Associations,UEFA,0,0,,5,3,0,2,12,6,0,0,6,6.0,0.0,0.0,PRT,0,0.874,82.24,16.82140923,9.575940132,35314.99828,0.076,0.807,24620.5197587181,3.16403166892804,2023.0,2022.0,0.998,10.270865,61.1259255772782,75.0714797973633,3,9,7,0.8064516129032258,0.8362676056338029,0.9344062237815575,0.6307417807656519,0.6270828920520993,0.3526876855623069,0.24072700158270044,0.00697702543768767,0.8425925925925928,0.9101876675603218,0.472806438795572,0.6191252139071702,0.5885092843337695,11,0.21794232856945628
WC-2022,2022 FIFA Men's World Cup,T-09,Brazil,BRA,quarter-finals,2022,2022-11-20,2022-12-18,Qatar,Argentina,32,0,Brazilian Football Confederation,South America,South American Football Confederation,CONMEBOL,0,0,,5,3,0,2,8,3,1,1,5,6.0,0.0,0.0,BRA,0,0.76,73.425,15.5788002,8.278307638,14615.89235,0.391,0.702,9281.33282136864,14.4415264259814,2023.0,2022.0,1.0,215.313498,87.349556243881,61.0000915527344,3,9,8,0.7741935483870968,0.6355633802816901,0.7102941550352122,0.5283568593082779,0.5549741784963219,0.13663407527041668,0.08868478540170527,0.15121975077668845,0.8487654320987656,0.4879356568364611,0.8354934408437299,0.49897977403048693,0.49790013530725064,11,0.2762934130798461
WC-2022,2022 FIFA Men's World Cup,T-44,Japan,JPN,round of 16,2022,2022-11-20,2022-12-18,Qatar,Argentina,32,0,Japan Football Association,East Asia,Asian Football Confederation,AFC,0,0,,4,2,0,2,5,4,1,1,1,6.0,0.0,0.0,JPN,0,0.92,84.82,15.45631981,12.66923046,43643.86417,0.078,0.809,34065.6438962526,2.36329370011246,2023.0,2022.0,0.968,123.951692,91.9776532428406,63.3752288818359,4,6,9,0.7419354838709677,0.9172535211267607,1.0,0.8748064822443238,0.5478666304699649,0.43962291606245235,0.33434719226429993,0.08694884429972628,0.7500000000000001,0.9075067024128687,0.899502526659542,0.5192593593998519,0.6615558340854355,11,0.08037964978553225
WC-2022,2022 FIFA Men's World Cup,T-65,Senegal,SEN,round of 16,2022,2022-11-20,2022-12-18,Qatar,Argentina,32,0,Senegalese Football Federation,Africa,Confederation of African Football,CAF,0,0,,4,2,0,2,5,7,0,0,-2,7.0,0.0,0.0,SEN,0,0.517,67.913,9.144550323,2.88736686,3463.806076,0.505,0.503,1574.0281059306,38.5192633385635,2023.0,2022.0,0.925,17.316449,53.4435061024348,15.6478973478986,4,6,10,0.7096774193548387,0.20774647887323944,0.5701573742150358,0.10300449591648675,0.18159408055281262,0.02023056924785804,0.012289882953249832,0.011933429980955793,0.6172839506172842,0.3351206434316354,0.36655442040683467,0.11175008301598324,0.2306968553828523,11,0.4789805639719864
WC-2022,2022 FIFA Men's World Cup,T-04,Australia,AUS,round of 16,2022,2022-11-20,2022-12-18,Qatar,Argentina,32,0,Football Australia,Oceania,Asian Football Confederation,AFC,0,0,,4,2,0,2,4,6,0,0,-2,7.0,0.0,0.0,AUS,0,0.946,83.579,21.0800209,12.72681999,49257.1352,0.063,0.763,65169.5191118657,3.66551302275429,2023.0,2022.0,0.978,26.1774135,87.3343268253813,106.240760803223,4,6,11,0.6774193548387097,0.9630281690140845,0.9684488851600437,0.8793503723927906,0.874210509543597,0.49821324724292454,0.6426491993337902,0.01816691250072102,0.7808641975308643,0.9276139410187667,0.8352828097450534,0.8852572338603818,0.752098679758456,11,-0.07467932491974627
WC-2022,2022 FIFA Men's World Cup,T-75,Switzerland,CHE,round of 16,2022,2022-11-20,2022-12-18,Qatar,Argentina,32,0,Swiss Football Association,Europe,Union of European Football Associations,UEFA,0,0,,4,2,0,2,5,9,0,0,-4,9.0,0.0,0.0,CHE,0,0.967,84.255,16.5837307,13.90406622,69432.78669,0.018,0.826,94394.5106803525,3.94356458065003,2023.0,2022.0,0.971,8.740472,84.9206266284521,74.1526794433594,4,6,12,0.6451612903225806,1.0,0.9856354714870466,0.9722366582648364,0.6132903856205887,0.7088031325812936,0.9323276877759836,0.005900429541849123,0.7592592592592593,0.9879356568364611,0.8019000299386634,0.6112802400658162,0.7616880864883453,11,-0.11652679616576467
WC-2022,2022 FIFA Men's World Cup,T-83,United States,USA,round of 16,2022,2022-11-20,2022-12-18,Qatar,Argentina,32,0,United States Soccer Federation,North America,"Confederation of North, Central American and Caribbean Association Football",CONCACAF,0,0,,4,1,2,1,3,4,0,0,-1,5.0,0.0,0.0,USA,0,0.927,78.203,16.41274071,13.57549953,65564.93798,0.18,0.74,76657.2488844403,6.47895139752497,2023.0,2022.0,1.005,338.289857,80.0324978239707,79.361930847168,4,5,13,0.6129032258064516,0.9295774647887325,0.8317697607606847,0.9463123114989335,0.6033678211516863,0.6684312111715301,0.7565157230709635,0.23773076029160897,0.8641975308641974,0.7707774798927614,0.7342945635460774,0.6557582823497898,0.7271575372169969,11,-0.11425431141054532
WC-2022,2022 FIFA Men's World Cup,T-73,Spain,ESP,round of 16,2022,2022-11-20,2022-12-18,Qatar,Argentina,32,0,Royal Spanish Football Federation,Europe,Union of European Football Associations,UEFA,0,0,,4,1,1,2,9,3,1,1,6,2.0,0.0,0.0,ESP,0,0.911,83.912,17.80905914,10.60540009,40043.33773,0.059,0.839,30319.4987196616,3.11564700190687,2023.0,2022.0,0.988,47.5586295,79.9548794567814,95.0271606445312,4,4,14,0.5806451612903225,0.9014084507042255,0.9769150586021919,0.7119675341516807,0.6843963049874449,0.40204125727273826,0.2972153535879104,0.033208100871053,0.8117283950617286,0.9329758713136729,0.7332210595275963,0.7895123862131337,0.6613263429357614,11,-0.08068118164543892
WC-2022,2022 FIFA Men's World Cup,T-57,Poland,POL,round of 16,2022,2022-11-20,2022-12-18,Qatar,Argentina,32,0,Polish Football Association,Europe,Union of European Football Associations,UEFA,0,0,,4,1,1,2,3,5,0,0,-2,7.0,0.0,0.0,POL,0,0.881,76.996,15.93451977,13.1647501,35150.9519,0.105,0.78,18891.2121169279,4.35218164490786,2023.0,2022.0,1.009,39.8571455,59.8315488048321,75.2911071777344,4,4,15,0.5483870967741935,0.8485915492957747,0.8010830600259324,0.9139036377614437,0.5756166170751839,0.35097539843385916,0.1839380313068734,0.027790285926613083,0.8765432098765431,0.871313672922252,0.45490450762945317,0.6210004537744038,0.5932418567298484,11,-0.04485475995565491
WC-2022,2022 FIFA Men's World Cup,T-71,South Korea,KOR,round of 16,2022,2022-11-20,2022-12-18,Qatar,Argentina,32,0,Korea Football Association,East Asia,Asian Football Confederation,AFC,0,0,,4,1,1,2,5,8,0,0,-3,6.0,0.0,0.0,KOR,0,0.929,84.024,16.50964928,12.61409234,46026.4542,0.062,0.775,34822.4048404971,2.7607253167146,2023.0,2022.0,0.948,51.8158095,81.1624941626873,102.813056945801,4,4,16,0.5161290322580645,0.9330985915492959,0.9797625403605117,0.8704560115897971,0.6089914341679462,0.46449196980650276,0.3418482163767317,0.03620292802711418,0.6882716049382717,0.9289544235924934,0.7499230243654429,0.855990541721874,0.6779992078632711,11,-0.16187017560520656
WC-2022,2022 FIFA Men's World Cup,T-31,Germany,DEU,group stage,2022,2022-11-20,2022-12-18,Qatar,Argentina,32,0,Germany Football Association,Europe,Union of European Football Associations,UEFA,0,0,,3,1,1,1,6,5,0,0,1,3.0,0.0,0.0,DEU,0,0.95,80.989,17.34334946,14.25594044,55340.19722,0.071,0.833,50506.5179638543,3.65013704194822,2023.0,2022.0,0.966,83.369843,81.7867852780995,77.3656997680664,6,4,17,0.4838709677419355,0.9700704225352113,0.9026008694988943,1.0,0.6573711304518367,0.5617071737678215,0.49730934530412413,0.0584004570038228,0.7438271604938272,0.9168900804289545,0.7585573083031936,0.6387139042881076,0.7004952592796175,11,-0.21662429153768203
WC-2022,2022 FIFA Men's World Cup,T-25,Ecuador,ECU,group stage,2022,2022-11-20,2022-12-18,Qatar,Argentina,32,0,Ecuadorian Football Federation,South America,South American Football Confederation,CONMEBOL,0,0,,3,1,1,1,4,3,0,0,1,3.0,0.0,0.0,ECU,0,0.765,77.894,14.86483955,8.969750404,10693.23484,0.371,0.733,6515.58528418336,13.0549329900104,2023.0,2022.0,0.99,18.001,63.0901835932266,59.879782344866,6,4,18,0.4516129032258065,0.6443661971830986,0.823913761981034,0.5829126088109405,0.5135429778869502,0.09569006929063296,0.06127066060693688,0.012414995694528827,0.8179012345679014,0.514745308310992,0.4999731900403064,0.4894142613577323,0.459649569611914,11,-0.008036666386107505
WC-2022,2022 FIFA Men's World Cup,T-11,Cameroon,CMR,group stage,2022,2022-11-20,2022-12-18,Qatar,Argentina,32,0,Cameroonian Football Federation,Africa,Confederation of African Football,CAF,0,0,,3,1,1,1,4,4,0,0,0,7.0,0.0,1.0,CMR,0,0.587,60.958,13.38097793,6.537401781,3681.469988,0.555,0.577,1604.87726954895,67.2353405456744,2023.0,2022.0,0.9,27.9145365,54.8458745688318,16.4371527754335,6,4,19,0.4193548387096774,0.3309859154929577,0.39333384181221875,0.39099708274766787,0.42743435487703074,0.02250250670143173,0.012595660255724934,0.019388938145353963,0.5401234567901236,0.26809651474530827,0.3859499351359281,0.11848896612173762,0.2645361066204984,11,0.15481873208917896
WC-2022,2022 FIFA Men's World Cup,T-84,Uruguay,URY,group stage,2022,2022-11-20,2022-12-18,Qatar,Argentina,32,0,Uruguayan Football Association,South America,South American Football Confederation,CONMEBOL,0,0,,3,1,1,1,2,2,0,0,0,8.0,0.0,0.0,URY,0,0.83,78.0,17.35183907,9.058219782,22206.99029,0.24,0.784,20818.6146091144,6.66247086496002,2023.0,2022.0,1.02,3.4227935,95.4977416992188,76.3977408357972,6,4,20,0.3870967741935484,0.7588028169014084,0.8266087000737296,0.5898929598423728,0.6578637832822208,0.2158686142675477,0.20304246934402045,0.0021595663462589177,0.9104938271604941,0.6903485254691689,0.9481872547744049,0.6304492007863447,0.5848834289316337,11,-0.19778665473808532
WC-2022,2022 FIFA Men's World Cup,T-79,Tunisia,TUN,group stage,2022,2022-11-20,2022-12-18,Qatar,Argentina,32,0,Tunisian Football Federation,Africa,Confederation of African Football,CAF,0,0,,3,1,1,1,1,1,0,0,0,5.0,0.0,0.0,TUN,0,0.732,74.263,14.61953746,7.953393173,10296.6496,0.237,0.701,3707.29283414381,12.9065944023489,2023.0,2022.0,0.928,12.356117,69.707138648303,37.1276893615723,6,4,21,0.3548387096774194,0.5862676056338028,0.7315994203340709,0.5027206779293385,0.499308075584298,0.09155058262969988,0.033434830094387566,0.008443951740270812,0.6265432098765435,0.6943699731903485,0.5914892589677659,0.29515054181062705,0.4237161934355594,11,-0.06887748375814001
WC-2022,2022 FIFA Men's World Cup,T-46,Mexico,MEX,group stage,2022,2022-11-20,2022-12-18,Qatar,Argentina,32,0,Mexican Football Federation,North America,"Confederation of North, Central American and Caribbean Association Football",CONCACAF,0,0,,3,1,1,1,2,3,0,0,-1,7.0,0.0,0.0,MEX,0,0.781,74.832,14.50529957,9.221050262,19138.00726,0.352,0.734,11405.7940473759,12.4590753638058,2023.0,2022.0,0.979,127.5041255,79.199683215791,46.4061317443848,6,4,22,0.32258064516129037,0.6725352112676057,0.746065644624107,0.6027405002536617,0.4926788405728428,0.18383511167094327,0.10974247211691472,0.08944789867748375,0.7839506172839508,0.5402144772117963,0.722776286868726,0.37437247230344667,0.48348723025922524,11,-0.16090658509793487
WC-2022,2022 FIFA Men's World Cup,T-06,Belgium,BEL,group stage,2022,2022-11-20,2022-12-18,Qatar,Argentina,32,0,Royal Belgian Football Association,Europe,Union of European Football Associations,UEFA,0,0,,3,1,1,1,1,2,0,0,-1,5.0,0.0,0.0,BEL,0,0.942,82.293,18.94573975,12.52857789,53644.03854,0.044,0.803,50605.7496677086,3.60260920510039,2023.0,2022.0,0.975,11.65593,87.489200269855,83.5736465454102,6,4,23,0.29032258064516125,0.9559859154929577,0.9357536928279057,0.8637088082890138,0.7503579828217807,0.5440029691668489,0.49829293121588375,0.007951386464214593,0.771604938271605,0.953083109919571,0.8374247932860502,0.6917190863873013,0.7099896012857393,11,-0.41966702064057804
WC-2022,2022 FIFA Men's World Cup,T-32,Ghana,GHA,group stage,2022,2022-11-20,2022-12-18,Qatar,Argentina,32,0,Ghana Football Association,Africa,Confederation of African Football,CAF,0,0,,3,1,0,2,5,7,0,0,-2,8.0,0.0,0.0,GHA,0,0.602,63.945,11.58627987,6.432318439,5380.271535,0.512,0.586,2229.89122647803,37.0640028290563,2023.0,2022.0,0.933,33.4758705,57.250609602871,20.44559258931,6,3,24,0.25806451612903225,0.35739436619718307,0.469275163348842,0.3827058679646722,0.32328786535115833,0.040234297081171974,0.018790806552831794,0.02330120732051836,0.6419753086419756,0.3257372654155496,0.4192087218883896,0.15271414392828628,0.286784092153689,11,-0.028719576024656746
WC-2022,2022 FIFA Men's World Cup,T-63,Saudi Arabia,SAU,group stage,2022,2022-11-20,2022-12-18,Qatar,Argentina,32,0,Saudi Arabian Football Association,Middle East,Asian Football Confederation,AFC,0,0,,3,1,0,2,3,5,0,0,-2,14.0,0.0,0.0,SAU,0,0.875,77.905,15.17204484,11.31052971,50620.43706,0.229,0.69,38510.2276211037,6.1579510008593,2023.0,2022.0,0.928,36.40882,84.1349430023993,73.7492065429688,6,3,25,0.22580645161290325,0.8380281690140845,0.8241934253680118,0.767603194552281,0.5313701284424468,0.512443151170502,0.37840196272171717,0.025364469106479035,0.6265432098765435,0.7050938337801609,0.7910336002472811,0.6078352758410352,0.6007191291018675,11,-0.3749126774889643
WC-2022,2022 FIFA Men's World Cup,T-38,Iran,IRN,group stage,2022,2022-11-20,2022-12-18,Qatar,Argentina,32,0,Football Federation Islamic Republic of Iran,Middle East,Asian Football Confederation,AFC,0,0,,3,1,0,2,4,7,0,0,-3,7.0,0.0,0.0,IRN,0,0.78,74.556,14.11717033,10.74618321,14770.32307,0.484,0.715,4721.20437099984,11.7733135336402,2023.0,2022.0,0.88,88.55057,76.3342208862305,58.6838607788086,6,3,26,0.19354838709677424,0.670774647887324,0.73904863600539,0.7230755086748002,0.47015566593457253,0.13824599583881275,0.043484734154146505,0.06204497800310856,0.4783950617283952,0.3632707774798928,0.6831453923139994,0.4792031492688577,0.44098586793539085,11,-0.2474374808386166
WC-2022,2022 FIFA Men's World Cup,T-17,Costa Rica,CRI,group stage,2022,2022-11-20,2022-12-18,Qatar,Argentina,32,0,Costa Rican Football Federation,Central America,"Confederation of North, Central American and Caribbean Association Football",CONCACAF,0,0,,3,1,0,2,3,11,0,0,-8,6.0,0.0,0.0,CRI,0,0.806,77.32,16.09200378,8.804059982,20248.38031,0.232,0.763,13625.9008491328,10.459823886318,2023.0,2022.0,0.995,5.180829,78.4405687613972,,6,3,27,0.16129032258064513,0.716549295774648,0.8093204179696438,0.5698394151901364,0.5847554283122993,0.1954249893707149,0.13174819899646126,0.003396303448453235,0.8333333333333335,0.7010723860589813,0.7122773231982932,,0.5257717091652965,10,-0.36448138658465135
WC-2022,2022 FIFA Men's World Cup,T-22,Denmark,DNK,group stage,2022,2022-11-20,2022-12-18,Qatar,Argentina,32,0,Danish Football Association,Europe,Union of European Football Associations,UEFA,0,0,,3,0,1,2,1,3,0,0,-2,5.0,0.0,0.0,DNK,0,0.952,81.882,18.77403069,12.96049023,62018.95694,0.009,0.839,67781.0940939514,3.42334612841016,2023.0,2022.0,0.981,5.8822615,88.3880239837703,84.5866088867188,6,1,28,0.12903225806451613,0.9735915492957746,0.9253044517326421,0.8977872636389231,0.7403936906562297,0.6314188876291773,0.668535163799894,0.003889744904803187,0.7901234567901236,1.0,0.8498560116140637,0.7003680415549971,0.7437516601469661,11,-0.61471940208245
WC-2022,2022 FIFA Men's World Cup,T-66,Serbia,SRB,group stage,2022,2022-11-20,2022-12-18,Qatar,Argentina,32,0,Football Association of Serbia,Europe,Union of European Football Associations,UEFA,0,0,,3,0,1,2,5,8,0,0,-3,12.0,0.0,0.0,SRB,0,0.805,74.137,14.50444031,11.5047611,19494.00891,0.119,0.732,10024.8191112596,5.23261987728936,2023.0,2022.0,0.986,7.2213655,61.9013813540396,69.8046798706055,6,1,29,0.09677419354838712,0.7147887323943664,0.7283960033559608,0.7829283083280667,0.49262897763790986,0.18755099399032854,0.0960542309712069,0.004831773436364022,0.8055555555555557,0.8525469168900804,0.4835314117968392,0.5741558062736104,0.5202698827845718,11,-0.42349568923618464
WC-2022,2022 FIFA Men's World Cup,T-85,Wales,WAL,group stage,2022,2022-11-20,2022-12-18,Qatar,Argentina,32,0,Football Association of Wales,Europe,Union of European Football Associations,UEFA,0,0,,3,0,1,2,1,6,0,0,-5,5.0,1.0,1.0,GBR,1,0.94,82.156,17.6342907,13.4061203,46623.90269,0.094,0.846,47057.043229179,4.45700917956078,2023.0,2022.0,0.976,67.5089355,83.0753982997505,79.7695083618164,6,1,30,0.06451612903225812,0.9524647887323944,0.9322706124628178,0.9329480660440409,0.6742544767258638,0.4707280315796278,0.463118107824427,0.04724267732319513,0.7746913580246915,0.886058981233244,0.7763795236769798,0.6592382929166201,0.6881268105949002,11,-0.6236106815626421
WC-2022,2022 FIFA Men's World Cup,T-12,Canada,CAN,group stage,2022,2022-11-20,2022-12-18,Qatar,Argentina,32,0,Canadian Soccer Association,North America,"Confederation of North, Central American and Caribbean Association Football",CONCACAF,0,0,,3,0,0,3,2,7,0,0,-5,8.0,0.0,0.0,CAN,0,0.935,82.847,15.96065044,13.86876597,48444.39319,0.069,0.726,56256.8007264015,5.06430607881266,2023.0,2022.0,0.988,38.454327,82.3500897353968,78.8488311767578,6,0,31,0.032258064516129004,0.9436619718309861,0.949838557953881,0.9694514218127691,0.5771329822009472,0.48972998974908816,0.5543062212438944,0.026803435725582116,0.8117283950617286,0.9195710455764075,0.7663481137585845,0.6513772941679347,0.6963590390074367,11,-0.6641009744913077
WC-2022,2022 FIFA Men's World Cup,T-59,Qatar,QAT,group stage,2022,2022-11-20,2022-12-18,Qatar,Argentina,32,0,Qatar Football Association,Middle East,Asian Football Confederation,AFC,1,0,,3,0,0,3,1,7,0,0,-6,7.0,0.0,0.0,QAT,0,0.875,81.559,13.26426983,10.1317219,95944.37754,0.212,0.45,88701.4689763536,6.01552901049649,2023.0,2022.0,1.027,2.695122,99.243997525719,35.0854901088778,6,0,32,0.0,0.8380281690140845,0.9170925177332012,0.6745936979511663,0.42066177335753296,0.9855264334375999,0.875898185937186,0.0016476663634318407,0.9320987654320987,0.7278820375335121,1.0,0.2777136746540073,0.6955584474012565,11,-0.6955584474012565
