tournament_id,tournament_name,team_id,team_name,team_code,performance,year,start_date,end_date,host_country,winner,tournament_n_teams,is_womens,federation_name,region_name,confederation_name,confederation_code,is_host,is_champion,final_position,matches_played,wins,draws,losses,goals_for,goals_against,matches_extra_time,matches_penalty_shootout,goal_difference,yellow_cards,red_cards,sendings_off,stats_iso3,stats_iso3_substituted,hdi,life_expectancy,expected_schooling_years,mean_schooling_years,gni_per_capita,gii,planetary_hdi,gdp_per_capita,u5_mortality,u5_mortality_snapshot_year,indicator_year_used
WC-1930,1930 FIFA Men's World Cup,T-03,Argentina,ARG,final,1930,1930-07-13,1930-07-30,Uruguay,Uruguay,13,0,Argentine Football Association,South America,South American Football Confederation,CONMEBOL,0,0,2.0,5,4,0,1,18,9,0,0,9,,,,ARG,0,,,,,,,,,,,
WC-1930,1930 FIFA Men's World Cup,T-06,Belgium,BEL,group stage,1930,1930-07-13,1930-07-30,Uruguay,Uruguay,13,0,Royal Belgian Football Association,Europe,Union of European Football Associations,UEFA,0,0,,2,0,0,2,0,4,0,0,-4,,,,BEL,0,,,,,,,,,,,
WC-1930,1930 FIFA Men's World Cup,T-07,Bolivia,BOL,group stage,1930,1930-07-13,1930-07-30,Uruguay,Uruguay,13,0,Bolivian Football Federation,South America,South American Football Confederation,CONMEBOL,0,0,,2,0,0,2,0,8,0,0,-8,,,,BOL,0,,,,,,,,,,,
WC-1930,1930 FIFA Men's World Cup,T-09,Brazil,BRA,group stage,1930,1930-07-13,1930-07-30,Uruguay,Uruguay,13,0,Brazilian Football Confederation,South America,South American Football Confederation,CONMEBOL,0,0,,2,1,0,1,5,2,0,0,3,,,,BRA,0,,,,,,,,,,,
WC-1930,1930 FIFA Men's World Cup,T-13,Chile,CHL,group stage,1930,1930-07-13,1930-07-30,Uruguay,Uruguay,13,0,Football Federation of Chile,South America,South American Football Confederation,CONMEBOL,0,0,,3,2,0,1,5,3,0,0,2,,,,CHL,0,,,,,,,,,,,
WC-1930,1930 FIFA Men's World Cup,T-30,France,FRA,group stage,1930,1930-07-13,1930-07-30,Uruguay,Uruguay,13,0,French Football Association,Europe,Union of European Football Associations,UEFA,0,0,,3,1,0,2,4,3,0,0,1,,,,FRA,0,,,,,,,,,,,
WC-1930,1930 FIFA Men's World Cup,T-46,Mexico,MEX,group stage,1930,1930-07-13,1930-07-30,Uruguay,Uruguay,13,0,Mexican Football Federation,North America,"Confederation of North, Central American and Caribbean Association Football",CONCACAF,0,0,,3,0,0,3,4,13,0,0,-9,,,,MEX,0,,,,,,,,,,,
WC-1930,1930 FIFA Men's World Cup,T-55,Paraguay,PRY,group stage,1930,1930-07-13,1930-07-30,Uruguay,Uruguay,13,0,Paraguayan Football Association,South America,South American Football Confederation,CONMEBOL,0,0,,2,1,0,1,1,3,0,0,-2,,,,PRY,0,,,,,,,,,,,
WC-1930,1930 FIFA Men's World Cup,T-56,Peru,PER,group stage,1930,1930-07-13,1930-07-30,Uruguay,Uruguay,13,0,Peruvian Football Association,South America,South American Football Confederation,CONMEBOL,0,0,,2,0,0,2,1,4,0,0,-3,,,,PER,0,,,,,,,,,,,
WC-1930,1930 FIFA Men's World Cup,T-61,Romania,ROU,group stage,1930,1930-07-13,1930-07-30,Uruguay,Uruguay,13,0,Romanian Football Federation,Europe,Union of European Football Associations,UEFA,0,0,,2,1,0,1,3,5,0,0,-2,,,,ROU,0,,,,,,,,,,,
WC-1930,1930 FIFA Men's World Cup,T-83,United States,USA,semi-finals,1930,1930-07-13,1930-07-30,Uruguay,Uruguay,13,0,United States Soccer Federation,North America,"Confederation of North, Central American and Caribbean Association Football",CONCACAF,0,0,3.0,3,2,0,1,7,6,0,0,1,,,,USA,0,,,,,,,,,,,
WC-1930,1930 FIFA Men's World Cup,T-84,Uruguay,URY,final,1930,1930-07-13,1930-07-30,Uruguay,Uruguay,13,0,Uruguayan Football Association,South America,South American Football Confederation,CONMEBOL,1,1,1.0,4,4,0,0,15,3,0,0,12,,,,URY,0,,,,,,,,,,,
WC-1930,1930 FIFA Men's World Cup,T-87,Yugoslavia,YUG,semi-finals,1930,1930-07-13,1930-07-30,Uruguay,Uruguay,13,0,Football Association of Yugoslavia,Europe,Union of European Football Associations,UEFA,0,0,4.0,3,2,0,1,7,7,0,0,0,,,,SRB,1,,,,,,,,,,,
WC-1934,1934 FIFA Men's World Cup,T-03,Argentina,ARG,round of 16,1934,1934-05-27,1934-06-10,Italy,Italy,16,0,Argentine Football Association,South America,South American Football Confederation,CONMEBOL,0,0,,1,0,0,1,2,3,0,0,-1,,,,ARG,0,,,,,,,,,,,
WC-1934,1934 FIFA Men's World Cup,T-05,Austria,AUT,third-place match,1934,1934-05-27,1934-06-10,Italy,Italy,16,0,Austrian Football Association,Europe,Union of European Football Associations,UEFA,0,0,4.0,4,2,0,2,7,7,1,0,0,,,,AUT,0,,,,,,,,,,,
WC-1934,1934 FIFA Men's World Cup,T-06,Belgium,BEL,round of 16,1934,1934-05-27,1934-06-10,Italy,Italy,16,0,Royal Belgian Football Association,Europe,Union of European Football Associations,UEFA,0,0,,1,0,0,1,2,5,0,0,-3,,,,BEL,0,,,,,,,,,,,
WC-1934,1934 FIFA Men's World Cup,T-09,Brazil,BRA,round of 16,1934,1934-05-27,1934-06-10,Italy,Italy,16,0,Brazilian Football Confederation,South America,South American Football Confederation,CONMEBOL,0,0,,1,0,0,1,1,3,0,0,-2,,,,BRA,0,,,,,,,,,,,
WC-1934,1934 FIFA Men's World Cup,T-21,Czechoslovakia,CSK,final,1934,1934-05-27,1934-06-10,Italy,Italy,16,0,Football Association of the Czechoslovakia,Europe,Union of European Football Associations,UEFA,0,0,2.0,4,3,0,1,9,6,1,0,3,,,,CZE,1,,,,,,,,,,,
WC-1934,1934 FIFA Men's World Cup,T-26,Egypt,EGY,round of 16,1934,1934-05-27,1934-06-10,Italy,Italy,16,0,Egyptian Football Association,Africa,Confederation of African Football,CAF,0,0,,1,0,0,1,2,4,0,0,-2,,,,EGY,0,,,,,,,,,,,
WC-1934,1934 FIFA Men's World Cup,T-30,France,FRA,round of 16,1934,1934-05-27,1934-06-10,Italy,Italy,16,0,French Football Association,Europe,Union of European Football Associations,UEFA,0,0,,1,0,0,1,2,3,1,0,-1,,,,FRA,0,,,,,,,,,,,
WC-1934,1934 FIFA Men's World Cup,T-31,Germany,DEU,third-place match,1934,1934-05-27,1934-06-10,Italy,Italy,16,0,Germany Football Association,Europe,Union of European Football Associations,UEFA,0,0,3.0,4,3,0,1,11,8,0,0,3,,,,DEU,0,,,,,,,,,,,
WC-1934,1934 FIFA Men's World Cup,T-36,Hungary,HUN,quarter-finals,1934,1934-05-27,1934-06-10,Italy,Italy,16,0,Hungary Football Association,Europe,Union of European Football Associations,UEFA,0,0,,2,1,0,1,5,4,0,0,1,,,,HUN,0,,,,,,,,,,,
WC-1934,1934 FIFA Men's World Cup,T-41,Italy,ITA,final,1934,1934-05-27,1934-06-10,Italy,Italy,16,0,Italian Football Association,Europe,Union of European Football Associations,UEFA,1,1,1.0,5,4,1,0,12,3,2,0,9,,,,ITA,0,,,,,,,,,,,
WC-1934,1934 FIFA Men's World Cup,T-48,Netherlands,NLD,round of 16,1934,1934-05-27,1934-06-10,Italy,Italy,16,0,Royal Dutch Football Association,Europe,Union of European Football Associations,UEFA,0,0,,1,0,0,1,2,3,0,0,-1,,,,NLD,0,,,,,,,,,,,
WC-1934,1934 FIFA Men's World Cup,T-61,Romania,ROU,round of 16,1934,1934-05-27,1934-06-10,Italy,Italy,16,0,Romanian Football Federation,Europe,Union of European Football Associations,UEFA,0,0,,1,0,0,1,1,2,0,0,-1,,,,ROU,0,,,,,,,,,,,
WC-1934,1934 FIFA Men's World Cup,T-73,Spain,ESP,quarter-finals,1934,1934-05-27,1934-06-10,Italy,Italy,16,0,Royal Spanish Football Federation,Europe,Union of European Football Associations,UEFA,0,0,,3,1,1,1,4,3,1,0,1,,,,ESP,0,,,,,,,,,,,
WC-1934,1934 FIFA Men's World Cup,T-74,Sweden,SWE,quarter-finals,1934,1934-05-27,1934-06-10,Italy,Italy,16,0,Swedish Football Association,Europe,Union of European Football Associations,UEFA,0,0,,2,1,0,1,4,4,0,0,0,,,,SWE,0,,,,,,,,,,,
WC-1934,1934 FIFA Men's World Cup,T-75,Switzerland,CHE,quarter-finals,1934,1934-05-27,1934-06-10,Italy,Italy,16,0,Swiss Football Association,Europe,Union of European Football Associations,UEFA,0,0,,2,1,0,1,5,5,0,0,0,,,,CHE,0,,,,,,,,,,,
WC-1934,1934 FIFA Men's World Cup,T-83,United States,USA,round of 16,1934,1934-05-27,1934-06-10,Italy,Italy,16,0,United States Soccer Federation,North America,"Confederation of North, Central American and Caribbean Association Football",CONCACAF,0,0,,1,0,0,1,1,7,0,0,-6,,,,USA,0,,,,,,,,,,,
WC-1938,1938 FIFA Men's World Cup,T-06,Belgium,BEL,round of 16,1938,1938-06-04,1938-06-19,France,Italy,15,0,Royal Belgian Football Association,Europe,Union of European Football Associations,UEFA,0,0,,1,0,0,1,1,3,0,0,-2,,,,BEL,0,,,,,,,,,,,
WC-1938,1938 FIFA Men's World Cup,T-09,Brazil,BRA,third-place match,1938,1938-06-04,1938-06-19,France,Italy,15,0,Brazilian Football Confederation,South America,South American Football Confederation,CONMEBOL,0,0,3.0,5,3,1,1,14,11,2,0,3,,,,BRA,0,,,,,,,,,,,
WC-1938,1938 FIFA Men's World Cup,T-19,Cuba,CUB,quarter-finals,1938,1938-06-04,1938-06-19,France,Italy,15,0,Football Association of Cuba,Caribbean,"Confederation of North, Central American and Caribbean Association Football",CONCACAF,0,0,,3,1,1,1,5,12,1,0,-7,,,,CUB,0,,,,,,,,,,,
WC-1938,1938 FIFA Men's World Cup,T-21,Czechoslovakia,CSK,quarter-finals,1938,1938-06-04,1938-06-19,France,Italy,15,0,Football Association of the Czechoslovakia,Europe,Union of European Football Associations,UEFA,0,0,,3,1,1,1,5,3,2,0,2,,,,CZE,1,,,,,,,,,,,
WC-1938,1938 FIFA Men's World Cup,T-23,Dutch East Indies,IDN,round of 16,1938,1938-06-04,1938-06-19,France,Italy,15,0,Football Association of Indonesia,South East Asia,Asian Football Confederation,AFC,0,0,,1,0,0,1,0,6,0,0,-6,,,,IDN,0,,,,,,,,,,,
WC-1938,1938 FIFA Men's World Cup,T-30,France,FRA,quarter-finals,1938,1938-06-04,1938-06-19,France,Italy,15,0,French Football Association,Europe,Union of European Football Associations,UEFA,1,0,,2,1,0,1,4,4,0,0,0,,,,FRA,0,,,,,,,,,,,
WC-1938,1938 FIFA Men's World Cup,T-31,Germany,DEU,round of 16,1938,1938-06-04,1938-06-19,France,Italy,15,0,Germany Football Association,Europe,Union of European Football Associations,UEFA,0,0,,2,0,1,1,3,5,1,0,-2,,,,DEU,0,,,,,,,,,,,
WC-1938,1938 FIFA Men's World Cup,T-36,Hungary,HUN,final,1938,1938-06-04,1938-06-19,France,Italy,15,0,Hungary Football Association,Europe,Union of European Football Associations,UEFA,0,0,2.0,4,3,0,1,15,5,0,0,10,,,,HUN,0,,,,,,,,,,,
WC-1938,1938 FIFA Men's World Cup,T-41,Italy,ITA,final,1938,1938-06-04,1938-06-19,France,Italy,15,0,Italian Football Association,Europe,Union of European Football Associations,UEFA,0,1,1.0,4,4,0,0,11,5,1,0,6,,,,ITA,0,,,,,,,,,,,
WC-1938,1938 FIFA Men's World Cup,T-48,Netherlands,NLD,round of 16,1938,1938-06-04,1938-06-19,France,Italy,15,0,Royal Dutch Football Association,Europe,Union of European Football Associations,UEFA,0,0,,1,0,0,1,0,3,1,0,-3,,,,NLD,0,,,,,,,,,,,
WC-1938,1938 FIFA Men's World Cup,T-53,Norway,NOR,round of 16,1938,1938-06-04,1938-06-19,France,Italy,15,0,Norwegian Football Federation,Europe,Union of European Football Associations,UEFA,0,0,,1,0,0,1,1,2,1,0,-1,,,,NOR,0,,,,,,,,,,,
WC-1938,1938 FIFA Men's World Cup,T-57,Poland,POL,round of 16,1938,1938-06-04,1938-06-19,France,Italy,15,0,Polish Football Association,Europe,Union of European Football Associations,UEFA,0,0,,1,0,0,1,5,6,1,0,-1,,,,POL,0,,,,,,,,,,,
WC-1938,1938 FIFA Men's World Cup,T-61,Romania,ROU,round of 16,1938,1938-06-04,1938-06-19,France,Italy,15,0,Romanian Football Federation,Europe,Union of European Football Associations,UEFA,0,0,,2,0,1,1,4,5,1,0,-1,,,,ROU,0,,,,,,,,,,,
WC-1938,1938 FIFA Men's World Cup,T-74,Sweden,SWE,third-place match,1938,1938-06-04,1938-06-19,France,Italy,15,0,Swedish Football Association,Europe,Union of European Football Associations,UEFA,0,0,4.0,3,1,0,2,11,9,0,0,2,,,,SWE,0,,,,,,,,,,,
WC-1938,1938 FIFA Men's World Cup,T-75,Switzerland,CHE,quarter-finals,1938,1938-06-04,1938-06-19,France,Italy,15,0,Swiss Football Association,Europe,Union of European Football Associations,UEFA,0,0,,3,1,1,1,5,5,1,0,0,,,,CHE,0,,,,,,,,,,,
WC-1950,1950 FIFA Men's World Cup,T-07,Bolivia,BOL,group stage,1950,1950-06-24,1950-07-16,Brazil,Uruguay,13,0,Bolivian Football Federation,South America,South American Football Confederation,CONMEBOL,0,0,,1,0,0,1,0,8,0,0,-8,,,,BOL,0,,,,,,,,,,,
WC-1950,1950 FIFA Men's World Cup,T-09,Brazil,BRA,final round,1950,1950-06-24,1950-07-16,Brazil,Uruguay,13,0,Brazilian Football Confederation,South America,South American Football Confederation,CONMEBOL,1,0,2.0,6,4,1,1,22,6,0,0,16,,,,BRA,0,,,,,,,,,,,
WC-1950,1950 FIFA Men's World Cup,T-13,Chile,CHL,group stage,1950,1950-06-24,1950-07-16,Brazil,Uruguay,13,0,Football Federation of Chile,South America,South American Football Confederation,CONMEBOL,0,0,,3,1,0,2,5,6,0,0,-1,,,,CHL,0,,,,,,,,,,,
WC-1950,1950 FIFA Men's World Cup,T-28,England,ENG,group stage,1950,1950-06-24,1950-07-16,Brazil,Uruguay,13,0,The Football Association,Europe,Union of European Football Associations,UEFA,0,0,,3,1,0,2,2,2,0,0,0,,,,GBR,1,,,,,,,,,,,
WC-1950,1950 FIFA Men's World Cup,T-41,Italy,ITA,group stage,1950,1950-06-24,1950-07-16,Brazil,Uruguay,13,0,Italian Football Association,Europe,Union of European Football Associations,UEFA,0,0,,2,1,0,1,4,3,0,0,1,,,,ITA,0,,,,,,,,,,,
WC-1950,1950 FIFA Men's World Cup,T-46,Mexico,MEX,group stage,1950,1950-06-24,1950-07-16,Brazil,Uruguay,13,0,Mexican Football Federation,North America,"Confederation of North, Central American and Caribbean Association Football",CONCACAF,0,0,,3,0,0,3,2,10,0,0,-8,,,,MEX,0,,,,,,,,,,,
WC-1950,1950 FIFA Men's World Cup,T-55,Paraguay,PRY,group stage,1950,1950-06-24,1950-07-16,Brazil,Uruguay,13,0,Paraguayan Football Association,South America,South American Football Confederation,CONMEBOL,0,0,,2,0,1,1,2,4,0,0,-2,,,,PRY,0,,,,,,,,,,,
WC-1950,1950 FIFA Men's World Cup,T-73,Spain,ESP,final round,1950,1950-06-24,1950-07-16,Brazil,Uruguay,13,0,Royal Spanish Football Federation,Europe,Union of European Football Associations,UEFA,0,0,4.0,6,3,1,2,10,12,0,0,-2,,,,ESP,0,,,,,,,,,,,
WC-1950,1950 FIFA Men's World Cup,T-74,Sweden,SWE,final round,1950,1950-06-24,1950-07-16,Brazil,Uruguay,13,0,Swedish Football Association,Europe,Union of European Football Associations,UEFA,0,0,3.0,5,2,1,2,11,15,0,0,-4,,,,SWE,0,,,,,,,,,,,
WC-1950,1950 FIFA Men's World Cup,T-75,Switzerland,CHE,group stage,1950,1950-06-24,1950-07-16,Brazil,Uruguay,13,0,Swiss Football Association,Europe,Union of European Football Associations,UEFA,0,0,,3,1,1,1,4,6,0,0,-2,,,,CHE,0,,,,,,,,,,,
WC-1950,1950 FIFA Men's World Cup,T-83,United States,USA,group stage,1950,1950-06-24,1950-07-16,Brazil,Uruguay,13,0,United States Soccer Federation,North America,"Confederation of North, Central American and Caribbean Association Football",CONCACAF,0,0,,3,1,0,2,4,8,0,0,-4,,,,USA,0,,,,,,,,,,,
WC-1950,1950 FIFA Men's World Cup,T-84,Uruguay,URY,final round,1950,1950-06-24,1950-07-16,Brazil,Uruguay,13,0,Uruguayan Football Association,South America,South American Football Confederation,CONMEBOL,0,1,1.0,4,3,1,0,15,5,0,0,10,,,,URY,0,,,,,,,,,,,
WC-1950,1950 FIFA Men's World Cup,T-87,Yugoslavia,YUG,group stage,1950,1950-06-24,1950-07-16,Brazil,Uruguay,13,0,Football Association of Yugoslavia,Europe,Union of European Football Associations,UEFA,0,0,,3,2,0,1,7,3,0,0,4,,,,SRB,1,,,,,,,,,,,
WC-1954,1954 FIFA Men's World Cup,T-05,Austria,AUT,third-place match,1954,1954-06-16,1954-07-04,Switzerland,West Germany,16,0,Austrian Football Association,Europe,Union of European Football Associations,UEFA,0,0,3.0,5,4,0,1,17,12,0,0,5,,,,AUT,0,,,,,,,,,,,
WC-1954,1954 FIFA Men's World Cup,T-06,Belgium,BEL,group stage,1954,1954-06-16,1954-07-04,Switzerland,West Germany,16,0,Royal Belgian Football Association,Europe,Union of European Football Associations,UEFA,0,0,,2,0,1,1,5,8,1,0,-3,,,,BEL,0,,,,,,,,,,,
WC-1954,1954 FIFA Men's World Cup,T-09,Brazil,BRA,quarter-finals,1954,1954-06-16,1954-07-04,Switzerland,West Germany,16,0,Brazilian Football Confederation,South America,South American Football Confederation,CONMEBOL,0,0,,3,1,1,1,8,5,1,0,3,,,,BRA,0,,,,,,,,,,,
WC-1954,1954 FIFA Men's World Cup,T-21,Czechoslovakia,CSK,group stage,1954,1954-06-16,1954-07-04,Switzerland,West Germany,16,0,Football Association of the Czechoslovakia,Europe,Union of European Football Associations,UEFA,0,0,,2,0,0,2,0,7,0,0,-7,,,,CZE,1,,,,,,,,,,,
WC-1954,1954 FIFA Men's World Cup,T-28,England,ENG,quarter-finals,1954,1954-06-16,1954-07-04,Switzerland,West Germany,16,0,The Football Association,Europe,Union of European Football Associations,UEFA,0,0,,3,1,1,1,8,8,1,0,0,,,,GBR,1,,,,,,,,,,,
WC-1954,1954 FIFA Men's World Cup,T-30,France,FRA,group stage,1954,1954-06-16,1954-07-04,Switzerland,West Germany,16,0,French Football Association,Europe,Union of European Football Associations,UEFA,0,0,,2,1,0,1,3,3,0,0,0,,,,FRA,0,,,,,,,,,,,
WC-1954,1954 FIFA Men's World Cup,T-36,Hungary,HUN,final,1954,1954-06-16,1954-07-04,Switzerland,West Germany,16,0,Hungary Football Association,Europe,Union of European Football Associations,UEFA,0,0,2.0,5,4,0,1,27,10,1,0,17,,,,HUN,0,,,,,,,,,,,
WC-1954,1954 FIFA Men's World Cup,T-41,Italy,ITA,group stage,1954,1954-06-16,1954-07-04,Switzerland,West Germany,16,0,Italian Football Association,Europe,Union of European Football Associations,UEFA,0,0,,3,1,0,2,6,7,0,0,-1,,,,ITA,0,,,,,,,,,,,
WC-1954,1954 FIFA Men's World Cup,T-46,Mexico,MEX,group stage,1954,1954-06-16,1954-07-04,Switzerland,West Germany,16,0,Mexican Football Federation,North America,"Confederation of North, Central American and Caribbean Association Football",CONCACAF,0,0,,2,0,0,2,2,8,0,0,-6,,,,MEX,0,,,,,,,,,,,
WC-1954,1954 FIFA Men's World Cup,T-64,Scotland,SCO,group stage,1954,1954-06-16,1954-07-04,Switzerland,West Germany,16,0,Scottish Football Association,Europe,Union of European Football Associations,UEFA,0,0,,2,0,0,2,0,8,0,0,-8,,,,GBR,1,,,,,,,,,,,
WC-1954,1954 FIFA Men's World Cup,T-71,South Korea,KOR,group stage,1954,1954-06-16,1954-07-04,Switzerland,West Germany,16,0,Korea Football Association,East Asia,Asian Football Confederation,AFC,0,0,,2,0,0,2,0,16,0,0,-16,,,,KOR,0,,,,,,,,,,,
WC-1954,1954 FIFA Men's World Cup,T-75,Switzerland,CHE,quarter-finals,1954,1954-06-16,1954-07-04,Switzerland,West Germany,16,0,Swiss Football Association,Europe,Union of European Football Associations,UEFA,1,0,,4,2,0,2,11,11,0,0,0,,,,CHE,0,,,,,,,,,,,
WC-1954,1954 FIFA Men's World Cup,T-80,Turkey,TUR,group stage,1954,1954-06-16,1954-07-04,Switzerland,West Germany,16,0,Turkish Football Association,"Europe, Asia",Union of European Football Associations,UEFA,0,0,,3,1,0,2,10,11,0,0,-1,,,,TUR,0,,,,,,,,,,,
WC-1954,1954 FIFA Men's World Cup,T-84,Uruguay,URY,third-place match,1954,1954-06-16,1954-07-04,Switzerland,West Germany,16,0,Uruguayan Football Association,South America,South American Football Confederation,CONMEBOL,0,0,4.0,5,3,0,2,16,9,1,0,7,,,,URY,0,,,,,,,,,,,
WC-1954,1954 FIFA Men's World Cup,T-86,West Germany,DEU,final,1954,1954-06-16,1954-07-04,Switzerland,West Germany,16,0,Germany Football Association,Europe,Union of European Football Associations,UEFA,0,1,1.0,6,5,0,1,25,14,0,0,11,,,,DEU,0,,,,,,,,,,,
WC-1954,1954 FIFA Men's World Cup,T-87,Yugoslavia,YUG,quarter-finals,1954,1954-06-16,1954-07-04,Switzerland,West Germany,16,0,Football Association of Yugoslavia,Europe,Union of European Football Associations,UEFA,0,0,,3,1,1,1,2,3,1,0,-1,,,,SRB,1,,,,,,,,,,,
WC-1958,1958 FIFA Men's World Cup,T-03,Argentina,ARG,group stage,1958,1958-06-08,1958-06-29,Sweden,Brazil,16,0,Argentine Football Association,South America,South American Football Confederation,CONMEBOL,0,0,,3,1,0,2,5,10,0,0,-5,,,,ARG,0,,,,,,,,,,,
WC-1958,1958 FIFA Men's World Cup,T-05,Austria,AUT,group stage,1958,1958-06-08,1958-06-29,Sweden,Brazil,16,0,Austrian Football Association,Europe,Union of European Football Associations,UEFA,0,0,,3,0,1,2,2,7,0,0,-5,,,,AUT,0,,,,,,,,,,,
WC-1958,1958 FIFA Men's World Cup,T-09,Brazil,BRA,final,1958,1958-06-08,1958-06-29,Sweden,Brazil,16,0,Brazilian Football Confederation,South America,South American Football Confederation,CONMEBOL,0,1,1.0,6,5,1,0,16,4,0,0,12,,,,BRA,0,,,,,,,,,,,
WC-1958,1958 FIFA Men's World Cup,T-21,Czechoslovakia,CSK,group stage,1958,1958-06-08,1958-06-29,Sweden,Brazil,16,0,Football Association of the Czechoslovakia,Europe,Union of European Football Associations,UEFA,0,0,,4,1,1,2,9,6,1,0,3,,,,CZE,1,,,,,,,,,,,
WC-1958,1958 FIFA Men's World Cup,T-28,England,ENG,group stage,1958,1958-06-08,1958-06-29,Sweden,Brazil,16,0,The Football Association,Europe,Union of European Football Associations,UEFA,0,0,,4,0,3,1,4,5,0,0,-1,,,,GBR,1,,,,,,,,,,,
WC-1958,1958 FIFA Men's World Cup,T-30,France,FRA,third-place match,1958,1958-06-08,1958-06-29,Sweden,Brazil,16,0,French Football Association,Europe,Union of European Football Associations,UEFA,0,0,3.0,6,4,0,2,23,15,0,0,8,,,,FRA,0,,,,,,,,,,,
WC-1958,1958 FIFA Men's World Cup,T-36,Hungary,HUN,group stage,1958,1958-06-08,1958-06-29,Sweden,Brazil,16,0,Hungary Football Association,Europe,Union of European Football Associations,UEFA,0,0,,4,1,1,2,7,5,0,0,2,,,,HUN,0,,,,,,,,,,,
WC-1958,1958 FIFA Men's World Cup,T-46,Mexico,MEX,group stage,1958,1958-06-08,1958-06-29,Sweden,Brazil,16,0,Mexican Football Federation,North America,"Confederation of North, Central American and Caribbean Association Football",CONCACAF,0,0,,3,0,1,2,1,8,0,0,-7,,,,MEX,0,,,,,,,,,,,
WC-1958,1958 FIFA Men's World Cup,T-52,Northern Ireland,NIR,quarter-finals,1958,1958-06-08,1958-06-29,Sweden,Brazil,16,0,Irish Football Association,Europe,Union of European Football Associations,UEFA,0,0,,5,2,1,2,6,10,1,0,-4,,,,GBR,1,,,,,,,,,,,
WC-1958,1958 FIFA Men's World Cup,T-55,Paraguay,PRY,group stage,1958,1958-06-08,1958-06-29,Sweden,Brazil,16,0,Paraguayan Football Association,South America,South American Football Confederation,CONMEBOL,0,0,,3,1,1,1,9,12,0,0,-3,,,,PRY,0,,,,,,,,,,,
WC-1958,1958 FIFA Men's World Cup,T-64,Scotland,SCO,group stage,1958,1958-06-08,1958-06-29,Sweden,Brazil,16,0,Scottish Football Association,Europe,Union of European Football Associations,UEFA,0,0,,3,0,1,2,4,6,0,0,-2,,,,GBR,1,,,,,,,,,,,
WC-1958,1958 FIFA Men's World Cup,T-72,Soviet Union,SUN,quarter-finals,1958,1958-06-08,1958-06-29,Sweden,Brazil,16,0,Football Federation of the Soviet Union,"Europe, Asia",Union of European Football Associations,UEFA,0,0,,5,2,1,2,5,6,0,0,-1,,,,RUS,1,,,,,,,,,,,
WC-1958,1958 FIFA Men's World Cup,T-74,Sweden,SWE,final,1958,1958-06-08,1958-06-29,Sweden,Brazil,16,0,Swedish Football Association,Europe,Union of European Football Associations,UEFA,1,0,2.0,6,4,1,1,12,7,0,0,5,,,,SWE,0,,,,,,,,,,,
WC-1958,1958 FIFA Men's World Cup,T-85,Wales,WAL,quarter-finals,1958,1958-06-08,1958-06-29,Sweden,Brazil,16,0,Football Association of Wales,Europe,Union of European Football Associations,UEFA,0,0,,5,1,3,1,4,4,0,0,0,,,,GBR,1,,,,,,,,,,,
WC-1958,1958 FIFA Men's World Cup,T-86,West Germany,DEU,third-place match,1958,1958-06-08,1958-06-29,Sweden,Brazil,16,0,Germany Football Association,Europe,Union of European Football Associations,UEFA,0,0,4.0,6,2,2,2,12,14,0,0,-2,,,,DEU,0,,,,,,,,,,,
WC-1958,1958 FIFA Men's World Cup,T-87,Yugoslavia,YUG,quarter-finals,1958,1958-06-08,1958-06-29,Sweden,Brazil,16,0,Football Association of Yugoslavia,Europe,Union of European Football Associations,UEFA,0,0,,4,1,2,1,7,7,0,0,0,,,,SRB,1,,,,,,,,,,,
WC-1962,1962 FIFA Men's World Cup,T-03,Argentina,ARG,group stage,1962,1962-05-30,1962-07-17,Chile,Brazil,16,0,Argentine Football Association,South America,South American Football Confederation,CONMEBOL,0,0,,3,1,1,1,2,3,0,0,-1,,,,ARG,0,,,,,,,,870.217490905403,,,1962.0
WC-1962,1962 FIFA Men's World Cup,T-09,Brazil,BRA,final,1962,1962-05-30,1962-07-17,Chile,Brazil,16,0,Brazilian Football Confederation,South America,South American Football Confederation,CONMEBOL,0,1,1.0,6,5,1,0,14,5,0,0,9,,,,BRA,0,,,,,,,,250.200572910273,,,1962.0
WC-1962,1962 FIFA Men's World Cup,T-10,Bulgaria,BGR,group stage,1962,1962-05-30,1962-07-17,Chile,Brazil,16,0,Bulgarian Football Union,Europe,Union of European Football Associations,UEFA,0,0,,3,0,1,2,1,7,0,0,-6,,,,BGR,0,,,,,,,,,,,
WC-1962,1962 FIFA Men's World Cup,T-13,Chile,CHL,third-place match,1962,1962-05-30,1962-07-17,Chile,Brazil,16,0,Football Federation of Chile,South America,South American Football Confederation,CONMEBOL,1,0,3.0,6,4,0,2,10,8,0,0,2,,,,CHL,0,,,,,,,,678.584336588862,,,1962.0
WC-1962,1962 FIFA Men's World Cup,T-16,Colombia,COL,group stage,1962,1962-05-30,1962-07-17,Chile,Brazil,16,0,Colombia Football Federation,South America,South American Football Confederation,CONMEBOL,0,0,,3,0,1,2,5,11,0,0,-6,,,,COL,0,,,,,,,,298.544207818945,,,1962.0
WC-1962,1962 FIFA Men's World Cup,T-21,Czechoslovakia,CSK,final,1962,1962-05-30,1962-07-17,Chile,Brazil,16,0,Football Association of the Czechoslovakia,Europe,Union of European Football Associations,UEFA,0,0,2.0,6,3,1,2,7,7,0,0,0,,,,CZE,1,,,,,,,,,,,
WC-1962,1962 FIFA Men's World Cup,T-28,England,ENG,quarter-finals,1962,1962-05-30,1962-07-17,Chile,Brazil,16,0,The Football Association,Europe,Union of European Football Associations,UEFA,0,0,,4,1,1,2,5,6,0,0,-1,,,,GBR,1,,,,,,,,1525.77585271032,,,1962.0
WC-1962,1962 FIFA Men's World Cup,T-36,Hungary,HUN,quarter-finals,1962,1962-05-30,1962-07-17,Chile,Brazil,16,0,Hungary Football Association,Europe,Union of European Football Associations,UEFA,0,0,,4,2,1,1,8,3,0,0,5,,,,HUN,0,,,,,,,,,,,
WC-1962,1962 FIFA Men's World Cup,T-41,Italy,ITA,group stage,1962,1962-05-30,1962-07-17,Chile,Brazil,16,0,Italian Football Association,Europe,Union of European Football Associations,UEFA,0,0,,3,1,1,1,3,2,0,0,1,,,,ITA,0,,,,,,,,1030.15800343763,,,1962.0
WC-1962,1962 FIFA Men's World Cup,T-46,Mexico,MEX,group stage,1962,1962-05-30,1962-07-17,Chile,Brazil,16,0,Mexican Football Federation,North America,"Confederation of North, Central American and Caribbean Association Football",CONCACAF,0,0,,3,1,0,2,3,4,0,0,-1,,,,MEX,0,,,,,,,,388.456702411498,,,1962.0
WC-1962,1962 FIFA Men's World Cup,T-72,Soviet Union,SUN,quarter-finals,1962,1962-05-30,1962-07-17,Chile,Brazil,16,0,Football Federation of the Soviet Union,"Europe, Asia",Union of European Football Associations,UEFA,0,0,,4,2,1,1,9,7,0,0,2,,,,RUS,1,,,,,,,,,,,
WC-1962,1962 FIFA Men's World Cup,T-73,Spain,ESP,group stage,1962,1962-05-30,1962-07-17,Chile,Brazil,16,0,Royal Spanish Football Federation,Europe,Union of European Football Associations,UEFA,0,0,,3,1,0,2,2,3,0,0,-1,,,,ESP,0,,,,,,,,535.391059454488,,,1962.0
WC-1962,1962 FIFA Men's World Cup,T-75,Switzerland,CHE,group stage,1962,1962-05-30,1962-07-17,Chile,Brazil,16,0,Swiss Football Association,Europe,Union of European Football Associations,UEFA,0,0,,3,0,0,3,2,8,0,0,-6,,,,CHE,0,,,,,,,,2330.47736501501,,,1962.0
WC-1962,1962 FIFA Men's World Cup,T-84,Uruguay,URY,group stage,1962,1962-05-30,1962-07-17,Chile,Brazil,16,0,Uruguayan Football Association,South America,South American Football Confederation,CONMEBOL,0,0,,3,1,0,2,4,6,0,0,-2,,,,URY,0,,,,,,,,659.393716891716,,,1962.0
WC-1962,1962 FIFA Men's World Cup,T-86,West Germany,DEU,quarter-finals,1962,1962-05-30,1962-07-17,Chile,Brazil,16,0,Germany Football Association,Europe,Union of European Football Associations,UEFA,0,0,,4,2,1,1,4,2,0,0,2,,,,DEU,0,,,,,,,,1430.52095516263,,,1962.0
WC-1962,1962 FIFA Men's World Cup,T-87,Yugoslavia,YUG,third-place match,1962,1962-05-30,1962-07-17,Chile,Brazil,16,0,Football Association of Yugoslavia,Europe,Union of European Football Associations,UEFA,0,0,4.0,6,3,0,3,10,7,0,0,3,,,,SRB,1,,,,,,,,,,,
WC-1966,1966 FIFA Men's World Cup,T-03,Argentina,ARG,quarter-finals,1966,1966-07-11,1966-07-30,England,England,16,0,Argentine Football Association,South America,South American Football Confederation,CONMEBOL,0,0,,4,2,1,1,4,2,0,0,2,,,,ARG,0,,,,,,,,1275.07843418966,,,1966.0
WC-1966,1966 FIFA Men's World Cup,T-09,Brazil,BRA,group stage,1966,1966-07-11,1966-07-30,England,England,16,0,Brazilian Football Confederation,South America,South American Football Confederation,CONMEBOL,0,0,,3,1,0,2,4,6,0,0,-2,,,,BRA,0,,,,,,,,328.343791519407,,,1966.0
WC-1966,1966 FIFA Men's World Cup,T-10,Bulgaria,BGR,group stage,1966,1966-07-11,1966-07-30,England,England,16,0,Bulgarian Football Union,Europe,Union of European Football Associations,UEFA,0,0,,3,0,0,3,1,8,0,0,-7,,,,BGR,0,,,,,,,,,,,
WC-1966,1966 FIFA Men's World Cup,T-13,Chile,CHL,group stage,1966,1966-07-11,1966-07-30,England,England,16,0,Football Federation of Chile,South America,South American Football Confederation,CONMEBOL,0,0,,3,0,1,2,2,5,0,0,-3,,,,CHL,0,,,,,,,,790.361773771396,,,1966.0
WC-1966,1966 FIFA Men's World Cup,T-28,England,ENG,final,1966,1966-07-11,1966-07-30,England,England,16,0,The Football Association,Europe,Union of European Football Associations,UEFA,1,1,1.0,6,5,1,0,11,3,1,0,8,,,,GBR,1,,,,,,,,1986.74715869685,,,1966.0
WC-1966,1966 FIFA Men's World Cup,T-30,France,FRA,group stage,1966,1966-07-11,1966-07-30,England,England,16,0,French Football Association,Europe,Union of European Football Associations,UEFA,0,0,,3,0,1,2,2,5,0,0,-3,,,,FRA,0,,,,,,,,2172.59339649824,,,1966.0
WC-1966,1966 FIFA Men's World Cup,T-36,Hungary,HUN,quarter-finals,1966,1966-07-11,1966-07-30,England,England,16,0,Hungary Football Association,Europe,Union of European Football Associations,UEFA,0,0,,4,2,0,2,8,7,0,0,1,,,,HUN,0,,,,,,,,,,,
WC-1966,1966 FIFA Men's World Cup,T-41,Italy,ITA,group stage,1966,1966-07-11,1966-07-30,England,England,16,0,Italian Football Association,Europe,Union of European Football Associations,UEFA,0,0,,3,1,0,2,2,2,0,0,0,,,,ITA,0,,,,,,,,1458.94713889011,,,1966.0
WC-1966,1966 FIFA Men's World Cup,T-46,Mexico,MEX,group stage,1966,1966-07-11,1966-07-30,England,England,16,0,Mexican Football Federation,North America,"Confederation of North, Central American and Caribbean Association Football",CONCACAF,0,0,,3,0,2,1,1,3,0,0,-2,,,,MEX,0,,,,,,,,544.935854193449,,,1966.0
WC-1966,1966 FIFA Men's World Cup,T-51,North Korea,PRK,quarter-finals,1966,1966-07-11,1966-07-30,England,England,16,0,Democratic People's Republic of Korea Football Association,East Asia,Asian Football Confederation,AFC,0,0,,4,1,1,2,5,9,0,0,-4,,,,PRK,0,,,,,,,,,,,
WC-1966,1966 FIFA Men's World Cup,T-58,Portugal,PRT,third-place match,1966,1966-07-11,1966-07-30,England,England,16,0,Portuguese Football Federation,Europe,Union of European Football Associations,UEFA,0,0,3.0,6,5,0,1,17,8,0,0,9,,,,PRT,0,,,,,,,,601.289222261876,,,1966.0
WC-1966,1966 FIFA Men's World Cup,T-72,Soviet Union,SUN,third-place match,1966,1966-07-11,1966-07-30,England,England,16,0,Football Federation of the Soviet Union,"Europe, Asia",Union of European Football Associations,UEFA,0,0,4.0,6,4,0,2,10,6,0,0,4,,,,RUS,1,,,,,,,,,,,
WC-1966,1966 FIFA Men's World Cup,T-73,Spain,ESP,group stage,1966,1966-07-11,1966-07-30,England,England,16,0,Royal Spanish Football Federation,Europe,Union of European Football Associations,UEFA,0,0,,3,1,0,2,4,5,0,0,-1,,,,ESP,0,,,,,,,,915.62923367863,,,1966.0
WC-1966,1966 FIFA Men's World Cup,T-75,Switzerland,CHE,group stage,1966,1966-07-11,1966-07-30,England,England,16,0,Swiss Football Association,Europe,Union of European Football Associations,UEFA,0,0,,3,0,0,3,1,9,0,0,-8,,,,CHE,0,,,,,,,,3044.84560389449,,,1966.0
WC-1966,1966 FIFA Men's World Cup,T-84,Uruguay,URY,quarter-finals,1966,1966-07-11,1966-07-30,England,England,16,0,Uruguayan Football Association,South America,South American Football Confederation,CONMEBOL,0,0,,4,1,2,1,2,5,0,0,-3,,,,URY,0,,,,,,,,668.17637665776,,,1966.0
WC-1966,1966 FIFA Men's World Cup,T-86,West Germany,DEU,final,1966,1966-07-11,1966-07-30,England,England,16,0,Germany Football Association,Europe,Union of European Football Associations,UEFA,0,0,2.0,6,4,1,1,15,6,1,0,9,,,,DEU,0,,,,,,,,1870.80540291774,,,1966.0
WC-1970,1970 FIFA Men's World Cup,T-06,Belgium,BEL,group stage,1970,1970-05-31,1970-06-21,Mexico,Brazil,16,0,Royal Belgian Football Association,Europe,Union of European Football Associations,UEFA,0,0,,3,1,0,2,4,5,0,0,-1,3.0,0.0,0.0,BEL,0,,,,,,,,2765.89099664794,,,1970.0
WC-1970,1970 FIFA Men's World Cup,T-09,Brazil,BRA,final,1970,1970-05-31,1970-06-21,Mexico,Brazil,16,0,Brazilian Football Confederation,South America,South American Football Confederation,CONMEBOL,0,1,1.0,6,6,0,0,19,7,0,0,12,3.0,0.0,0.0,BRA,0,,,,,,,,443.799484982738,,,1970.0
WC-1970,1970 FIFA Men's World Cup,T-10,Bulgaria,BGR,group stage,1970,1970-05-31,1970-06-21,Mexico,Brazil,16,0,Bulgarian Football Union,Europe,Union of European Football Associations,UEFA,0,0,,3,0,1,2,5,9,0,0,-4,,,,BGR,0,,,,,,,,,,,
WC-1970,1970 FIFA Men's World Cup,T-21,Czechoslovakia,CSK,group stage,1970,1970-05-31,1970-06-21,Mexico,Brazil,16,0,Football Association of the Czechoslovakia,Europe,Union of European Football Associations,UEFA,0,0,,3,0,0,3,2,7,0,0,-5,2.0,0.0,0.0,CZE,1,,,,,,,,,,,
WC-1970,1970 FIFA Men's World Cup,T-27,El Salvador,SLV,group stage,1970,1970-05-31,1970-06-21,Mexico,Brazil,16,0,Salvadorian Football Federation,Central America,"Confederation of North, Central American and Caribbean Association Football",CONCACAF,0,0,,3,0,0,3,0,9,0,0,-9,4.0,0.0,0.0,SLV,0,,,,,,,,308.798853901934,,,1970.0
WC-1970,1970 FIFA Men's World Cup,T-28,England,ENG,quarter-finals,1970,1970-05-31,1970-06-21,Mexico,Brazil,16,0,The Football Association,Europe,Union of European Football Associations,UEFA,0,0,,4,2,0,2,4,4,1,0,0,2.0,0.0,0.0,GBR,1,,,,,,,,2347.54431773747,,,1970.0
WC-1970,1970 FIFA Men's World Cup,T-40,Israel,ISR,group stage,1970,1970-05-31,1970-06-21,Mexico,Brazil,16,0,Israel Football Association,Middle East,Union of European Football Associations,UEFA,0,0,,3,0,2,1,1,3,0,0,-2,4.0,0.0,0.0,ISR,0,,,,,,,,2490.48852601991,,,1970.0
WC-1970,1970 FIFA Men's World Cup,T-41,Italy,ITA,final,1970,1970-05-31,1970-06-21,Mexico,Brazil,16,0,Italian Football Association,Europe,Union of European Football Associations,UEFA,0,0,2.0,6,3,2,1,10,8,1,0,2,7.0,0.0,0.0,ITA,0,,,,,,,,2111.71986404332,,,1970.0
WC-1970,1970 FIFA Men's World Cup,T-46,Mexico,MEX,quarter-finals,1970,1970-05-31,1970-06-21,Mexico,Brazil,16,0,Mexican Football Federation,North America,"Confederation of North, Central American and Caribbean Association Football",CONCACAF,1,0,,4,2,1,1,6,4,0,0,2,3.0,0.0,0.0,MEX,0,,,,,,,,699.006845485029,,,1970.0
WC-1970,1970 FIFA Men's World Cup,T-47,Morocco,MAR,group stage,1970,1970-05-31,1970-06-21,Mexico,Brazil,16,0,Royal Moroccan Football Federation,Africa,Confederation of African Football,CAF,0,0,,3,0,1,2,2,6,0,0,-4,,,,MAR,0,,,,,,,,260.26513671875,,,1970.0
WC-1970,1970 FIFA Men's World Cup,T-56,Peru,PER,quarter-finals,1970,1970-05-31,1970-06-21,Mexico,Brazil,16,0,Peruvian Football Association,South America,South American Football Confederation,CONMEBOL,0,0,,4,2,0,2,9,9,0,0,0,,,,PER,0,,,,,,,,550.484609442545,,,1970.0
WC-1970,1970 FIFA Men's World Cup,T-61,Romania,ROU,group stage,1970,1970-05-31,1970-06-21,Mexico,Brazil,16,0,Romanian Football Federation,Europe,Union of European Football Associations,UEFA,0,0,,3,1,0,2,4,5,0,0,-1,3.0,0.0,0.0,ROU,0,,,,,,,,,,,
WC-1970,1970 FIFA Men's World Cup,T-72,Soviet Union,SUN,quarter-finals,1970,1970-05-31,1970-06-21,Mexico,Brazil,16,0,Football Federation of the Soviet Union,"Europe, Asia",Union of European Football Associations,UEFA,0,0,,4,2,1,1,6,2,1,0,4,8.0,0.0,0.0,RUS,1,,,,,,,,,,,
WC-1970,1970 FIFA Men's World Cup,T-74,Sweden,SWE,group stage,1970,1970-05-31,1970-06-21,Mexico,Brazil,16,0,Swedish Football Association,Europe,Union of European Football Associations,UEFA,0,0,,3,1,1,1,2,2,0,0,0,2.0,0.0,0.0,SWE,0,,,,,,,,4729.35071602705,,,1970.0
WC-1970,1970 FIFA Men's World Cup,T-84,Uruguay,URY,third-place match,1970,1970-05-31,1970-06-21,Mexico,Brazil,16,0,Uruguayan Football Association,South America,South American Football Confederation,CONMEBOL,0,0,4.0,6,2,1,3,4,5,1,0,-1,7.0,0.0,0.0,URY,0,,,,,,,,765.763011986694,,,1970.0
WC-1970,1970 FIFA Men's World Cup,T-86,West Germany,DEU,third-place match,1970,1970-05-31,1970-06-21,Mexico,Brazil,16,0,Germany Football Association,Europe,Union of European Football Associations,UEFA,0,0,3.0,6,5,0,1,17,10,2,0,7,4.0,0.0,0.0,DEU,0,,,,,,,,2771.28310514754,,,1970.0
WC-1974,1974 FIFA Men's World Cup,T-03,Argentina,ARG,second group stage,1974,1974-06-13,1974-07-07,West Germany,West Germany,16,0,Argentine Football Association,South America,South American Football Confederation,CONMEBOL,0,0,,6,1,2,3,9,12,0,0,-3,8.0,0.0,0.0,ARG,0,,,,,,,,2844.96990526761,,,1974.0
WC-1974,1974 FIFA Men's World Cup,T-04,Australia,AUS,group stage,1974,1974-06-13,1974-07-07,West Germany,West Germany,16,0,Football Australia,Oceania,Asian Football Confederation,AFC,0,0,,3,0,1,2,0,5,0,0,-5,1.0,1.0,1.0,AUS,0,,,,,,,,6491.74521621099,,,1974.0
WC-1974,1974 FIFA Men's World Cup,T-09,Brazil,BRA,third-place match,1974,1974-06-13,1974-07-07,West Germany,West Germany,16,0,Brazilian Football Confederation,South America,South American Football Confederation,CONMEBOL,0,0,4.0,7,3,2,2,6,4,0,0,2,11.0,1.0,1.0,BRA,0,,,,,,,,1044.76980947499,,,1974.0
WC-1974,1974 FIFA Men's World Cup,T-10,Bulgaria,BGR,group stage,1974,1974-06-13,1974-07-07,West Germany,West Germany,16,0,Bulgarian Football Union,Europe,Union of European Football Associations,UEFA,0,0,,3,0,2,1,2,5,0,0,-3,3.0,0.0,0.0,BGR,0,,,,,,,,,,,
WC-1974,1974 FIFA Men's World Cup,T-13,Chile,CHL,group stage,1974,1974-06-13,1974-07-07,West Germany,West Germany,16,0,Football Federation of Chile,South America,South American Football Confederation,CONMEBOL,0,0,,3,0,2,1,1,2,0,0,-1,5.0,1.0,1.0,CHL,0,,,,,,,,1578.5836760852,,,1974.0
WC-1974,1974 FIFA Men's World Cup,T-24,East Germany,DDR,second group stage,1974,1974-06-13,1974-07-07,West Germany,West Germany,16,0,Football Association of East Germany,Europe,Union of European Football Associations,UEFA,0,0,,6,2,2,2,5,5,0,0,0,10.0,0.0,0.0,DEU,1,,,,,,,,5659.73787773336,,,1974.0
WC-1974,1974 FIFA Men's World Cup,T-34,Haiti,HTI,group stage,1974,1974-06-13,1974-07-07,West Germany,West Germany,16,0,Haitian Football Federation,Caribbean,"Confederation of North, Central American and Caribbean Association Football",CONCACAF,0,0,,3,0,0,3,2,14,0,0,-12,3.0,0.0,0.0,HTI,0,,,,,,,,113.039260601755,,,1974.0
WC-1974,1974 FIFA Men's World Cup,T-41,Italy,ITA,group stage,1974,1974-06-13,1974-07-07,West Germany,West Germany,16,0,Italian Football Association,Europe,Union of European Football Associations,UEFA,0,0,,3,1,1,1,5,4,0,0,1,2.0,0.0,0.0,ITA,0,,,,,,,,3629.49182319594,,,1974.0
WC-1974,1974 FIFA Men's World Cup,T-48,Netherlands,NLD,final,1974,1974-06-13,1974-07-07,West Germany,West Germany,16,0,Royal Dutch Football Association,Europe,Union of European Football Associations,UEFA,0,0,2.0,7,5,1,1,15,3,0,0,12,11.0,0.0,0.0,NLD,0,,,,,,,,6450.45770236493,,,1974.0
WC-1974,1974 FIFA Men's World Cup,T-57,Poland,POL,third-place match,1974,1974-06-13,1974-07-07,West Germany,West Germany,16,0,Polish Football Association,Europe,Union of European Football Associations,UEFA,0,0,3.0,7,6,0,1,16,5,0,0,11,5.0,0.0,0.0,POL,0,,,,,,,,,,,
WC-1974,1974 FIFA Men's World Cup,T-64,Scotland,SCO,group stage,1974,1974-06-13,1974-07-07,West Germany,West Germany,16,0,Scottish Football Association,Europe,Union of European Football Associations,UEFA,0,0,,3,1,2,0,3,1,0,0,2,3.0,0.0,0.0,GBR,1,,,,,,,,3665.8627976419,,,1974.0
WC-1974,1974 FIFA Men's World Cup,T-74,Sweden,SWE,second group stage,1974,1974-06-13,1974-07-07,West Germany,West Germany,16,0,Swedish Football Association,Europe,Union of European Football Associations,UEFA,0,0,,6,2,2,2,7,6,0,0,1,5.0,0.0,0.0,SWE,0,,,,,,,,8078.18604272449,,,1974.0
WC-1974,1974 FIFA Men's World Cup,T-84,Uruguay,URY,group stage,1974,1974-06-13,1974-07-07,West Germany,West Germany,16,0,Uruguayan Football Association,South America,South American Football Confederation,CONMEBOL,0,0,,3,0,1,2,1,6,0,0,-5,5.0,1.0,1.0,URY,0,,,,,,,,1433.17797475063,,,1974.0
WC-1974,1974 FIFA Men's World Cup,T-86,West Germany,DEU,final,1974,1974-06-13,1974-07-07,West Germany,West Germany,16,0,Germany Football Association,Europe,Union of European Football Associations,UEFA,1,1,1.0,7,6,0,1,13,4,0,0,9,3.0,0.0,0.0,DEU,0,,,,,,,,5659.73787773336,,,1974.0
WC-1974,1974 FIFA Men's World Cup,T-87,Yugoslavia,YUG,second group stage,1974,1974-06-13,1974-07-07,West Germany,West Germany,16,0,Football Association of Yugoslavia,Europe,Union of European Football Associations,UEFA,0,0,,6,1,2,3,12,7,0,0,5,10.0,0.0,0.0,SRB,1,,,,,,,,,,,
WC-1974,1974 FIFA Men's World Cup,T-88,Zaire,COD,group stage,1974,1974-06-13,1974-07-07,West Germany,West Germany,16,0,Congolese Association Football Federation,Africa,Confederation of African Football,CAF,0,0,,3,0,0,3,0,14,0,0,-14,2.0,1.0,1.0,COD,0,,,,,,,,428.074954493294,,,1974.0
WC-1978,1978 FIFA Men's World Cup,T-03,Argentina,ARG,final,1978,1978-06-01,1978-06-25,Argentina,Argentina,16,0,Argentine Football Association,South America,South American Football Confederation,CONMEBOL,1,1,1.0,7,5,1,1,15,4,1,0,11,4.0,0.0,0.0,ARG,0,,,,,,,,3282.06304446289,,,1978.0
WC-1978,1978 FIFA Men's World Cup,T-05,Austria,AUT,second group stage,1978,1978-06-01,1978-06-25,Argentina,Argentina,16,0,Austrian Football Association,Europe,Union of European Football Associations,UEFA,0,0,,6,3,0,3,7,10,0,0,-3,2.0,0.0,0.0,AUT,0,,,,,,,,8173.32926347245,,,1978.0
WC-1978,1978 FIFA Men's World Cup,T-09,Brazil,BRA,third-place match,1978,1978-06-01,1978-06-25,Argentina,Argentina,16,0,Brazilian Football Confederation,South America,South American Football Confederation,CONMEBOL,0,0,3.0,7,4,3,0,10,3,0,0,7,3.0,0.0,0.0,BRA,0,,,,,,,,1732.50012204556,,,1978.0
WC-1978,1978 FIFA Men's World Cup,T-30,France,FRA,group stage,1978,1978-06-01,1978-06-25,Argentina,Argentina,16,0,French Football Association,Europe,Union of European Football Associations,UEFA,0,0,,3,1,0,2,5,5,0,0,0,3.0,0.0,0.0,FRA,0,,,,,,,,9166.59011961391,,,1978.0
WC-1978,1978 FIFA Men's World Cup,T-36,Hungary,HUN,group stage,1978,1978-06-01,1978-06-25,Argentina,Argentina,16,0,Hungary Football Association,Europe,Union of European Football Associations,UEFA,0,0,,3,0,0,3,3,8,0,0,-5,4.0,2.0,2.0,HUN,0,,,,,,,,1617.87853402771,,,1978.0
WC-1978,1978 FIFA Men's World Cup,T-38,Iran,IRN,group stage,1978,1978-06-01,1978-06-25,Argentina,Argentina,16,0,Football Federation Islamic Republic of Iran,Middle East,Asian Football Confederation,AFC,0,0,,3,0,1,2,2,8,0,0,-6,,,,IRN,0,,,,,,,,2100.77015324703,,,1978.0
WC-1978,1978 FIFA Men's World Cup,T-41,Italy,ITA,third-place match,1978,1978-06-01,1978-06-25,Argentina,Argentina,16,0,Italian Football Association,Europe,Union of European Football Associations,UEFA,0,0,4.0,7,4,1,2,9,6,0,0,3,6.0,0.0,0.0,ITA,0,,,,,,,,5623.42917622719,,,1978.0
WC-1978,1978 FIFA Men's World Cup,T-46,Mexico,MEX,group stage,1978,1978-06-01,1978-06-25,Argentina,Argentina,16,0,Mexican Football Federation,North America,"Confederation of North, Central American and Caribbean Association Football",CONCACAF,0,0,,3,0,0,3,2,12,0,0,-10,1.0,0.0,0.0,MEX,0,,,,,,,,1604.40920452482,,,1978.0
WC-1978,1978 FIFA Men's World Cup,T-48,Netherlands,NLD,final,1978,1978-06-01,1978-06-25,Argentina,Argentina,16,0,Royal Dutch Football Association,Europe,Union of European Football Associations,UEFA,0,0,2.0,7,3,2,2,15,10,1,0,5,8.0,1.0,1.0,NLD,0,,,,,,,,11195.8424872959,,,1978.0
WC-1978,1978 FIFA Men's World Cup,T-56,Peru,PER,second group stage,1978,1978-06-01,1978-06-25,Argentina,Argentina,16,0,Peruvian Football Association,South America,South American Football Confederation,CONMEBOL,0,0,,6,2,1,3,7,12,0,0,-5,3.0,0.0,0.0,PER,0,,,,,,,,756.347306761911,,,1978.0
WC-1978,1978 FIFA Men's World Cup,T-57,Poland,POL,second group stage,1978,1978-06-01,1978-06-25,Argentina,Argentina,16,0,Polish Football Association,Europe,Union of European Football Associations,UEFA,0,0,,6,3,1,2,6,6,0,0,0,3.0,0.0,0.0,POL,0,,,,,,,,,,,
WC-1978,1978 FIFA Men's World Cup,T-64,Scotland,SCO,group stage,1978,1978-06-01,1978-06-25,Argentina,Argentina,16,0,Scottish Football Association,Europe,Union of European Football Associations,UEFA,0,0,,3,1,1,1,5,6,0,0,-1,1.0,0.0,0.0,GBR,1,,,,,,,,5976.93816899991,,,1978.0
WC-1978,1978 FIFA Men's World Cup,T-73,Spain,ESP,group stage,1978,1978-06-01,1978-06-25,Argentina,Argentina,16,0,Royal Spanish Football Federation,Europe,Union of European Football Associations,UEFA,0,0,,3,1,1,1,2,2,0,0,0,1.0,0.0,0.0,ESP,0,,,,,,,,4353.3273744052,,,1978.0
WC-1978,1978 FIFA Men's World Cup,T-74,Sweden,SWE,group stage,1978,1978-06-01,1978-06-25,Argentina,Argentina,16,0,Swedish Football Association,Europe,Union of European Football Associations,UEFA,0,0,,3,0,1,2,1,3,0,0,-2,2.0,0.0,0.0,SWE,0,,,,,,,,12602.2217238449,,,1978.0
WC-1978,1978 FIFA Men's World Cup,T-79,Tunisia,TUN,group stage,1978,1978-06-01,1978-06-25,Argentina,Argentina,16,0,Tunisian Football Federation,Africa,Confederation of African Football,CAF,0,0,,3,1,1,1,3,2,0,0,1,1.0,0.0,0.0,TUN,0,,,,,,,,945.964678061001,,,1978.0
WC-1978,1978 FIFA Men's World Cup,T-86,West Germany,DEU,second group stage,1978,1978-06-01,1978-06-25,Argentina,Argentina,16,0,Germany Football Association,Europe,Union of European Football Associations,UEFA,0,0,,6,1,4,1,10,5,0,0,5,4.0,0.0,0.0,DEU,0,,,,,,,,9516.78283228907,,,1978.0
WC-1982,1982 FIFA Men's World Cup,T-01,Algeria,DZA,group stage,1982,1982-06-13,1982-07-11,Spain,Italy,24,0,Algerian Football Federation,Africa,Confederation of African Football,CAF,0,0,,3,2,0,1,5,5,0,0,0,2.0,0.0,0.0,DZA,0,,,,,,,,2274.87800990349,,,1982.0
WC-1982,1982 FIFA Men's World Cup,T-03,Argentina,ARG,second group stage,1982,1982-06-13,1982-07-11,Spain,Italy,24,0,Argentine Football Association,South America,South American Football Confederation,CONMEBOL,0,0,,5,2,0,3,8,7,0,0,1,7.0,2.0,2.0,ARG,0,,,,,,,,2914.76708504176,,,1982.0
WC-1982,1982 FIFA Men's World Cup,T-05,Austria,AUT,second group stage,1982,1982-06-13,1982-07-11,Spain,Italy,24,0,Austrian Football Association,Europe,Union of European Football Associations,UEFA,0,0,,5,2,1,2,5,4,0,0,1,6.0,0.0,0.0,AUT,0,,,,,,,,9373.48820626125,,,1982.0
WC-1982,1982 FIFA Men's World Cup,T-06,Belgium,BEL,second group stage,1982,1982-06-13,1982-07-11,Spain,Italy,24,0,Royal Belgian Football Association,Europe,Union of European Football Associations,UEFA,0,0,,5,2,1,2,3,5,0,0,-2,3.0,0.0,0.0,BEL,0,,,,,,,,9343.86109959618,,,1982.0
WC-1982,1982 FIFA Men's World Cup,T-09,Brazil,BRA,second group stage,1982,1982-06-13,1982-07-11,Spain,Italy,24,0,Brazilian Football Confederation,South America,South American Football Confederation,CONMEBOL,0,0,,5,4,0,1,15,6,0,0,9,2.0,0.0,0.0,BRA,0,,,,,,,,2137.6250359394,,,1982.0
WC-1982,1982 FIFA Men's World Cup,T-11,Cameroon,CMR,group stage,1982,1982-06-13,1982-07-11,Spain,Italy,24,0,Cameroonian Football Federation,Africa,Confederation of African Football,CAF,0,0,,3,0,3,0,1,1,0,0,0,4.0,0.0,0.0,CMR,0,,,,,,,,732.250719743892,,,1982.0
WC-1982,1982 FIFA Men's World Cup,T-13,Chile,CHL,group stage,1982,1982-06-13,1982-07-11,Spain,Italy,24,0,Football Federation of Chile,South America,South American Football Confederation,CONMEBOL,0,0,,3,0,0,3,3,8,0,0,-5,4.0,0.0,0.0,CHL,0,,,,,,,,1663.28043251256,,,1982.0
WC-1982,1982 FIFA Men's World Cup,T-21,Czechoslovakia,CSK,group stage,1982,1982-06-13,1982-07-11,Spain,Italy,24,0,Football Association of the Czechoslovakia,Europe,Union of European Football Associations,UEFA,0,0,,3,0,2,1,2,4,0,0,-2,2.0,1.0,1.0,CZE,1,,,,,,,,,,,
WC-1982,1982 FIFA Men's World Cup,T-27,El Salvador,SLV,group stage,1982,1982-06-13,1982-07-11,Spain,Italy,24,0,Salvadorian Football Federation,Central America,"Confederation of North, Central American and Caribbean Association Football",CONCACAF,0,0,,3,0,0,3,1,13,0,0,-12,5.0,0.0,0.0,SLV,0,,,,,,,,735.360954743528,,,1982.0
WC-1982,1982 FIFA Men's World Cup,T-28,England,ENG,second group stage,1982,1982-06-13,1982-07-11,Spain,Italy,24,0,The Football Association,Europe,Union of European Football Associations,UEFA,0,0,,5,3,2,0,6,1,0,0,5,3.0,0.0,0.0,GBR,1,,,,,,,,9146.07735701852,,,1982.0
WC-1982,1982 FIFA Men's World Cup,T-30,France,FRA,third-place match,1982,1982-06-13,1982-07-11,Spain,Italy,24,0,French Football Association,Europe,Union of European Football Associations,UEFA,0,0,4.0,7,3,1,3,16,12,1,1,4,6.0,0.0,0.0,FRA,0,,,,,,,,10359.8920663549,,,1982.0
WC-1982,1982 FIFA Men's World Cup,T-35,Honduras,HND,group stage,1982,1982-06-13,1982-07-11,Spain,Italy,24,0,National Autonomous Federation of Football of Honduras,Central America,"Confederation of North, Central American and Caribbean Association Football",CONCACAF,0,0,,3,0,2,1,2,3,0,0,-1,1.0,1.0,1.0,HND,0,,,,,,,,914.30883859664,,,1982.0
WC-1982,1982 FIFA Men's World Cup,T-36,Hungary,HUN,group stage,1982,1982-06-13,1982-07-11,Spain,Italy,24,0,Hungary Football Association,Europe,Union of European Football Associations,UEFA,0,0,,3,1,1,1,12,6,0,0,6,2.0,0.0,0.0,HUN,0,,,,,,,,2255.06405686887,,,1982.0
WC-1982,1982 FIFA Men's World Cup,T-41,Italy,ITA,final,1982,1982-06-13,1982-07-11,Spain,Italy,24,0,Italian Football Association,Europe,Union of European Football Associations,UEFA,0,1,1.0,7,4,3,0,12,6,0,0,6,11.0,0.0,0.0,ITA,0,,,,,,,,7573.93967597775,,,1982.0
WC-1982,1982 FIFA Men's World Cup,T-45,Kuwait,KWT,group stage,1982,1982-06-13,1982-07-11,Spain,Italy,24,0,Kuwait Football Association,Middle East,Asian Football Confederation,AFC,0,0,,3,0,1,2,2,6,0,0,-4,3.0,0.0,0.0,KWT,0,,,,,,,,12978.8949980867,,,1982.0
WC-1982,1982 FIFA Men's World Cup,T-49,New Zealand,NZL,group stage,1982,1982-06-13,1982-07-11,Spain,Italy,24,0,New Zealand Football,Oceania,Oceania Football Confederation,OFC,0,0,,3,0,0,3,2,12,0,0,-10,,,,NZL,0,,,,,,,,7656.47573238963,,,1982.0
WC-1982,1982 FIFA Men's World Cup,T-52,Northern Ireland,NIR,second group stage,1982,1982-06-13,1982-07-11,Spain,Italy,24,0,Irish Football Association,Europe,Union of European Football Associations,UEFA,0,0,,5,1,3,1,5,7,0,0,-2,4.0,1.0,1.0,GBR,1,,,,,,,,9146.07735701852,,,1982.0
WC-1982,1982 FIFA Men's World Cup,T-56,Peru,PER,group stage,1982,1982-06-13,1982-07-11,Spain,Italy,24,0,Peruvian Football Association,South America,South American Football Confederation,CONMEBOL,0,0,,3,0,2,1,2,6,0,0,-4,2.0,0.0,0.0,PER,0,,,,,,,,1194.45000618562,,,1982.0
WC-1982,1982 FIFA Men's World Cup,T-57,Poland,POL,third-place match,1982,1982-06-13,1982-07-11,Spain,Italy,24,0,Polish Football Association,Europe,Union of European Football Associations,UEFA,0,0,3.0,7,3,3,1,11,5,0,0,6,10.0,0.0,0.0,POL,0,,,,,,,,,,,
WC-1982,1982 FIFA Men's World Cup,T-64,Scotland,SCO,group stage,1982,1982-06-13,1982-07-11,Spain,Italy,24,0,Scottish Football Association,Europe,Union of European Football Associations,UEFA,0,0,,3,1,1,1,8,8,0,0,0,1.0,0.0,0.0,GBR,1,,,,,,,,9146.07735701852,,,1982.0
WC-1982,1982 FIFA Men's World Cup,T-72,Soviet Union,SUN,second group stage,1982,1982-06-13,1982-07-11,Spain,Italy,24,0,Football Federation of the Soviet Union,"Europe, Asia",Union of European Football Associations,UEFA,0,0,,5,2,2,1,7,4,0,0,3,4.0,0.0,0.0,RUS,1,,,,,,,,,,,
WC-1982,1982 FIFA Men's World Cup,T-73,Spain,ESP,second group stage,1982,1982-06-13,1982-07-11,Spain,Italy,24,0,Royal Spanish Football Federation,Europe,Union of European Football Associations,UEFA,1,0,,5,1,2,2,4,5,0,0,-1,6.0,0.0,0.0,ESP,0,,,,,,,,5156.02303792945,,,1982.0
WC-1982,1982 FIFA Men's World Cup,T-86,West Germany,DEU,final,1982,1982-06-13,1982-07-11,Spain,Italy,24,0,Germany Football Association,Europe,Union of European Football Associations,UEFA,0,0,2.0,7,4,1,2,12,10,1,1,2,8.0,0.0,0.0,DEU,0,,,,,,,,9950.05926025365,,,1982.0
WC-1982,1982 FIFA Men's World Cup,T-87,Yugoslavia,YUG,group stage,1982,1982-06-13,1982-07-11,Spain,Italy,24,0,Football Association of Yugoslavia,Europe,Union of European Football Associations,UEFA,0,0,,3,1,1,1,2,2,0,0,0,3.0,0.0,0.0,SRB,1,,,,,,,,,,,
WC-1986,1986 FIFA Men's World Cup,T-01,Algeria,DZA,group stage,1986,1986-05-31,1986-06-29,Mexico,Argentina,24,0,Algerian Football Federation,Africa,Confederation of African Football,CAF,0,0,,3,0,1,2,1,5,0,0,-4,2.0,0.0,0.0,DZA,0,,,,,,,,2800.20270812187,,,1986.0
WC-1986,1986 FIFA Men's World Cup,T-03,Argentina,ARG,final,1986,1986-05-31,1986-06-29,Mexico,Argentina,24,0,Argentine Football Association,South America,South American Football Confederation,CONMEBOL,0,1,1.0,7,6,1,0,14,5,0,0,9,12.0,0.0,0.0,ARG,0,,,,,,,,3436.07819471053,,,1986.0
WC-1986,1986 FIFA Men's World Cup,T-06,Belgium,BEL,third-place match,1986,1986-05-31,1986-06-29,Mexico,Argentina,24,0,Royal Belgian Football Association,Europe,Union of European Football Associations,UEFA,0,0,4.0,7,3,1,3,12,15,3,1,-3,8.0,0.0,0.0,BEL,0,,,,,,,,12170.0406962702,,,1986.0
WC-1986,1986 FIFA Men's World Cup,T-09,Brazil,BRA,quarter-finals,1986,1986-05-31,1986-06-29,Mexico,Argentina,24,0,Brazilian Football Confederation,South America,South American Football Confederation,CONMEBOL,0,0,,5,4,0,1,10,1,1,1,9,3.0,0.0,0.0,BRA,0,,,,,,,,1854.03775211919,,,1986.0
WC-1986,1986 FIFA Men's World Cup,T-10,Bulgaria,BGR,round of 16,1986,1986-05-31,1986-06-29,Mexico,Argentina,24,0,Bulgarian Football Union,Europe,Union of European Football Associations,UEFA,0,0,,4,0,2,2,2,6,0,0,-4,3.0,0.0,0.0,BGR,0,,,,,,,,2260.4272811545,,,1986.0
WC-1986,1986 FIFA Men's World Cup,T-12,Canada,CAN,group stage,1986,1986-05-31,1986-06-29,Mexico,Argentina,24,0,Canadian Soccer Association,North America,"Confederation of North, Central American and Caribbean Association Football",CONCACAF,0,0,,3,0,0,3,0,5,0,0,-5,2.0,0.0,1.0,CAN,0,,,,,,,,14521.1800806,,,1986.0
WC-1986,1986 FIFA Men's World Cup,T-22,Denmark,DNK,round of 16,1986,1986-05-31,1986-06-29,Mexico,Argentina,24,0,Danish Football Association,Europe,Union of European Football Associations,UEFA,0,0,,4,3,0,1,10,6,0,0,4,4.0,0.0,1.0,DNK,0,,,,,,,,17136.6297376226,,,1986.0
WC-1986,1986 FIFA Men's World Cup,T-28,England,ENG,quarter-finals,1986,1986-05-31,1986-06-29,Mexico,Argentina,24,0,The Football Association,Europe,Union of European Football Associations,UEFA,0,0,,5,2,1,2,7,3,0,0,4,8.0,1.0,1.0,GBR,1,,,,,,,,10611.112210096,,,1986.0
WC-1986,1986 FIFA Men's World Cup,T-30,France,FRA,third-place match,1986,1986-05-31,1986-06-29,Mexico,Argentina,24,0,French Football Association,Europe,Union of European Football Associations,UEFA,0,0,3.0,7,5,1,1,12,6,2,1,6,6.0,0.0,0.0,FRA,0,,,,,,,,13430.4824599685,,,1986.0
WC-1986,1986 FIFA Men's World Cup,T-36,Hungary,HUN,group stage,1986,1986-05-31,1986-06-29,Mexico,Argentina,24,0,Hungary Football Association,Europe,Union of European Football Associations,UEFA,0,0,,3,1,0,2,2,9,0,0,-7,,,,HUN,0,,,,,,,,2330.84188308476,,,1986.0
WC-1986,1986 FIFA Men's World Cup,T-39,Iraq,IRQ,group stage,1986,1986-05-31,1986-06-29,Mexico,Argentina,24,0,Iraq Football Association,Middle East,Asian Football Confederation,AFC,0,0,,3,0,0,3,1,4,0,0,-3,9.0,1.0,1.0,IRQ,0,,,,,,,,2940.40623181091,,,1986.0
WC-1986,1986 FIFA Men's World Cup,T-41,Italy,ITA,round of 16,1986,1986-05-31,1986-06-29,Mexico,Argentina,24,0,Italian Football Association,Europe,Union of European Football Associations,UEFA,0,0,,4,1,2,1,5,6,0,0,-1,8.0,0.0,0.0,ITA,0,,,,,,,,11341.0939892903,,,1986.0
WC-1986,1986 FIFA Men's World Cup,T-46,Mexico,MEX,quarter-finals,1986,1986-05-31,1986-06-29,Mexico,Argentina,24,0,Mexican Football Federation,North America,"Confederation of North, Central American and Caribbean Association Football",CONCACAF,1,0,,5,3,1,1,6,2,1,1,4,10.0,0.0,1.0,MEX,0,,,,,,,,1756.93563367491,,,1986.0
WC-1986,1986 FIFA Men's World Cup,T-47,Morocco,MAR,round of 16,1986,1986-05-31,1986-06-29,Mexico,Argentina,24,0,Royal Moroccan Football Federation,Africa,Confederation of African Football,CAF,0,0,,4,1,2,1,3,2,0,0,1,5.0,0.0,0.0,MAR,0,,,,,,,,855.169311523438,,,1986.0
WC-1986,1986 FIFA Men's World Cup,T-52,Northern Ireland,NIR,group stage,1986,1986-05-31,1986-06-29,Mexico,Argentina,24,0,Irish Football Association,Europe,Union of European Football Associations,UEFA,0,0,,3,0,1,2,2,6,0,0,-4,5.0,0.0,0.0,GBR,1,,,,,,,,10611.112210096,,,1986.0
WC-1986,1986 FIFA Men's World Cup,T-55,Paraguay,PRY,round of 16,1986,1986-05-31,1986-06-29,Mexico,Argentina,24,0,Paraguayan Football Association,South America,South American Football Confederation,CONMEBOL,0,0,,4,1,2,1,4,6,0,0,-2,5.0,0.0,0.0,PRY,0,,,,,,,,1031.15623781062,,,1986.0
WC-1986,1986 FIFA Men's World Cup,T-57,Poland,POL,round of 16,1986,1986-05-31,1986-06-29,Mexico,Argentina,24,0,Polish Football Association,Europe,Union of European Football Associations,UEFA,0,0,,4,1,1,2,1,7,0,0,-6,5.0,0.0,0.0,POL,0,,,,,,,,,,,
WC-1986,1986 FIFA Men's World Cup,T-58,Portugal,PRT,group stage,1986,1986-05-31,1986-06-29,Mexico,Argentina,24,0,Portuguese Football Federation,Europe,Union of European Football Associations,UEFA,0,0,,3,1,0,2,2,4,0,0,-2,2.0,0.0,0.0,PRT,0,,,,,,,,3861.9484333688,,,1986.0
WC-1986,1986 FIFA Men's World Cup,T-64,Scotland,SCO,group stage,1986,1986-05-31,1986-06-29,Mexico,Argentina,24,0,Scottish Football Association,Europe,Union of European Football Associations,UEFA,0,0,,3,0,1,2,1,3,0,0,-2,5.0,0.0,0.0,GBR,1,,,,,,,,10611.112210096,,,1986.0
WC-1986,1986 FIFA Men's World Cup,T-71,South Korea,KOR,group stage,1986,1986-05-31,1986-06-29,Mexico,Argentina,24,0,Korea Football Association,East Asia,Asian Football Confederation,AFC,0,0,,3,0,1,2,4,7,0,0,-3,7.0,0.0,0.0,KOR,0,,,,,,,,2910.82908054352,,,1986.0
WC-1986,1986 FIFA Men's World Cup,T-72,Soviet Union,SUN,round of 16,1986,1986-05-31,1986-06-29,Mexico,Argentina,24,0,Football Federation of the Soviet Union,"Europe, Asia",Union of European Football Associations,UEFA,0,0,,4,2,1,1,12,5,1,0,7,2.0,0.0,0.0,RUS,1,,,,,,,,,,,
WC-1986,1986 FIFA Men's World Cup,T-73,Spain,ESP,quarter-finals,1986,1986-05-31,1986-06-29,Mexico,Argentina,24,0,Royal Spanish Football Federation,Europe,Union of European Football Associations,UEFA,0,0,,5,3,0,2,11,4,1,1,7,8.0,0.0,0.0,ESP,0,,,,,,,,6508.8506547565,,,1986.0
WC-1986,1986 FIFA Men's World Cup,T-84,Uruguay,URY,round of 16,1986,1986-05-31,1986-06-29,Mexico,Argentina,24,0,Uruguayan Football Association,South America,South American Football Confederation,CONMEBOL,0,0,,4,0,2,2,2,8,0,0,-6,11.0,1.0,2.0,URY,0,,,,,,,,1938.8108486947,,,1986.0
WC-1986,1986 FIFA Men's World Cup,T-86,West Germany,DEU,final,1986,1986-05-31,1986-06-29,Mexico,Argentina,24,0,Germany Football Association,Europe,Union of European Football Associations,UEFA,0,0,2.0,7,4,1,2,8,7,1,1,1,8.0,1.0,1.0,DEU,0,,,,,,,,13511.1520027486,,,1986.0
WC-1990,1990 FIFA Men's World Cup,T-03,Argentina,ARG,final,1990,1990-06-08,1990-07-08,Italy,West Germany,24,0,Argentine Football Association,South America,South American Football Confederation,CONMEBOL,0,0,2.0,7,4,1,2,5,4,2,2,1,22.0,2.0,3.0,ARG,0,0.724,71.784,13.39248967,8.126089428,13588.67644,0.489,0.678,4315.33403111588,28.7877539583066,1990.0,1990.0
WC-1990,1990 FIFA Men's World Cup,T-05,Austria,AUT,group stage,1990,1990-06-08,1990-07-08,Italy,West Germany,24,0,Austrian Football Association,Europe,Union of European Football Associations,UEFA,0,0,,3,1,0,2,2,3,0,0,-1,9.0,1.0,1.0,AUT,0,0.823,75.74,13.84039021,10.20033055,37786.54033,0.202,0.704,21596.068219998,9.50396535656281,1990.0,1990.0
WC-1990,1990 FIFA Men's World Cup,T-06,Belgium,BEL,round of 16,1990,1990-06-08,1990-07-08,Italy,West Germany,24,0,Royal Belgian Football Association,Europe,Union of European Football Associations,UEFA,0,0,,4,2,0,2,6,4,1,0,2,1.0,0.0,1.0,BEL,0,0.814,76.055,14.09537029,9.406848637,35675.32938,0.18,0.665,20600.3752789827,9.99114582279111,1990.0,1990.0
WC-1990,1990 FIFA Men's World Cup,T-09,Brazil,BRA,round of 16,1990,1990-06-08,1990-07-08,Italy,West Germany,24,0,Brazilian Football Confederation,South America,South American Football Confederation,CONMEBOL,0,0,,4,3,0,1,4,2,0,0,2,7.0,1.0,1.0,BRA,0,0.62,65.985,12.92652101,3.685384501,10130.85589,0.581,0.587,2619.80141064047,63.075706562617,1990.0,1990.0
WC-1990,1990 FIFA Men's World Cup,T-11,Cameroon,CMR,quarter-finals,1990,1990-06-08,1990-07-08,Italy,West Germany,24,0,Cameroonian Football Federation,Africa,Confederation of African Football,CAF,0,0,,5,3,0,2,7,9,2,0,-2,14.0,2.0,2.0,CMR,0,0.44,54.868,8.211890221,2.137418272,3362.222816,,0.435,1086.71700937081,136.645654155458,1990.0,1990.0
WC-1990,1990 FIFA Men's World Cup,T-16,Colombia,COL,round of 16,1990,1990-06-08,1990-07-08,Italy,West Germany,24,0,Colombia Football Federation,South America,South American Football Confederation,CONMEBOL,0,0,,4,1,1,2,4,4,1,0,0,5.0,0.0,0.0,COL,0,0.614,68.644,9.167188807,6.340998417,8054.813305,,0.59,1474.8455285342,35.6866535611737,1990.0,1990.0
WC-1990,1990 FIFA Men's World Cup,T-17,Costa Rica,CRI,round of 16,1990,1990-06-08,1990-07-08,Italy,West Germany,24,0,Costa Rican Football Federation,Central America,"Confederation of North, Central American and Caribbean Association Football",CONCACAF,0,0,,4,2,0,2,4,6,0,0,-2,6.0,0.0,0.0,CRI,0,0.659,76.63,9.739709854,6.246158944,9381.0255,,0.635,1829.6687089559,16.9342952245376,1990.0,1990.0
WC-1990,1990 FIFA Men's World Cup,T-21,Czechoslovakia,CSK,quarter-finals,1990,1990-06-08,1990-07-08,Italy,West Germany,24,0,Football Association of the Czechoslovakia,Europe,Union of European Football Associations,UEFA,0,0,,5,3,0,2,10,5,0,0,5,13.0,0.0,1.0,CZE,1,0.748,71.409,12.10068035,9.10276631,23880.293,0.283,,3969.36733543794,12.1045946325894,1990.0,1990.0
WC-1990,1990 FIFA Men's World Cup,T-26,Egypt,EGY,group stage,1990,1990-06-08,1990-07-08,Italy,West Germany,24,0,Egyptian Football Association,Africa,Confederation of African Football,CAF,0,0,,3,0,2,1,1,2,0,0,-1,4.0,0.0,0.0,EGY,0,0.567,64.146,9.206990242,5.305645579,6131.438951,0.653,0.552,735.982935028025,85.6771610036008,1990.0,1990.0
WC-1990,1990 FIFA Men's World Cup,T-28,England,ENG,third-place match,1990,1990-06-08,1990-07-08,Italy,West Germany,24,0,The Football Association,Europe,Union of European Football Associations,UEFA,0,0,4.0,7,3,2,2,8,6,3,1,2,6.0,0.0,0.0,GBR,1,0.804,75.736,13.64140034,9.635440148,31075.28973,0.252,0.693,19095.4669984608,9.30085352960348,1990.0,1990.0
WC-1990,1990 FIFA Men's World Cup,T-41,Italy,ITA,third-place match,1990,1990-06-08,1990-07-08,Italy,West Germany,24,0,Italian Football Association,Europe,Union of European Football Associations,UEFA,1,0,3.0,7,6,0,1,10,2,1,1,8,6.0,0.0,0.0,ITA,0,0.78,76.991,12.96341991,7.439056506,36105.56309,0.241,0.683,20873.7834092719,9.65818348696988,1990.0,1990.0
WC-1990,1990 FIFA Men's World Cup,T-48,Netherlands,NLD,round of 16,1990,1990-06-08,1990-07-08,Italy,West Germany,24,0,Royal Dutch Football Association,Europe,Union of European Football Associations,UEFA,0,0,,4,0,3,1,3,4,0,0,-1,5.0,1.0,1.0,NLD,0,0.847,77.007,14.7744503,11.09854878,35604.21453,0.122,0.706,21322.1944802703,8.3175348148876,1990.0,1990.0
WC-1990,1990 FIFA Men's World Cup,T-60,Republic of Ireland,IRL,quarter-finals,1990,1990-06-08,1990-07-08,Italy,West Germany,24,0,Football Association of Ireland,Europe,Union of European Football Associations,UEFA,0,0,,5,1,3,1,2,3,1,1,-1,4.0,0.0,0.0,IRL,0,0.743,74.842,12.67891026,6.995905683,24605.84983,0.226,0.639,14031.3025675469,9.17685171940335,1990.0,1990.0
WC-1990,1990 FIFA Men's World Cup,T-61,Romania,ROU,round of 16,1990,1990-06-08,1990-07-08,Italy,West Germany,24,0,Romanian Football Federation,Europe,Union of European Football Associations,UEFA,0,0,,4,1,1,2,4,3,1,1,1,7.0,0.0,0.0,ROU,0,0.709,69.729,12.47976971,8.498106819,13363.57669,0.52,0.641,1648.48522974542,31.3878823343145,1990.0,1990.0
WC-1990,1990 FIFA Men's World Cup,T-64,Scotland,SCO,group stage,1990,1990-06-08,1990-07-08,Italy,West Germany,24,0,Scottish Football Association,Europe,Union of European Football Associations,UEFA,0,0,,3,1,0,2,2,3,0,0,-1,3.0,0.0,0.0,GBR,1,0.804,75.736,13.64140034,9.635440148,31075.28973,0.252,0.693,19095.4669984608,9.30085352960348,1990.0,1990.0
WC-1990,1990 FIFA Men's World Cup,T-71,South Korea,KOR,group stage,1990,1990-06-08,1990-07-08,Italy,West Germany,24,0,Korea Football Association,East Asia,Asian Football Confederation,AFC,0,0,,3,0,0,3,1,6,0,0,-5,7.0,0.0,1.0,KOR,0,0.731,71.94,12.95363998,9.27328968,12641.31667,0.304,0.665,6812.9019416767,15.6688544775355,1990.0,1990.0
WC-1990,1990 FIFA Men's World Cup,T-72,Soviet Union,SUN,group stage,1990,1990-06-08,1990-07-08,Italy,West Germany,24,0,Football Federation of the Soviet Union,"Europe, Asia",Union of European Football Associations,UEFA,0,0,,3,1,0,2,4,4,0,0,0,3.0,1.0,1.0,RUS,1,0.741,68.535,12.65668964,9.652386365,21447.82422,0.457,,3494.06323242188,21.6552154845904,1990.0,1990.0
WC-1990,1990 FIFA Men's World Cup,T-73,Spain,ESP,round of 16,1990,1990-06-08,1990-07-08,Italy,West Germany,24,0,Royal Spanish Football Federation,Europe,Union of European Football Associations,UEFA,0,0,,4,2,1,1,6,4,1,0,2,4.0,0.0,0.0,ESP,0,0.762,77.002,14.35657978,5.879199312,27272.88253,0.188,0.686,13795.0159385128,9.15959080150932,1990.0,1990.0
WC-1990,1990 FIFA Men's World Cup,T-74,Sweden,SWE,group stage,1990,1990-06-08,1990-07-08,Italy,West Germany,24,0,Swedish Football Association,Europe,Union of European Football Associations,UEFA,0,0,,3,0,0,3,3,6,0,0,-3,4.0,0.0,0.0,SWE,0,0.808,77.588,12.94981956,9.553979874,33453.89666,0.099,0.706,30549.3185706762,6.95655280347905,1990.0,1990.0
WC-1990,1990 FIFA Men's World Cup,T-82,United Arab Emirates,ARE,group stage,1990,1990-06-08,1990-07-08,Italy,West Germany,24,0,United Arab Emirates Football Association,Middle East,Asian Football Confederation,AFC,0,0,,3,0,0,3,2,11,0,0,-9,7.0,0.0,1.0,ARE,0,0.717,71.9,9.683460236,5.759906188,97331.0236,,0.506,26709.993440327,15.1399406019073,1990.0,1990.0
WC-1990,1990 FIFA Men's World Cup,T-83,United States,USA,group stage,1990,1990-06-08,1990-07-08,Italy,West Germany,24,0,United States Soccer Federation,North America,"Confederation of North, Central American and Caribbean Association Football",CONCACAF,0,0,,3,0,0,3,2,8,0,0,-6,7.0,1.0,1.0,USA,0,0.875,75.37,15.60052013,12.98377037,40920.16756,0.288,0.664,23888.6000088133,11.2323729479784,1990.0,1990.0
WC-1990,1990 FIFA Men's World Cup,T-84,Uruguay,URY,round of 16,1990,1990-06-08,1990-07-08,Italy,West Germany,24,0,Uruguayan Football Association,South America,South American Football Confederation,CONMEBOL,0,0,,4,1,1,2,2,5,0,0,-3,9.0,0.0,0.0,URY,0,0.702,73.162,12.9682703,7.151282631,10742.34299,0.426,0.663,2995.36105663465,23.6577308765977,1990.0,1990.0
WC-1990,1990 FIFA Men's World Cup,T-86,West Germany,DEU,final,1990,1990-06-08,1990-07-08,Italy,West Germany,24,0,Germany Football Association,Europe,Union of European Football Associations,UEFA,0,1,1.0,7,6,1,0,15,5,1,1,10,8.0,1.0,1.0,DEU,0,0.828,75.359,14.37678802,10.3637846,37292.77245,0.183,0.677,22385.6778250275,8.53095414640868,1990.0,1990.0
WC-1990,1990 FIFA Men's World Cup,T-87,Yugoslavia,YUG,quarter-finals,1990,1990-06-08,1990-07-08,Italy,West Germany,24,0,Football Association of Yugoslavia,Europe,Union of European Football Associations,UEFA,0,0,,5,3,0,2,8,6,2,1,2,8.0,0.0,1.0,SRB,1,,70.315,12.46817025,6.295356316,,,,,28.4586409266158,1990.0,1990.0
WC-1991,1991 FIFA Women's World Cup,T-09,Brazil,BRA,group stage,1991,1991-11-16,1991-11-30,China,United States,12,1,Brazilian Football Confederation,South America,South American Football Confederation,CONMEBOL,0,0,,3,1,0,2,1,7,0,0,-6,4.0,0.0,0.0,BRA,0,0.624,66.31,12.97149303,3.831340323,10100.89968,0.576,0.591,2258.10454027063,63.075706562617,1990.0,1991.0
WC-1991,1991 FIFA Women's World Cup,T-14,China,CHN,quarter-final,1991,1991-11-16,1991-11-30,China,United States,12,1,Chinese Football Association,East Asia,Asian Football Confederation,AFC,1,0,,4,2,1,1,10,4,0,0,6,2.0,0.0,0.0,CHN,0,0.489,68.169,8.595879555,4.322265768,1533.782148,,0.473,334.130288119078,53.6641145765771,1990.0,1991.0
WC-1991,1991 FIFA Women's World Cup,T-15,Chinese Taipei,TWN,quarter-final,1991,1991-11-16,1991-11-30,China,United States,12,1,Chinese Taipei Football Association,East Asia,Asian Football Confederation,AFC,0,0,,4,1,0,3,2,15,0,0,-13,1.0,1.0,1.0,TWN,0,,,,,,,,,,,
WC-1991,1991 FIFA Women's World Cup,T-22,Denmark,DNK,quarter-final,1991,1991-11-16,1991-11-30,China,United States,12,1,Danish Football Association,Europe,Union of European Football Associations,UEFA,0,0,,4,1,1,2,7,6,1,0,1,2.0,0.0,0.0,DNK,0,0.843,75.226,14.47774982,11.49547958,38299.43054,0.097,0.724,27002.8057705804,8.92653539146181,1990.0,1991.0
WC-1991,1991 FIFA Women's World Cup,T-31,Germany,DEU,third-place match,1991,1991-11-16,1991-11-30,China,United States,12,1,Germany Football Association,Europe,Union of European Football Associations,UEFA,0,0,4.0,6,4,0,2,13,10,1,0,3,3.0,0.0,0.0,DEU,0,0.835,75.576,14.56478977,10.5741328,38706.81317,0.172,0.696,23443.3350818536,8.53095414640868,1990.0,1991.0
WC-1991,1991 FIFA Women's World Cup,T-41,Italy,ITA,quarter-final,1991,1991-11-16,1991-11-30,China,United States,12,1,Italian Football Association,Europe,Union of European Football Associations,UEFA,0,0,,4,2,0,2,8,5,1,0,3,3.0,0.0,0.0,ITA,0,0.785,76.989,13.15884018,7.569673685,36570.99563,0.236,0.69,22007.1350964074,9.65818348696988,1990.0,1991.0
WC-1991,1991 FIFA Women's World Cup,T-44,Japan,JPN,group stage,1991,1991-11-16,1991-11-30,China,United States,12,1,Japan Football Association,East Asia,Asian Football Confederation,AFC,0,0,,3,0,0,3,0,12,0,0,-12,1.0,0.0,0.0,JPN,0,0.85,79.252,13.53038025,11.68477979,34135.31669,0.164,0.722,29428.4289039469,6.32263239420727,1990.0,1991.0
WC-1991,1991 FIFA Women's World Cup,T-49,New Zealand,NZL,group stage,1991,1991-11-16,1991-11-30,China,United States,12,1,New Zealand Football,Oceania,Oceania Football Confederation,OFC,0,0,,3,0,0,3,1,11,0,0,-10,,,,NZL,0,0.815,76.079,14.64754963,10.39962959,24769.85294,0.223,0.698,12230.0734548834,11.1551257182908,1990.0,1991.0
WC-1991,1991 FIFA Women's World Cup,T-50,Nigeria,NGA,group stage,1991,1991-11-16,1991-11-30,China,United States,12,1,Nigeria Football Federation,Africa,Confederation of African Football,CAF,0,0,,3,0,0,3,0,7,0,0,-7,2.0,0.0,0.0,NGA,0,,45.691,6.015241351,,3006.151269,,,596.938795710722,209.766199659781,1990.0,1991.0
WC-1991,1991 FIFA Women's World Cup,T-53,Norway,NOR,final,1991,1991-11-16,1991-11-30,China,United States,12,1,Norwegian Football Federation,Europe,Union of European Football Associations,UEFA,0,0,2.0,6,4,0,2,14,10,1,0,4,4.0,0.0,0.0,NOR,0,0.853,77.038,14.33248043,11.25230571,42257.54568,0.127,0.75,28596.9330036444,8.66540463048132,1990.0,1991.0
WC-1991,1991 FIFA Women's World Cup,T-74,Sweden,SWE,third-place match,1991,1991-11-16,1991-11-30,China,United States,12,1,Swedish Football Association,Europe,Union of European Football Associations,UEFA,0,0,3.0,6,4,0,2,18,7,0,0,11,6.0,0.0,0.0,SWE,0,0.811,77.728,13.11555004,9.707380295,32539.68144,0.097,0.716,31776.6680192213,6.95655280347905,1990.0,1991.0
WC-1991,1991 FIFA Women's World Cup,T-83,United States,USA,final,1991,1991-11-16,1991-11-30,China,United States,12,1,United States Soccer Federation,North America,"Confederation of North, Central American and Caribbean Association Football",CONCACAF,0,1,1.0,6,6,0,0,25,5,0,0,20,4.0,0.0,0.0,USA,0,0.875,75.523,15.53299046,13.03085279,40306.76709,0.291,0.672,24342.2589048189,11.2323729479784,1990.0,1991.0
WC-1994,1994 FIFA Men's World Cup,T-03,Argentina,ARG,round of 16,1994,1994-06-17,1994-07-17,United States,Brazil,24,0,Argentine Football Association,South America,South American Football Confederation,CONMEBOL,0,0,,4,2,0,2,8,6,0,0,2,9.0,0.0,0.0,ARG,0,0.746,73.172,13.2326498,8.395183086,17828.82733,0.446,0.691,7437.56242327594,28.7877539583066,1990.0,1994.0
WC-1994,1994 FIFA Men's World Cup,T-06,Belgium,BEL,round of 16,1994,1994-06-17,1994-07-17,United States,Brazil,24,0,Royal Belgian Football Association,Europe,Union of European Football Associations,UEFA,0,0,,4,2,0,2,4,4,0,0,0,6.0,0.0,0.0,BEL,0,0.857,76.714,17.01412964,9.969192116,37925.67505,0.162,0.701,24208.5547931447,9.99114582279111,1990.0,1994.0
WC-1994,1994 FIFA Men's World Cup,T-07,Bolivia,BOL,group stage,1994,1994-06-17,1994-07-17,United States,Brazil,24,0,Bolivian Football Federation,South America,South American Football Confederation,CONMEBOL,0,0,,3,0,1,2,1,4,0,0,-3,7.0,1.0,2.0,BOL,0,0.582,58.989,12.66768939,6.433793492,4641.332516,,0.563,774.035669644318,121.698094248285,1990.0,1994.0
WC-1994,1994 FIFA Men's World Cup,T-09,Brazil,BRA,final,1994,1994-06-17,1994-07-17,United States,Brazil,24,0,Brazilian Football Confederation,South America,South American Football Confederation,CONMEBOL,0,1,1.0,7,6,1,0,11,3,1,1,8,8.0,1.0,1.0,BRA,0,0.638,67.568,13.10735002,4.269207788,10454.40246,0.552,0.604,3298.71491891786,63.075706562617,1990.0,1994.0
WC-1994,1994 FIFA Men's World Cup,T-10,Bulgaria,BGR,third-place match,1994,1994-06-17,1994-07-17,United States,Brazil,24,0,Bulgarian Football Union,Europe,Union of European Football Associations,UEFA,0,0,4.0,7,4,0,3,10,11,1,1,-1,21.0,0.0,2.0,BGR,0,0.704,70.901,11.88076019,7.964968999,14269.29976,0.359,0.652,1149.89464008734,18.3457009004362,1990.0,1994.0
WC-1994,1994 FIFA Men's World Cup,T-11,Cameroon,CMR,group stage,1994,1994-06-17,1994-07-17,United States,Brazil,24,0,Cameroonian Football Federation,Africa,Confederation of African Football,CAF,0,0,,3,0,1,2,3,11,0,0,-8,5.0,1.0,1.0,CMR,0,0.423,53.528,7.795453906,2.472506324,2585.755977,,0.418,700.70950185009,136.645654155458,1990.0,1994.0
WC-1994,1994 FIFA Men's World Cup,T-16,Colombia,COL,group stage,1994,1994-06-17,1994-07-17,United States,Brazil,24,0,Colombia Football Federation,South America,South American Football Confederation,CONMEBOL,0,0,,3,1,0,2,4,5,0,0,-1,7.0,0.0,0.0,COL,0,0.643,69.613,10.52149963,6.54826277,9058.024654,,0.615,2325.91872973374,35.6866535611737,1990.0,1994.0
WC-1994,1994 FIFA Men's World Cup,T-31,Germany,DEU,quarter-finals,1994,1994-06-17,1994-07-17,United States,Brazil,24,0,Germany Football Association,Europe,Union of European Football Associations,UEFA,0,0,,5,3,1,1,9,7,0,0,2,13.0,0.0,0.0,DEU,0,0.858,76.393,15.64466953,11.20517738,38914.99498,0.144,0.714,27201.9593555204,8.53095414640868,1990.0,1994.0
WC-1994,1994 FIFA Men's World Cup,T-33,Greece,GRC,group stage,1994,1994-06-17,1994-07-17,United States,Brazil,24,0,Hellenic Football Associaiton,Europe,Union of European Football Associations,UEFA,0,0,,3,0,0,3,0,10,0,0,-10,8.0,0.0,0.0,GRC,0,0.782,77.803,13.38531971,8.156402963,25068.87718,0.269,0.687,10937.0223808611,10.4541095471934,1990.0,1994.0
WC-1994,1994 FIFA Men's World Cup,T-41,Italy,ITA,final,1994,1994-06-17,1994-07-17,United States,Brazil,24,0,Italian Football Association,Europe,Union of European Football Associations,UEFA,0,0,2.0,7,4,1,2,8,5,2,1,3,11.0,2.0,2.0,ITA,0,0.809,77.872,14.36686993,7.961525221,37267.68132,0.225,0.713,19382.2002150155,9.65818348696988,1990.0,1994.0
WC-1994,1994 FIFA Men's World Cup,T-46,Mexico,MEX,round of 16,1994,1994-06-17,1994-07-17,United States,Brazil,24,0,Mexican Football Federation,North America,"Confederation of North, Central American and Caribbean Association Football",CONCACAF,0,0,,4,1,1,2,4,4,1,1,0,10.0,0.0,1.0,MEX,0,0.678,71.279,11.06476974,6.237608051,16021.08213,0.491,0.634,6202.36588372862,45.3063745830595,1990.0,1994.0
WC-1994,1994 FIFA Men's World Cup,T-47,Morocco,MAR,group stage,1994,1994-06-17,1994-07-17,United States,Brazil,24,0,Royal Moroccan Football Federation,Africa,Confederation of African Football,CAF,0,0,,3,0,0,3,2,5,0,0,-3,10.0,0.0,0.0,MAR,0,0.477,64.346,7.013629913,2.55,4321.581543,0.751,0.465,1358.79443359375,80.7819478758177,1990.0,1994.0
WC-1994,1994 FIFA Men's World Cup,T-48,Netherlands,NLD,quarter-finals,1994,1994-06-17,1994-07-17,United States,Brazil,24,0,Royal Dutch Football Association,Europe,Union of European Football Associations,UEFA,0,0,,5,3,0,2,8,6,0,0,2,12.0,0.0,0.0,NLD,0,0.88,77.513,17.33371925,11.34756844,37998.08258,0.106,0.734,24682.5866742863,8.3175348148876,1990.0,1994.0
WC-1994,1994 FIFA Men's World Cup,T-50,Nigeria,NGA,round of 16,1994,1994-06-17,1994-07-17,United States,Brazil,24,0,Nigeria Football Federation,Africa,Confederation of African Football,CAF,0,0,,4,2,0,2,7,4,1,0,3,9.0,0.0,0.0,NGA,0,,45.513,6.59154148,,2761.122303,,,744.884247151377,209.766199659781,1990.0,1994.0
WC-1994,1994 FIFA Men's World Cup,T-53,Norway,NOR,group stage,1994,1994-06-17,1994-07-17,United States,Brazil,24,0,Norwegian Football Federation,Europe,Union of European Football Associations,UEFA,0,0,,3,1,1,1,1,1,0,0,0,6.0,0.0,0.0,NOR,0,0.883,77.773,16.23529053,11.47729288,47102.72648,0.115,0.762,29315.8092337732,8.66540463048132,1990.0,1994.0
WC-1994,1994 FIFA Men's World Cup,T-60,Republic of Ireland,IRL,round of 16,1994,1994-06-17,1994-07-17,United States,Brazil,24,0,Football Association of Ireland,Europe,Union of European Football Associations,UEFA,0,0,,4,1,1,2,2,4,0,0,-2,8.0,0.0,0.0,IRL,0,0.779,75.801,13.76459026,8.013160527,27572.42083,0.198,0.673,15902.9296755168,9.17685171940335,1990.0,1994.0
WC-1994,1994 FIFA Men's World Cup,T-61,Romania,ROU,quarter-finals,1994,1994-06-17,1994-07-17,United States,Brazil,24,0,Romanian Football Federation,Europe,Union of European Football Associations,UEFA,0,0,,5,3,0,2,10,9,1,1,1,12.0,1.0,1.0,ROU,0,0.686,69.579,10.62135983,8.889055824,11424.33334,0.473,0.64,1323.03237766927,31.3878823343145,1990.0,1994.0
WC-1994,1994 FIFA Men's World Cup,T-62,Russia,RUS,group stage,1994,1994-06-17,1994-07-17,United States,Brazil,24,0,Russian Football Union,"Europe, Asia",Union of European Football Associations,UEFA,0,0,,3,1,0,2,7,6,0,0,1,8.0,0.0,1.0,RUS,0,0.696,63.935,11.58718967,10.40637749,13825.24609,0.46,0.62,2662.10400390625,21.6552154845904,1990.0,1994.0
WC-1994,1994 FIFA Men's World Cup,T-63,Saudi Arabia,SAU,round of 16,1994,1994-06-17,1994-07-17,United States,Brazil,24,0,Saudi Arabian Football Association,Middle East,Asian Football Confederation,AFC,0,0,,4,2,0,2,5,6,0,0,-1,10.0,0.0,0.0,SAU,0,0.72,70.705,11.59308833,5.975860957,43849.13444,,0.584,10601.9196697805,44.3877074657823,1990.0,1994.0
WC-1994,1994 FIFA Men's World Cup,T-71,South Korea,KOR,group stage,1994,1994-06-17,1994-07-17,United States,Brazil,24,0,Korea Football Association,East Asia,Asian Football Confederation,AFC,0,0,,3,0,2,1,4,5,0,0,-1,6.0,0.0,0.0,KOR,0,0.77,73.611,13.98118019,9.852521706,16649.35858,0.259,0.675,10733.9888860657,15.6688544775355,1990.0,1994.0
WC-1994,1994 FIFA Men's World Cup,T-73,Spain,ESP,quarter-finals,1994,1994-06-17,1994-07-17,United States,Brazil,24,0,Royal Spanish Football Federation,Europe,Union of European Football Associations,UEFA,0,0,,5,2,2,1,10,6,0,0,4,13.0,1.0,1.0,ESP,0,0.792,78.117,15.57324028,6.662615483,27714.995,0.151,0.715,13405.704414883,9.15959080150932,1990.0,1994.0
WC-1994,1994 FIFA Men's World Cup,T-74,Sweden,SWE,third-place match,1994,1994-06-17,1994-07-17,United States,Brazil,24,0,Swedish Football Association,Europe,Union of European Football Associations,UEFA,0,0,3.0,7,4,2,1,15,8,1,1,7,13.0,1.0,2.0,SWE,0,0.852,78.746,15.79784012,10.35719967,32012.24876,0.08,0.753,26045.5196995275,6.95655280347905,1990.0,1994.0
WC-1994,1994 FIFA Men's World Cup,T-75,Switzerland,CHE,round of 16,1994,1994-06-17,1994-07-17,United States,Brazil,24,0,Swiss Football Association,Europe,Union of European Football Associations,UEFA,0,0,,4,1,1,2,5,7,0,0,-2,8.0,0.0,0.0,CHE,0,0.861,78.494,14.25086021,10.49222416,54802.43016,0.12,0.723,43091.7770970073,8.1679535711351,1990.0,1994.0
WC-1994,1994 FIFA Men's World Cup,T-83,United States,USA,round of 16,1994,1994-06-17,1994-07-17,United States,Brazil,24,0,United States Soccer Federation,North America,"Confederation of North, Central American and Caribbean Association Football",CONCACAF,1,0,,4,1,1,2,3,4,0,0,-1,8.0,0.0,1.0,USA,0,0.885,75.738,15.95798969,13.17210007,42798.10178,0.293,0.67,27694.853416234,11.2323729479784,1990.0,1994.0
WC-1995,1995 FIFA Women's World Cup,T-04,Australia,AUS,group stage,1995,1995-06-05,1995-06-18,Sweden,Norway,12,1,Football Australia,Oceania,Asian Football Confederation,AFC,0,0,,3,0,0,3,3,13,0,0,-10,9.0,1.0,1.0,AUS,0,0.882,78.262,18.97002983,11.33797971,32314.90021,0.176,0.683,20479.1748274233,9.19525936230554,1990.0,1995.0
WC-1995,1995 FIFA Women's World Cup,T-09,Brazil,BRA,group stage,1995,1995-06-05,1995-06-18,Sweden,Norway,12,1,Brazilian Football Confederation,South America,South American Football Confederation,CONMEBOL,0,0,,3,1,0,2,3,8,0,0,-5,8.0,0.0,1.0,BRA,0,0.645,67.919,13.15295115,4.41516361,10995.11598,0.542,0.609,4756.75013552302,63.075706562617,1990.0,1995.0
WC-1995,1995 FIFA Women's World Cup,T-12,Canada,CAN,group stage,1995,1995-06-05,1995-06-18,Sweden,Norway,12,1,Canadian Soccer Association,North America,"Confederation of North, Central American and Caribbean Association Football",CONCACAF,0,0,,3,0,1,2,5,13,0,0,-8,7.0,0.0,0.0,CAN,0,0.877,78.019,16.8725605,11.61542435,34364.78485,0.182,0.695,20679.634792669,8.2483202891714,1990.0,1995.0
WC-1995,1995 FIFA Women's World Cup,T-14,China,CHN,third-place match,1995,1995-06-05,1995-06-18,Sweden,Norway,12,1,Chinese Football Association,East Asia,Asian Football Confederation,AFC,0,0,4.0,6,3,1,2,11,10,1,1,1,7.0,0.0,0.0,CHN,0,0.532,70.008,8.725359917,5.036169767,2361.387409,,0.508,612.680277898627,53.6641145765771,1990.0,1995.0
WC-1995,1995 FIFA Women's World Cup,T-22,Denmark,DNK,quarter-final,1995,1995-06-05,1995-06-18,Sweden,Norway,12,1,Danish Football Association,Europe,Union of European Football Associations,UEFA,0,0,,4,1,0,3,7,8,0,0,-1,5.0,0.0,0.0,DNK,0,0.857,75.286,15.18115044,11.64894009,42277.20618,0.095,0.717,35321.0980773087,8.92653539146181,1990.0,1995.0
WC-1995,1995 FIFA Women's World Cup,T-28,England,ENG,quarter-final,1995,1995-06-05,1995-06-18,Sweden,Norway,12,1,The Football Association,Europe,Union of European Football Associations,UEFA,0,0,,4,2,0,2,6,9,0,0,-3,4.0,0.0,0.0,GBR,1,0.83,76.616,14.85622501,10.0803197,33339.90034,0.233,0.723,23252.6157127423,9.30085352960348,1990.0,1995.0
WC-1995,1995 FIFA Women's World Cup,T-31,Germany,DEU,final,1995,1995-06-05,1995-06-18,Sweden,Norway,12,1,Germany Football Association,Europe,Union of European Football Associations,UEFA,0,0,2.0,6,4,0,2,13,6,0,0,7,6.0,0.0,0.0,DEU,0,0.863,76.562,15.75277996,11.41552557,39309.73971,0.14,0.718,31747.2449398447,8.53095414640868,1990.0,1995.0
WC-1995,1995 FIFA Women's World Cup,T-44,Japan,JPN,quarter-final,1995,1995-06-05,1995-06-18,Sweden,Norway,12,1,Japan Football Association,East Asia,Asian Football Confederation,AFC,0,0,,4,1,0,3,2,8,0,0,-6,3.0,0.0,0.0,JPN,0,0.867,79.67,14.6657896,11.86269975,35177.31895,0.164,0.726,44197.6191013908,6.32263239420727,1990.0,1995.0
WC-1995,1995 FIFA Women's World Cup,T-50,Nigeria,NGA,group stage,1995,1995-06-05,1995-06-18,Sweden,Norway,12,1,Nigeria Football Federation,Africa,Confederation of African Football,CAF,0,0,,3,0,1,2,5,14,0,0,-9,7.0,0.0,0.0,NGA,0,,45.487,6.795659864,,2733.063746,,,1271.61617353199,209.766199659781,1990.0,1995.0
WC-1995,1995 FIFA Women's World Cup,T-53,Norway,NOR,final,1995,1995-06-05,1995-06-18,Sweden,Norway,12,1,Norwegian Football Federation,Europe,Union of European Football Associations,UEFA,0,1,1.0,6,6,0,0,23,1,0,0,22,7.0,0.0,1.0,NOR,0,0.88,77.797,15.66366005,11.5522886,48989.95576,0.109,0.752,34875.7043347536,8.66540463048132,1990.0,1995.0
WC-1995,1995 FIFA Women's World Cup,T-74,Sweden,SWE,quarter-final,1995,1995-06-05,1995-06-18,Sweden,Norway,12,1,Swedish Football Association,Europe,Union of European Football Associations,UEFA,1,0,,4,2,0,2,6,4,1,1,2,1.0,0.0,0.0,SWE,0,0.859,78.821,16.10770035,10.52972031,33143.79328,0.072,0.762,30254.0273028727,6.95655280347905,1990.0,1995.0
WC-1995,1995 FIFA Women's World Cup,T-83,United States,USA,third-place match,1995,1995-06-05,1995-06-18,Sweden,Norway,12,1,United States Soccer Federation,North America,"Confederation of North, Central American and Caribbean Association Football",CONCACAF,0,0,3.0,6,4,1,1,15,5,0,0,10,4.0,1.0,1.0,USA,0,0.886,75.854,15.94429016,13.13735104,43448.41116,0.291,0.674,28690.8757013347,11.2323729479784,1990.0,1995.0
WC-1998,1998 FIFA Men's World Cup,T-03,Argentina,ARG,quarter-finals,1998,1998-06-10,1998-07-12,France,France,32,0,Argentine Football Association,South America,South American Football Confederation,CONMEBOL,0,0,,5,4,0,1,10,4,1,1,6,11.0,1.0,1.0,ARG,0,0.764,73.474,14.11907005,8.66482687,19334.52072,0.426,0.702,8218.99212764682,19.3566209323244,2000.0,1998.0
WC-1998,1998 FIFA Men's World Cup,T-05,Austria,AUT,group stage,1998,1998-06-10,1998-07-12,France,France,32,0,Austrian Football Association,Europe,Union of European Football Associations,UEFA,0,0,,3,0,2,1,3,4,0,0,-1,6.0,0.0,0.0,AUT,0,0.861,77.783,15.08288002,10.92450523,43325.1685,0.151,0.727,27212.4642905708,5.49889606580409,2000.0,1998.0
WC-1998,1998 FIFA Men's World Cup,T-06,Belgium,BEL,group stage,1998,1998-06-10,1998-07-12,France,France,32,0,Royal Belgian Football Association,Europe,Union of European Football Associations,UEFA,0,0,,3,0,3,0,3,3,0,0,0,4.0,1.0,1.0,BEL,0,0.876,77.474,17.62896601,10.37027533,41274.56139,0.157,0.723,25338.4432934904,5.87522427743049,2000.0,1998.0
WC-1998,1998 FIFA Men's World Cup,T-09,Brazil,BRA,final,1998,1998-06-10,1998-07-12,France,France,32,0,Brazilian Football Confederation,South America,South American Football Confederation,CONMEBOL,0,0,2.0,7,5,0,2,14,10,1,1,4,12.0,0.0,0.0,BRA,0,0.66,69.189,13.29070864,4.929657882,11075.55445,0.522,0.621,5105.89246192003,34.4505214787492,2000.0,1998.0
WC-1998,1998 FIFA Men's World Cup,T-10,Bulgaria,BGR,group stage,1998,1998-06-10,1998-07-12,France,France,32,0,Bulgarian Football Union,Europe,Union of European Football Associations,UEFA,0,0,,3,0,1,2,1,7,0,0,-6,7.0,0.0,1.0,BGR,0,0.714,70.912,12.7276001,9.148866653,10677.56158,0.327,0.661,1820.44866449942,17.5006153742096,2000.0,1998.0
WC-1998,1998 FIFA Men's World Cup,T-11,Cameroon,CMR,group stage,1998,1998-06-10,1998-07-12,France,France,32,0,Cameroonian Football Federation,Africa,Confederation of African Football,CAF,0,0,,3,0,2,1,2,5,0,0,-3,6.0,3.0,3.0,CMR,0,0.42,52.582,7.290378928,2.8112902,2741.775891,0.68,0.414,798.745621406677,144.44860697042,2000.0,1998.0
WC-1998,1998 FIFA Men's World Cup,T-13,Chile,CHL,round of 16,1998,1998-06-10,1998-07-12,France,France,32,0,Football Federation of Chile,South America,South American Football Confederation,CONMEBOL,0,0,,4,0,3,1,5,8,0,0,-3,13.0,0.0,0.0,CHL,0,0.749,75.669,12.61588001,9.004289285,14800.68814,0.444,0.699,5419.82417297191,10.9380476804024,2000.0,1998.0
WC-1998,1998 FIFA Men's World Cup,T-16,Colombia,COL,group stage,1998,1998-06-10,1998-07-12,France,France,32,0,Colombia Football Federation,South America,South American Football Confederation,CONMEBOL,0,0,,3,1,0,2,1,3,0,0,-2,5.0,0.0,0.0,COL,0,0.666,70.738,11.77365971,6.758033666,9421.122491,,0.638,2604.87166959518,25.0840399855096,2000.0,1998.0
WC-1998,1998 FIFA Men's World Cup,T-18,Croatia,HRV,third-place match,1998,1998-06-10,1998-07-12,France,France,32,0,Croatian Football Federation,Europe,Union of European Football Associations,UEFA,0,0,3.0,7,5,0,2,11,5,0,0,6,19.0,0.0,0.0,HRV,0,0.74,73.906,11.71883011,9.007986927,17702.44472,0.247,0.692,5712.58985659548,8.33978934856649,2000.0,1998.0
WC-1998,1998 FIFA Men's World Cup,T-22,Denmark,DNK,quarter-finals,1998,1998-06-10,1998-07-12,France,France,32,0,Danish Football Association,Europe,Union of European Football Associations,UEFA,0,0,,5,2,1,2,9,7,0,0,2,12.0,2.0,2.0,DNK,0,0.878,76.434,15.7416296,12.1427176,45472.65911,0.079,0.722,33346.4884298957,5.6340143335809,2000.0,1998.0
WC-1998,1998 FIFA Men's World Cup,T-28,England,ENG,round of 16,1998,1998-06-10,1998-07-12,France,France,32,0,The Football Association,Europe,Union of European Football Associations,UEFA,0,0,,4,2,0,2,7,4,1,1,3,5.0,1.0,1.0,GBR,1,0.848,77.277,15.44709015,10.45141436,36606.70727,0.239,0.73,28396.3523548013,6.54599490555629,2000.0,1998.0
WC-1998,1998 FIFA Men's World Cup,T-30,France,FRA,final,1998,1998-06-10,1998-07-12,France,France,32,0,French Football Association,Europe,Union of European Football Associations,UEFA,1,1,1.0,7,7,0,0,15,2,2,1,13,12.0,2.0,3.0,FRA,0,0.843,78.588,15.76198959,9.087026937,37897.32879,0.19,0.748,24869.4030795939,5.37918425539061,2000.0,1998.0
WC-1998,1998 FIFA Men's World Cup,T-31,Germany,DEU,quarter-finals,1998,1998-06-10,1998-07-12,France,France,32,0,Germany Football Association,Europe,Union of European Football Associations,UEFA,0,0,,5,3,1,1,8,6,0,0,2,12.0,1.0,1.0,DEU,0,0.879,77.577,16.02003354,12.0182086,40784.2348,0.136,0.733,27395.9440608051,5.3549718459197,2000.0,1998.0
WC-1998,1998 FIFA Men's World Cup,T-38,Iran,IRN,group stage,1998,1998-06-10,1998-07-12,France,France,32,0,Football Federation Islamic Republic of Iran,Middle East,Asian Football Confederation,AFC,0,0,,3,1,0,2,2,4,0,0,-2,3.0,0.0,0.0,IRN,0,0.677,68.73,11.6892848,7.936083617,10541.10453,0.588,0.634,1709.19334096046,36.2535743183089,2000.0,1998.0
WC-1998,1998 FIFA Men's World Cup,T-41,Italy,ITA,quarter-finals,1998,1998-06-10,1998-07-12,France,France,32,0,Italian Football Association,Europe,Union of European Football Associations,UEFA,0,0,,5,3,1,1,8,3,1,1,5,11.0,0.0,0.0,ITA,0,0.832,78.806,15.09490967,8.490116616,40615.63606,0.191,0.727,22365.1837644545,5.56620309176568,2000.0,1998.0
WC-1998,1998 FIFA Men's World Cup,T-43,Jamaica,JAM,group stage,1998,1998-06-10,1998-07-12,France,France,32,0,Jamaica Football Federation,Caribbean,"Confederation of North, Central American and Caribbean Association Football",CONCACAF,0,0,,3,1,0,2,3,9,0,0,-6,5.0,0.0,1.0,JAM,0,0.661,70.99,10.57880747,7.351746011,9123.232058,0.447,0.631,3419.49352868739,20.5679389723101,2000.0,1998.0
WC-1998,1998 FIFA Men's World Cup,T-44,Japan,JPN,group stage,1998,1998-06-10,1998-07-12,France,France,32,0,Japan Football Association,East Asia,Asian Football Confederation,AFC,0,0,,3,0,0,3,1,4,0,0,-3,7.0,0.0,0.0,JPN,0,0.877,80.64,14.91390038,11.99613972,36047.87438,0.163,0.749,32423.7556133801,4.50252057826217,2000.0,1998.0
WC-1998,1998 FIFA Men's World Cup,T-46,Mexico,MEX,round of 16,1998,1998-06-10,1998-07-12,France,France,32,0,Mexican Football Federation,North America,"Confederation of North, Central American and Caribbean Association Football",CONCACAF,0,0,,4,1,2,1,8,7,0,0,1,10.0,2.0,2.0,MEX,0,0.699,72.845,11.70351982,6.521856022,16755.68444,0.459,0.654,5832.69342004468,28.0919890856832,2000.0,1998.0
WC-1998,1998 FIFA Men's World Cup,T-47,Morocco,MAR,group stage,1998,1998-06-10,1998-07-12,France,France,32,0,Royal Moroccan Football Federation,Africa,Confederation of African Football,CAF,0,0,,3,1,1,1,5,5,0,0,0,4.0,0.0,0.0,MAR,0,0.505,66.018,7.678740025,3.02,4610.281738,0.726,0.492,1668.49755859375,52.2443921246927,2000.0,1998.0
WC-1998,1998 FIFA Men's World Cup,T-48,Netherlands,NLD,third-place match,1998,1998-06-10,1998-07-12,France,France,32,0,Royal Dutch Football Association,Europe,Union of European Football Associations,UEFA,0,0,4.0,7,3,2,2,13,7,1,1,6,10.0,1.0,2.0,NLD,0,0.884,77.997,16.47043037,11.63522909,43138.42434,0.094,0.736,27924.281808994,6.18449985645535,2000.0,1998.0
WC-1998,1998 FIFA Men's World Cup,T-50,Nigeria,NGA,round of 16,1998,1998-06-10,1998-07-12,France,France,32,0,Nigeria Football Federation,Africa,Confederation of African Football,CAF,0,0,,4,2,0,2,6,9,0,0,-3,8.0,0.0,0.0,NGA,0,,46.036,7.446729277,,2794.824833,,,1822.46998452473,182.310259129257,2000.0,1998.0
WC-1998,1998 FIFA Men's World Cup,T-53,Norway,NOR,round of 16,1998,1998-06-10,1998-07-12,France,France,32,0,Norwegian Football Federation,Europe,Union of European Football Associations,UEFA,0,0,,4,1,2,1,5,5,0,0,0,7.0,0.0,0.0,NOR,0,0.903,78.408,16.86597061,11.77727577,54745.86492,0.101,0.752,34803.4634058738,4.85740011098321,2000.0,1998.0
WC-1998,1998 FIFA Men's World Cup,T-55,Paraguay,PRY,round of 16,1998,1998-06-10,1998-07-12,France,France,32,0,Paraguayan Football Association,South America,South American Football Confederation,CONMEBOL,0,0,,4,1,2,1,3,2,1,0,1,8.0,0.0,0.0,PRY,0,0.652,69.478,11.56016318,6.487727339,8796.934016,0.578,0.62,1889.88455618586,33.6354249078544,2000.0,1998.0
WC-1998,1998 FIFA Men's World Cup,T-61,Romania,ROU,round of 16,1998,1998-06-10,1998-07-12,France,France,32,0,Romanian Football Federation,Europe,Union of European Football Associations,UEFA,0,0,,4,2,1,1,4,3,0,0,1,10.0,0.0,0.0,ROU,0,0.706,70.125,11.69460011,9.283307838,11786.99933,0.447,0.663,1852.5549693339,21.5776626820944,2000.0,1998.0
WC-1998,1998 FIFA Men's World Cup,T-63,Saudi Arabia,SAU,group stage,1998,1998-06-10,1998-07-12,France,France,32,0,Saudi Arabian Football Association,Middle East,Asian Football Confederation,AFC,0,0,,3,0,1,2,2,7,0,0,-5,4.0,1.0,1.0,SAU,0,0.738,71.879,12.11774415,6.431834213,42231.59459,,0.645,9836.05729768574,22.0961626362377,2000.0,1998.0
WC-1998,1998 FIFA Men's World Cup,T-64,Scotland,SCO,group stage,1998,1998-06-10,1998-07-12,France,France,32,0,Scottish Football Association,Europe,Union of European Football Associations,UEFA,0,0,,3,0,1,2,2,6,0,0,-4,4.0,1.0,1.0,GBR,1,0.848,77.277,15.44709015,10.45141436,36606.70727,0.239,0.73,28396.3523548013,6.54599490555629,2000.0,1998.0
WC-1998,1998 FIFA Men's World Cup,T-70,South Africa,ZAF,group stage,1998,1998-06-10,1998-07-12,France,France,32,0,South African Football Associaiton,Africa,Confederation of African Football,CAF,0,0,,3,0,2,1,3,6,0,0,-3,7.0,1.0,1.0,ZAF,0,0.643,60.001,13.24167898,7.654923325,9949.670575,0.462,0.593,3309.60933087472,71.0658259726498,2000.0,1998.0
WC-1998,1998 FIFA Men's World Cup,T-71,South Korea,KOR,group stage,1998,1998-06-10,1998-07-12,France,France,32,0,Korea Football Association,East Asia,Asian Football Confederation,AFC,0,0,,3,0,1,2,2,9,0,0,-7,7.0,1.0,1.0,KOR,0,0.802,75.464,15.01350975,10.37200584,18907.77671,0.223,0.714,8583.43557499234,7.54817757512849,2000.0,1998.0
WC-1998,1998 FIFA Men's World Cup,T-73,Spain,ESP,group stage,1998,1998-06-10,1998-07-12,France,France,32,0,Royal Spanish Football Federation,Europe,Union of European Football Associations,UEFA,0,0,,3,1,1,1,8,4,0,0,4,7.0,0.0,0.0,ESP,0,0.815,78.943,15.76968956,7.45224916,31576.02422,0.142,0.729,15382.3348573373,5.42372074559108,2000.0,1998.0
WC-1998,1998 FIFA Men's World Cup,T-79,Tunisia,TUN,group stage,1998,1998-06-10,1998-07-12,France,France,32,0,Tunisian Football Federation,Africa,Confederation of African Football,CAF,0,0,,3,0,1,2,1,4,0,0,-3,7.0,0.0,0.0,TUN,0,0.633,73.169,11.93177986,4.640396745,6862.890554,0.443,0.61,2285.01933541864,29.184614609627,2000.0,1998.0
WC-1998,1998 FIFA Men's World Cup,T-83,United States,USA,group stage,1998,1998-06-10,1998-07-12,France,France,32,0,United States Soccer Federation,North America,"Confederation of North, Central American and Caribbean Association Football",CONCACAF,0,0,,3,0,0,3,1,5,0,0,-4,4.0,0.0,0.0,USA,0,0.891,76.66,15.73243999,13.03310394,47413.69771,0.28,0.665,32853.6769523009,8.44940974508615,2000.0,1998.0
WC-1998,1998 FIFA Men's World Cup,T-87,Yugoslavia,YUG,round of 16,1998,1998-06-10,1998-07-12,France,France,32,0,Football Association of Yugoslavia,Europe,Union of European Football Associations,UEFA,0,0,,4,2,1,1,5,4,0,0,1,7.0,0.0,0.0,SRB,1,0.686,71.243,12.92081367,7.251933728,9203.299869,,,2775.47372982047,12.5892048765066,2000.0,1998.0
WC-1999,1999 FIFA Women's World Cup,T-04,Australia,AUS,group stage,1999,1999-06-19,1999-07-10,United States,United States,16,1,Football Australia,Oceania,Asian Football Confederation,AFC,0,0,,3,0,1,2,3,7,0,0,-4,,,,AUS,0,0.894,79.285,20.61533271,11.29788075,36929.69602,0.156,0.674,20749.6443779096,6.19237808174438,2000.0,1999.0
WC-1999,1999 FIFA Women's World Cup,T-09,Brazil,BRA,third-place match,1999,1999-06-19,1999-07-10,United States,United States,16,1,Brazilian Football Confederation,South America,South American Football Confederation,CONMEBOL,0,0,3.0,6,4,1,1,16,9,1,1,7,,,,BRA,0,0.663,69.524,13.33694769,5.101155972,10861.1073,0.514,0.627,3493.57192043228,34.4505214787492,2000.0,1999.0
WC-1999,1999 FIFA Women's World Cup,T-12,Canada,CAN,group stage,1999,1999-06-19,1999-07-10,United States,United States,16,1,Canadian Soccer Association,North America,"Confederation of North, Central American and Caribbean Association Football",CONCACAF,0,0,,3,0,1,2,3,12,0,0,-9,,,,CAN,0,0.884,78.885,15.80797958,12.30994835,38390.1943,0.157,0.684,22315.2466731545,6.22855252659155,2000.0,1999.0
WC-1999,1999 FIFA Women's World Cup,T-14,China,CHN,final,1999,1999-06-19,1999-07-10,United States,United States,16,1,Chinese Football Association,East Asia,Asian Football Confederation,AFC,0,0,2.0,6,5,0,1,19,2,1,1,17,,,,CHN,0,0.575,71.419,9.648660183,5.750073767,3171.528369,0.289,0.547,881.146614068925,36.7157122561846,2000.0,1999.0
WC-1999,1999 FIFA Women's World Cup,T-22,Denmark,DNK,group stage,1999,1999-06-19,1999-07-10,United States,United States,16,1,Danish Football Association,Europe,Union of European Football Associations,UEFA,0,0,,3,0,0,3,1,8,0,0,-7,,,,DNK,0,0.888,76.576,16.43011093,12.3073101,46826.20887,0.077,0.729,33426.2381077405,5.6340143335809,2000.0,1999.0
WC-1999,1999 FIFA Women's World Cup,T-31,Germany,DEU,quarter-final,1999,1999-06-19,1999-07-10,United States,United States,16,1,Germany Football Association,Europe,Union of European Football Associations,UEFA,0,0,,4,1,2,1,12,7,0,0,5,,,,DEU,0,0.884,77.806,16.09168661,12.21910294,41476.39057,0.127,0.736,26965.4922773722,5.3549718459197,2000.0,1999.0
WC-1999,1999 FIFA Women's World Cup,T-32,Ghana,GHA,group stage,1999,1999-06-19,1999-07-10,United States,United States,16,1,Ghana Football Association,Africa,Confederation of African Football,CAF,0,0,,3,0,1,2,1,10,0,0,-9,,,,GHA,0,0.494,58.03,6.83728981,6.768874002,2667.123059,0.606,0.483,403.037326127273,100.167390766629,2000.0,1999.0
WC-1999,1999 FIFA Women's World Cup,T-41,Italy,ITA,group stage,1999,1999-06-19,1999-07-10,United States,United States,16,1,Italian Football Association,Europe,Union of European Football Associations,UEFA,0,0,,3,1,1,1,3,3,0,0,0,,,,ITA,0,0.837,79.204,15.09480953,8.622774688,41418.66666,0.189,0.727,22049.9990620261,5.56620309176568,2000.0,1999.0
WC-1999,1999 FIFA Women's World Cup,T-44,Japan,JPN,group stage,1999,1999-06-19,1999-07-10,United States,United States,16,1,Japan Football Association,East Asia,Asian Football Confederation,AFC,0,0,,3,0,1,2,1,10,0,0,-9,,,,JPN,0,0.878,80.608,14.95662022,12.04061971,35858.51421,0.157,0.755,36610.1683163197,4.50252057826217,2000.0,1999.0
WC-1999,1999 FIFA Women's World Cup,T-46,Mexico,MEX,group stage,1999,1999-06-19,1999-07-10,United States,United States,16,1,Mexican Football Federation,North America,"Confederation of North, Central American and Caribbean Association Football",CONCACAF,0,0,,3,0,0,3,1,15,0,0,-14,,,,MEX,0,0.704,73.225,11.84465981,6.592918015,16998.5177,0.455,0.657,6499.97182950425,28.0919890856832,2000.0,1999.0
WC-1999,1999 FIFA Women's World Cup,T-50,Nigeria,NGA,quarter-final,1999,1999-06-19,1999-07-10,United States,United States,16,1,Nigeria Football Federation,Africa,Confederation of African Football,CAF,0,0,,4,2,0,2,8,12,1,0,-4,,,,NGA,0,,46.614,7.677330017,,2806.780287,,,480.669363941805,182.310259129257,2000.0,1999.0
WC-1999,1999 FIFA Women's World Cup,T-51,North Korea,PRK,group stage,1999,1999-06-19,1999-07-10,United States,United States,16,1,Democratic People's Republic of Korea Football Association,East Asia,Asian Football Confederation,AFC,0,0,,3,1,0,2,4,6,0,0,-2,,,,PRK,0,,60.798,,,,,,,100.234645477663,2000.0,1999.0
WC-1999,1999 FIFA Women's World Cup,T-53,Norway,NOR,third-place match,1999,1999-06-19,1999-07-10,United States,United States,16,1,Norwegian Football Federation,Europe,Union of European Football Associations,UEFA,0,0,4.0,6,4,0,2,16,8,0,1,8,,,,NOR,0,0.907,78.387,17.09806061,11.85227149,55612.51309,0.097,0.755,36393.2927471088,4.85740011098321,2000.0,1999.0
WC-1999,1999 FIFA Women's World Cup,T-62,Russia,RUS,quarter-final,1999,1999-06-19,1999-07-10,United States,United States,16,1,Russian Football Union,"Europe, Asia",Union of European Football Associations,UEFA,0,0,,4,2,0,2,10,5,0,0,5,,,,RUS,0,0.722,65.631,12.2757597,11.7648615,12709.26563,0.391,0.66,1330.75720214844,19.3834909923237,2000.0,1999.0
WC-1999,1999 FIFA Women's World Cup,T-74,Sweden,SWE,quarter-final,1999,1999-06-19,1999-07-10,United States,United States,16,1,Swedish Football Association,Europe,Union of European Football Associations,UEFA,0,0,,4,2,0,2,7,6,0,0,1,,,,SWE,0,0.897,79.508,18.8115406,11.26263555,38777.5579,0.059,0.779,30968.8710702052,4.09662966290807,2000.0,1999.0
WC-1999,1999 FIFA Women's World Cup,T-83,United States,USA,final,1999,1999-06-19,1999-07-10,United States,United States,16,1,United States Soccer Federation,North America,"Confederation of North, Central American and Caribbean Association Football",CONCACAF,1,1,1.0,6,6,0,0,18,3,1,1,15,,,,USA,0,0.891,76.672,15.59130001,12.99835491,49182.35497,0.274,0.661,34515.3902272076,8.44940974508615,2000.0,1999.0
WC-2002,2002 FIFA Men's World Cup,T-03,Argentina,ARG,group stage,2002,2002-05-31,2002-06-30,"Korea, Japan",Brazil,32,0,Argentine Football Association,South America,South American Football Confederation,CONMEBOL,0,0,,3,1,1,1,2,2,0,0,0,6.0,1.0,1.0,ARG,0,0.785,74.408,16.39250946,9.391139984,14647.64818,0.397,0.739,2569.69963519124,19.3566209323244,2000.0,2002.0
WC-2002,2002 FIFA Men's World Cup,T-06,Belgium,BEL,round of 16,2002,2002-05-31,2002-06-30,"Korea, Japan",Brazil,32,0,Royal Belgian Football Association,Europe,Union of European Football Associations,UEFA,0,0,,4,1,2,1,6,7,0,0,-1,6.0,0.0,0.0,BEL,0,0.891,78.167,18.48284912,10.73827952,44672.89821,0.131,0.739,25006.191397109,5.87522427743049,2000.0,2002.0
WC-2002,2002 FIFA Men's World Cup,T-09,Brazil,BRA,final,2002,2002-05-31,2002-06-30,"Korea, Japan",Brazil,32,0,Brazilian Football Confederation,South America,South American Football Confederation,CONMEBOL,0,1,1.0,7,7,0,0,18,4,0,0,14,7.0,1.0,1.0,BRA,0,0.678,70.41,13.47663227,5.626596931,11360.43717,0.495,0.64,2855.94017137049,34.4505214787492,2000.0,2002.0
WC-2002,2002 FIFA Men's World Cup,T-11,Cameroon,CMR,group stage,2002,2002-05-31,2002-06-30,"Korea, Japan",Brazil,32,0,Cameroonian Football Federation,Africa,Confederation of African Football,CAF,0,0,,3,1,1,1,2,3,0,0,-1,9.0,0.0,1.0,CMR,0,0.445,53.415,8.403800011,3.136522721,2883.257535,0.647,0.439,789.623811072554,144.44860697042,2000.0,2002.0
WC-2002,2002 FIFA Men's World Cup,T-14,China,CHN,group stage,2002,2002-05-31,2002-06-30,"Korea, Japan",Brazil,32,0,Chinese Football Association,East Asia,Asian Football Confederation,AFC,0,0,,3,0,0,3,0,9,0,0,-9,5.0,1.0,1.0,CHN,0,0.608,72.985,10.5064764,6.088135815,3988.393541,0.281,0.575,1163.55957673426,36.7157122561846,2000.0,2002.0
WC-2002,2002 FIFA Men's World Cup,T-17,Costa Rica,CRI,group stage,2002,2002-05-31,2002-06-30,"Korea, Japan",Brazil,32,0,Costa Rican Football Federation,Central America,"Confederation of North, Central American and Caribbean Association Football",CONCACAF,0,0,,3,1,1,1,5,6,0,0,-1,6.0,0.0,0.0,CRI,0,0.721,77.983,11.76449013,7.485752501,12399.23685,0.366,0.691,4067.71851429092,13.1113050196529,2000.0,2002.0
WC-2002,2002 FIFA Men's World Cup,T-18,Croatia,HRV,group stage,2002,2002-05-31,2002-06-30,"Korea, Japan",Brazil,32,0,Croatian Football Federation,Europe,Union of European Football Associations,UEFA,0,0,,3,1,0,2,2,3,0,0,-1,3.0,1.0,1.0,HRV,0,0.785,74.736,13.66327,10.04897003,20435.93984,0.189,0.726,6219.58164143945,8.33978934856649,2000.0,2002.0
WC-2002,2002 FIFA Men's World Cup,T-22,Denmark,DNK,round of 16,2002,2002-05-31,2002-06-30,"Korea, Japan",Brazil,32,0,Danish Football Association,Europe,Union of European Football Associations,UEFA,0,0,,4,2,1,1,5,5,0,0,0,9.0,0.0,0.0,DNK,0,0.896,77.097,16.20438957,12.80108762,48619.96452,0.062,0.747,33257.1622586509,5.6340143335809,2000.0,2002.0
WC-2002,2002 FIFA Men's World Cup,T-25,Ecuador,ECU,group stage,2002,2002-05-31,2002-06-30,"Korea, Japan",Brazil,32,0,Ecuadorian Football Federation,South America,South American Football Confederation,CONMEBOL,0,0,,3,1,0,2,2,4,0,0,-2,9.0,0.0,0.0,ECU,0,0.697,73.613,13.21344843,7.433897523,8236.865838,0.493,0.669,2059.1585535974,29.6484766200013,2000.0,2002.0
WC-2002,2002 FIFA Men's World Cup,T-28,England,ENG,quarter-finals,2002,2002-05-31,2002-06-30,"Korea, Japan",Brazil,32,0,The Football Association,Europe,Union of European Football Associations,UEFA,0,0,,5,2,2,1,6,3,0,0,3,6.0,0.0,0.0,GBR,1,0.874,78.241,16.12589073,11.20662453,40516.76466,0.211,0.749,30158.7017807858,6.54599490555629,2000.0,2002.0
WC-2002,2002 FIFA Men's World Cup,T-30,France,FRA,group stage,2002,2002-05-31,2002-06-30,"Korea, Japan",Brazil,32,0,French Football Association,Europe,Union of European Football Associations,UEFA,0,0,,3,0,1,2,0,3,0,0,-3,3.0,1.0,1.0,FRA,0,0.85,79.413,14.78316021,9.854275499,40801.58053,0.175,0.753,24144.5727019529,5.37918425539061,2000.0,2002.0
WC-2002,2002 FIFA Men's World Cup,T-31,Germany,DEU,final,2002,2002-05-31,2002-06-30,"Korea, Japan",Brazil,32,0,Germany Football Association,Europe,Union of European Football Associations,UEFA,0,0,2.0,7,5,1,1,14,3,0,0,11,17.0,0.0,1.0,DEU,0,0.902,78.483,16.30664581,13.11012844,42954.18607,0.121,0.767,25486.5942008748,5.3549718459197,2000.0,2002.0
WC-2002,2002 FIFA Men's World Cup,T-41,Italy,ITA,round of 16,2002,2002-05-31,2002-06-30,"Korea, Japan",Brazil,32,0,Italian Football Association,Europe,Union of European Football Associations,UEFA,0,0,,4,1,1,2,5,5,1,0,0,11.0,0.0,1.0,ITA,0,0.854,80.114,15.64842033,8.94881773,43716.5535,0.187,0.739,22451.3964379368,5.56620309176568,2000.0,2002.0
WC-2002,2002 FIFA Men's World Cup,T-44,Japan,JPN,round of 16,2002,2002-05-31,2002-06-30,"Korea, Japan",Brazil,32,0,Japan Football Association,East Asia,Asian Football Confederation,AFC,1,0,,4,2,1,1,5,3,0,0,2,6.0,0.0,0.0,JPN,0,0.888,81.795,15.05063793,12.17405968,36856.18098,0.158,0.762,32820.7936433254,4.50252057826217,2000.0,2002.0
WC-2002,2002 FIFA Men's World Cup,T-46,Mexico,MEX,round of 16,2002,2002-05-31,2002-06-30,"Korea, Japan",Brazil,32,0,Mexican Football Federation,North America,"Confederation of North, Central American and Caribbean Association Football",CONCACAF,0,0,,4,2,1,1,4,4,0,0,0,8.0,1.0,1.0,MEX,0,0.719,74.106,12.33232975,6.975919962,17028.0568,0.46,0.67,7983.03398381759,28.0919890856832,2000.0,2002.0
WC-2002,2002 FIFA Men's World Cup,T-50,Nigeria,NGA,group stage,2002,2002-05-31,2002-06-30,"Korea, Japan",Brazil,32,0,Nigeria Football Federation,Africa,Confederation of African Football,CAF,0,0,,3,0,1,2,1,3,0,0,-2,2.0,0.0,0.0,NGA,0,,47.928,8.028120041,,3167.527447,,,712.164852077686,182.310259129257,2000.0,2002.0
WC-2002,2002 FIFA Men's World Cup,T-55,Paraguay,PRY,round of 16,2002,2002-05-31,2002-06-30,"Korea, Japan",Brazil,32,0,Paraguayan Football Association,South America,South American Football Confederation,CONMEBOL,0,0,,4,1,1,2,6,7,0,0,-1,10.0,1.0,2.0,PRY,0,0.669,70.025,13.07223988,6.891905438,7743.154975,0.55,0.647,1367.76506935997,33.6354249078544,2000.0,2002.0
WC-2002,2002 FIFA Men's World Cup,T-57,Poland,POL,group stage,2002,2002-05-31,2002-06-30,"Korea, Japan",Brazil,32,0,Polish Football Association,Europe,Union of European Football Associations,UEFA,0,0,,3,1,0,2,3,7,0,0,-4,9.0,0.0,0.0,POL,0,0.809,74.583,15.62158966,11.45400047,16675.92362,0.162,0.731,5223.45178967082,9.33731422715587,2000.0,2002.0
WC-2002,2002 FIFA Men's World Cup,T-58,Portugal,PRT,group stage,2002,2002-05-31,2002-06-30,"Korea, Japan",Brazil,32,0,Portuguese Football Federation,Europe,Union of European Football Associations,UEFA,0,0,,3,1,0,2,6,4,0,0,2,7.0,1.0,2.0,PRT,0,0.8,77.368,15.79640704,6.96269989,30370.75807,0.186,0.693,12936.6928204482,7.15194757001429,2000.0,2002.0
WC-2002,2002 FIFA Men's World Cup,T-60,Republic of Ireland,IRL,round of 16,2002,2002-05-31,2002-06-30,"Korea, Japan",Brazil,32,0,Football Association of Ireland,Europe,Union of European Football Associations,UEFA,0,0,,4,1,2,1,6,3,1,1,3,4.0,0.0,0.0,IRL,0,0.868,77.6,16.80606079,10.06521541,44194.06603,0.203,0.667,32705.4345565698,7.16125045219765,2000.0,2002.0
WC-2002,2002 FIFA Men's World Cup,T-62,Russia,RUS,group stage,2002,2002-05-31,2002-06-30,"Korea, Japan",Brazil,32,0,Russian Football Union,"Europe, Asia",Union of European Football Associations,UEFA,0,0,,3,1,0,2,4,4,0,0,0,9.0,0.0,0.0,RUS,0,0.749,65.14,13.78628254,12.17868996,15886.59375,0.38,0.676,2377.52954101563,19.3834909923237,2000.0,2002.0
WC-2002,2002 FIFA Men's World Cup,T-63,Saudi Arabia,SAU,group stage,2002,2002-05-31,2002-06-30,"Korea, Japan",Brazil,32,0,Saudi Arabian Football Association,Middle East,Asian Football Confederation,AFC,0,0,,3,0,0,3,0,12,0,0,-12,3.0,0.0,0.0,SAU,0,0.756,73.337,12.66614374,7.0963099,37209.65292,,0.632,10586.0543471363,22.0961626362377,2000.0,2002.0
WC-2002,2002 FIFA Men's World Cup,T-65,Senegal,SEN,quarter-finals,2002,2002-05-31,2002-06-30,"Korea, Japan",Brazil,32,0,Senegalese Football Federation,Africa,Confederation of African Football,CAF,0,0,,5,2,2,1,7,6,2,0,1,14.0,1.0,1.0,SEN,0,0.399,58.231,6.042772102,1.581881843,2574.260476,,0.391,669.430447319209,129.289221154307,2000.0,2002.0
WC-2002,2002 FIFA Men's World Cup,T-69,Slovenia,SVN,group stage,2002,2002-05-31,2002-06-30,"Korea, Japan",Brazil,32,0,Football Association of Slovenia,Europe,Union of European Football Associations,UEFA,0,0,,3,0,0,3,2,7,0,0,-5,10.0,1.0,1.0,SVN,0,0.849,76.79,16.24087906,11.16546396,27887.82632,0.132,0.724,11639.1297780477,5.4454222218647,2000.0,2002.0
WC-2002,2002 FIFA Men's World Cup,T-70,South Africa,ZAF,group stage,2002,2002-05-31,2002-06-30,"Korea, Japan",Brazil,32,0,South African Football Associaiton,Africa,Confederation of African Football,CAF,0,0,,3,1,1,1,5,5,0,0,0,10.0,0.0,0.0,ZAF,0,0.633,55.666,13.32774787,8.52159977,10859.54095,0.456,0.587,2688.23676032806,71.0658259726498,2000.0,2002.0
WC-2002,2002 FIFA Men's World Cup,T-71,South Korea,KOR,third-place match,2002,2002-05-31,2002-06-30,"Korea, Japan",Brazil,32,0,Korea Football Association,East Asia,Asian Football Confederation,AFC,1,0,4.0,7,4,1,2,8,6,2,1,2,14.0,0.0,0.0,KOR,0,0.841,77.543,15.80494022,10.87050209,25490.7206,0.162,0.717,13642.9424537101,7.54817757512849,2000.0,2002.0
WC-2002,2002 FIFA Men's World Cup,T-73,Spain,ESP,quarter-finals,2002,2002-05-31,2002-06-30,"Korea, Japan",Brazil,32,0,Royal Spanish Football Federation,Europe,Union of European Football Associations,UEFA,0,0,,5,4,0,1,10,5,2,2,5,7.0,0.0,0.0,ESP,0,0.838,79.824,15.97021961,8.241882838,35928.42931,0.131,0.731,17111.0685058941,5.42372074559108,2000.0,2002.0
WC-2002,2002 FIFA Men's World Cup,T-74,Sweden,SWE,round of 16,2002,2002-05-31,2002-06-30,"Korea, Japan",Brazil,32,0,Swedish Football Association,Europe,Union of European Football Associations,UEFA,0,0,,4,1,2,1,5,5,1,0,0,6.0,0.0,0.0,SWE,0,0.909,79.935,18.55690002,11.81232198,41993.52131,0.054,0.798,29957.7776664916,4.09662966290807,2000.0,2002.0
WC-2002,2002 FIFA Men's World Cup,T-79,Tunisia,TUN,group stage,2002,2002-05-31,2002-06-30,"Korea, Japan",Brazil,32,0,Tunisian Football Federation,Africa,Confederation of African Football,CAF,0,0,,3,0,1,2,1,5,0,0,-4,8.0,0.0,0.0,TUN,0,0.663,74.059,12.9030304,5.29522625,7651.933763,0.368,0.635,2320.7723805785,29.184614609627,2000.0,2002.0
WC-2002,2002 FIFA Men's World Cup,T-80,Turkey,TUR,third-place match,2002,2002-05-31,2002-06-30,"Korea, Japan",Brazil,32,0,Turkish Football Association,"Europe, Asia",Union of European Football Associations,UEFA,0,0,3.0,7,4,1,2,10,6,1,0,4,18.0,1.0,2.0,TUR,0,0.685,72.579,12.10737991,5.653287406,14903.61525,0.513,0.65,3591.08628982587,37.4278870762922,2000.0,2002.0
WC-2002,2002 FIFA Men's World Cup,T-83,United States,USA,quarter-finals,2002,2002-05-31,2002-06-30,"Korea, Japan",Brazil,32,0,United States Soccer Federation,North America,"Confederation of North, Central American and Caribbean Association Football",CONCACAF,0,0,,5,2,1,2,7,7,0,0,0,14.0,0.0,0.0,USA,0,0.896,77.001,15.84970045,12.89410782,51034.1654,0.267,0.666,37997.7596573051,8.44940974508615,2000.0,2002.0
WC-2002,2002 FIFA Men's World Cup,T-84,Uruguay,URY,group stage,2002,2002-05-31,2002-06-30,"Korea, Japan",Brazil,32,0,Uruguayan Football Association,South America,South American Football Confederation,CONMEBOL,0,0,,3,0,2,1,4,5,0,0,-1,10.0,0.0,0.0,URY,0,0.765,75.54,15.13469982,8.737585749,13112.05779,0.368,0.695,4149.76140312687,17.002095042035,2000.0,2002.0
WC-2003,2003 FIFA Women's World Cup,T-03,Argentina,ARG,group stage,2003,2003-09-20,2003-10-12,United States,Germany,16,1,Argentine Football Association,South America,South American Football Confederation,CONMEBOL,0,0,,3,0,0,3,1,15,0,0,-14,4.0,1.0,1.0,ARG,0,0.793,74.08,16.26638985,9.915220261,15976.10128,0.397,0.742,3320.47775133903,19.3566209323244,2000.0,2003.0
WC-2003,2003 FIFA Women's World Cup,T-04,Australia,AUS,group stage,2003,2003-09-20,2003-10-12,United States,Germany,16,1,Football Australia,Oceania,Asian Football Confederation,AFC,0,0,,3,0,1,2,3,5,0,0,-2,3.0,0.0,0.0,AUS,0,0.906,80.455,21.2734197,11.45627163,40207.24974,0.14,0.673,23757.5898471684,6.19237808174438,2000.0,2003.0
WC-2003,2003 FIFA Women's World Cup,T-09,Brazil,BRA,quarter-final,2003,2003-09-20,2003-10-12,United States,Germany,16,1,Brazilian Football Confederation,South America,South American Football Confederation,CONMEBOL,0,0,,4,2,1,1,9,4,0,0,5,5.0,0.0,0.0,BRA,0,0.682,70.72,13.52351815,5.803568365,11374.19849,0.471,0.644,3090.6068907839,34.4505214787492,2000.0,2003.0
WC-2003,2003 FIFA Women's World Cup,T-12,Canada,CAN,third-place match,2003,2003-09-20,2003-10-12,United States,Germany,16,1,Canadian Soccer Association,North America,"Confederation of North, Central American and Caribbean Association Football",CONCACAF,0,0,4.0,6,3,0,3,10,10,0,0,0,11.0,0.0,0.0,CAN,0,0.897,79.74,15.52014133,12.9216341,41763.10688,0.14,0.683,28301.8645937428,6.22855252659155,2000.0,2003.0
WC-2003,2003 FIFA Women's World Cup,T-14,China,CHN,quarter-final,2003,2003-09-20,2003-10-12,United States,Germany,16,1,Chinese Football Association,East Asia,Asian Football Confederation,AFC,0,0,,4,2,1,1,3,2,0,0,1,2.0,0.0,0.0,CHN,0,0.619,73.371,10.85249233,6.167928839,4376.641403,0.268,0.582,1306.97245408557,36.7157122561846,2000.0,2003.0
WC-2003,2003 FIFA Women's World Cup,T-30,France,FRA,group stage,2003,2003-09-20,2003-10-12,United States,Germany,16,1,French Football Association,Europe,Union of European Football Associations,UEFA,0,0,,3,1,1,1,2,3,0,0,-1,3.0,0.0,0.0,FRA,0,0.853,79.421,14.86872005,10.04608764,40961.00038,0.171,0.755,29479.5222101175,5.37918425539061,2000.0,2003.0
WC-2003,2003 FIFA Women's World Cup,T-31,Germany,DEU,final,2003,2003-09-20,2003-10-12,United States,Germany,16,1,Germany Football Association,Europe,Union of European Football Associations,UEFA,0,1,1.0,6,6,0,0,25,4,1,0,21,4.0,0.0,0.0,DEU,0,0.906,78.544,16.37829888,13.45519401,42647.12655,0.114,0.764,30711.1022511331,5.3549718459197,2000.0,2003.0
WC-2003,2003 FIFA Women's World Cup,T-32,Ghana,GHA,group stage,2003,2003-09-20,2003-10-12,United States,Germany,16,1,Ghana Football Association,Africa,Confederation of African Football,CAF,0,0,,3,1,0,2,2,5,0,0,-3,2.0,0.0,0.0,GHA,0,0.51,59.111,7.127200127,7.062685299,2879.308879,0.59,0.499,358.39927142073,100.167390766629,2000.0,2003.0
WC-2003,2003 FIFA Women's World Cup,T-44,Japan,JPN,group stage,2003,2003-09-20,2003-10-12,United States,Germany,16,1,Japan Football Association,East Asia,Asian Football Confederation,AFC,0,0,,3,1,0,2,7,6,0,0,1,,,,JPN,0,0.889,81.856,15.08197716,12.21853967,37399.79279,0.156,0.762,35387.0374203599,4.50252057826217,2000.0,2003.0
WC-2003,2003 FIFA Women's World Cup,T-50,Nigeria,NGA,group stage,2003,2003-09-20,2003-10-12,United States,Germany,16,1,Nigeria Football Federation,Africa,Confederation of African Football,CAF,0,0,,3,0,0,3,0,11,0,0,-11,3.0,0.0,0.0,NGA,0,0.449,48.441,8.471205235,4.724502563,3266.151737,0.704,0.442,763.388745367223,182.310259129257,2000.0,2003.0
WC-2003,2003 FIFA Women's World Cup,T-51,North Korea,PRK,group stage,2003,2003-09-20,2003-10-12,United States,Germany,16,1,Democratic People's Republic of Korea Football Association,East Asia,Asian Football Confederation,AFC,0,0,,3,1,0,2,3,4,0,0,-1,5.0,0.0,0.0,PRK,0,,69.546,,,,,,,100.234645477663,2000.0,2003.0
WC-2003,2003 FIFA Women's World Cup,T-53,Norway,NOR,quarter-final,2003,2003-09-20,2003-10-12,United States,Germany,16,1,Norwegian Football Federation,Europe,Union of European Football Associations,UEFA,0,0,,4,2,0,2,10,6,0,0,4,7.0,0.0,0.0,NOR,0,0.923,79.529,17.42193985,12.15225438,59398.65321,0.077,0.769,50250.3298214345,4.85740011098321,2000.0,2003.0
WC-2003,2003 FIFA Women's World Cup,T-62,Russia,RUS,quarter-final,2003,2003-09-20,2003-10-12,United States,Germany,16,1,Russian Football Union,"Europe, Asia",Union of European Football Associations,UEFA,0,0,,4,2,0,2,6,9,0,0,-3,3.0,0.0,0.0,RUS,0,0.757,65.264,14.28979015,12.19929993,16926.00977,0.37,0.682,2975.123046875,19.3834909923237,2000.0,2003.0
WC-2003,2003 FIFA Women's World Cup,T-71,South Korea,KOR,group stage,2003,2003-09-20,2003-10-12,United States,Germany,16,1,Korea Football Association,East Asia,Asian Football Confederation,AFC,0,0,,3,0,0,3,1,11,0,0,-10,4.0,0.0,0.0,KOR,0,0.845,77.547,15.97859955,10.99485817,26163.70029,0.152,0.714,15211.5483770422,7.54817757512849,2000.0,2003.0
WC-2003,2003 FIFA Women's World Cup,T-74,Sweden,SWE,final,2003,2003-09-20,2003-10-12,United States,Germany,16,1,Swedish Football Association,Europe,Union of European Football Associations,UEFA,0,0,2.0,6,4,0,2,10,7,1,0,3,5.0,0.0,0.0,SWE,0,0.914,80.195,18.55674934,11.99555079,43404.36197,0.049,0.793,37292.2419727801,4.09662966290807,2000.0,2003.0
WC-2003,2003 FIFA Women's World Cup,T-83,United States,USA,third-place match,2003,2003-09-20,2003-10-12,United States,Germany,16,1,United States Soccer Federation,North America,"Confederation of North, Central American and Caribbean Association Football",CONCACAF,1,0,3.0,6,5,0,1,15,5,0,0,10,4.0,0.0,0.0,USA,0,0.898,77.154,15.93583393,12.85935879,52059.14826,0.263,0.664,39490.2749557007,8.44940974508615,2000.0,2003.0
WC-2006,2006 FIFA Men's World Cup,T-02,Angola,AGO,group stage,2006,2006-06-09,2006-07-09,Germany,Italy,32,0,Angolan Football Federation,Africa,Confederation of African Football,CAF,0,0,,3,0,2,1,1,2,0,0,-1,10.0,0.0,1.0,AGO,0,0.463,52.369,7.383706967,3.667059843,5666.71833,,0.454,2930.4442860732,203.00848655977,2000.0,2006.0
WC-2006,2006 FIFA Men's World Cup,T-03,Argentina,ARG,quarter-finals,2006,2006-06-09,2006-07-09,Germany,Italy,32,0,Argentine Football Association,South America,South American Football Confederation,CONMEBOL,0,0,,5,3,1,1,11,3,2,1,8,12.0,1.0,1.0,ARG,0,0.814,75.433,16.17373085,10.19083977,20034.44635,0.375,0.752,5869.38028970204,19.3566209323244,2000.0,2006.0
WC-2006,2006 FIFA Men's World Cup,T-04,Australia,AUS,round of 16,2006,2006-06-09,2006-07-09,Germany,Italy,32,0,Football Australia,Oceania,Asian Football Confederation,AFC,0,0,,4,1,1,2,5,6,0,0,-1,10.0,0.0,1.0,AUS,0,0.914,81.282,21.76698494,11.6446104,41858.09781,0.134,0.666,36658.8243476122,6.19237808174438,2000.0,2006.0
WC-2006,2006 FIFA Men's World Cup,T-09,Brazil,BRA,quarter-finals,2006,2006-06-09,2006-07-09,Germany,Italy,32,0,Brazilian Football Confederation,South America,South American Football Confederation,CONMEBOL,0,0,,5,4,0,1,10,2,0,0,8,11.0,0.0,0.0,BRA,0,0.701,72.037,13.66515678,6.320159912,12561.6787,0.467,0.659,5934.14561857454,34.4505214787492,2000.0,2006.0
WC-2006,2006 FIFA Men's World Cup,T-17,Costa Rica,CRI,group stage,2006,2006-06-09,2006-07-09,Germany,Italy,32,0,Costa Rican Football Federation,Central America,"Confederation of North, Central American and Caribbean Association Football",CONCACAF,0,0,,3,0,0,3,3,9,0,0,-6,8.0,0.0,0.0,CRI,0,0.745,78.514,12.6112972,7.836508898,14454.02198,0.333,0.711,5256.59640859159,13.1113050196529,2000.0,2006.0
WC-2006,2006 FIFA Men's World Cup,T-18,Croatia,HRV,group stage,2006,2006-06-09,2006-07-09,Germany,Italy,32,0,Croatian Football Federation,Europe,Union of European Football Associations,UEFA,0,0,,3,0,2,1,2,3,0,0,-1,9.0,0.0,2.0,HRV,0,0.814,75.989,14.47463989,10.5356102,24318.37965,0.154,0.735,11501.2099669894,8.33978934856649,2000.0,2006.0
WC-2006,2006 FIFA Men's World Cup,T-20,Czech Republic,CZE,group stage,2006,2006-06-09,2006-07-09,Germany,Italy,32,0,Football Association of the Czech Republic,Europe,Union of European Football Associations,UEFA,0,0,,3,1,0,2,3,4,0,0,-1,6.0,1.0,2.0,CZE,0,0.856,76.711,15.38356018,12.12254047,30337.11954,0.151,0.729,15259.0788162004,5.45971299104711,2000.0,2006.0
WC-2006,2006 FIFA Men's World Cup,T-25,Ecuador,ECU,round of 16,2006,2006-06-09,2006-07-09,Germany,Italy,32,0,Ecuadorian Football Federation,South America,South American Football Confederation,CONMEBOL,0,0,,4,2,0,2,5,4,0,0,1,9.0,0.0,0.0,ECU,0,0.719,74.689,13.93023695,7.661363321,9419.404194,0.452,0.689,3243.67010359339,29.6484766200013,2000.0,2006.0
WC-2006,2006 FIFA Men's World Cup,T-28,England,ENG,quarter-finals,2006,2006-06-09,2006-07-09,Germany,Italy,32,0,The Football Association,Europe,Union of European Football Associations,UEFA,0,0,,5,3,1,1,6,2,1,1,4,9.0,1.0,1.0,GBR,1,0.894,79.355,16.03277969,12.24829374,43109.44249,0.2,0.768,44695.161023424,6.54599490555629,2000.0,2006.0
WC-2006,2006 FIFA Men's World Cup,T-30,France,FRA,final,2006,2006-06-09,2006-07-09,Germany,Italy,32,0,French Football Association,Europe,Union of European Football Associations,UEFA,0,0,2.0,7,4,2,1,9,3,1,1,6,16.0,1.0,1.0,FRA,0,0.873,80.748,15.41829014,10.44354534,43199.95213,0.156,0.769,36431.5658906555,5.37918425539061,2000.0,2006.0
WC-2006,2006 FIFA Men's World Cup,T-31,Germany,DEU,third-place match,2006,2006-06-09,2006-07-09,Germany,Italy,32,0,Germany Football Association,Europe,Union of European Football Associations,UEFA,1,0,3.0,7,6,0,1,14,6,2,1,8,12.0,0.0,0.0,DEU,0,0.92,79.591,16.59325808,13.60348034,46443.05588,0.105,0.778,36980.3349948954,5.3549718459197,2000.0,2006.0
WC-2006,2006 FIFA Men's World Cup,T-32,Ghana,GHA,round of 16,2006,2006-06-09,2006-07-09,Germany,Italy,32,0,Ghana Football Association,Africa,Confederation of African Football,CAF,0,0,,4,2,0,2,4,6,0,0,-2,17.0,0.0,1.0,GHA,0,0.537,59.988,8.645079613,7.266783223,3158.876773,0.568,0.524,906.441027564887,100.167390766629,2000.0,2006.0
WC-2006,2006 FIFA Men's World Cup,T-38,Iran,IRN,group stage,2006,2006-06-09,2006-07-09,Germany,Italy,32,0,Football Federation Islamic Republic of Iran,Middle East,Asian Football Confederation,AFC,0,0,,3,0,1,2,2,6,0,0,-4,8.0,0.0,0.0,IRN,0,0.738,72.276,12.30601025,9.869790077,13787.76879,0.505,0.678,3618.91601364428,36.2535743183089,2000.0,2006.0
WC-2006,2006 FIFA Men's World Cup,T-41,Italy,ITA,final,2006,2006-06-09,2006-07-09,Germany,Italy,32,0,Italian Football Association,Europe,Union of European Football Associations,UEFA,0,1,1.0,7,6,1,0,12,2,2,1,10,11.0,2.0,2.0,ITA,0,0.874,81.417,16.31431007,9.389100075,45094.33403,0.142,0.752,33537.1286994269,5.56620309176568,2000.0,2006.0
WC-2006,2006 FIFA Men's World Cup,T-42,Ivory Coast,CIV,group stage,2006,2006-06-09,2006-07-09,Germany,Italy,32,0,Ivorian Football Federation,Africa,Confederation of African Football,CAF,0,0,,3,1,0,2,5,6,0,0,-1,8.0,0.0,1.0,CIV,0,0.455,52.355,7.257185872,5.654570103,2486.21921,,,1230.43056838584,140.502104783565,2000.0,2006.0
WC-2006,2006 FIFA Men's World Cup,T-44,Japan,JPN,group stage,2006,2006-06-09,2006-07-09,Germany,Italy,32,0,Japan Football Association,East Asia,Asian Football Confederation,AFC,0,0,,3,0,1,2,2,7,0,0,-5,7.0,0.0,0.0,JPN,0,0.898,82.376,15.17599487,12.35197964,39802.18133,0.14,0.77,35991.546002862,4.50252057826217,2000.0,2006.0
WC-2006,2006 FIFA Men's World Cup,T-46,Mexico,MEX,round of 16,2006,2006-06-09,2006-07-09,Germany,Italy,32,0,Mexican Football Federation,North America,"Confederation of North, Central American and Caribbean Association Football",CONCACAF,0,0,,4,1,1,2,5,5,1,0,0,11.0,0.0,1.0,MEX,0,0.741,74.331,12.84585953,7.871600151,18146.75435,0.429,0.69,9512.63575346699,28.0919890856832,2000.0,2006.0
WC-2006,2006 FIFA Men's World Cup,T-48,Netherlands,NLD,round of 16,2006,2006-06-09,2006-07-09,Germany,Italy,32,0,Royal Dutch Football Association,Europe,Union of European Football Associations,UEFA,0,0,,4,2,1,1,3,2,0,0,1,14.0,0.0,2.0,NLD,0,0.905,79.838,16.55203056,11.88865519,50729.21449,0.061,0.741,45123.5432406426,6.18449985645535,2000.0,2006.0
WC-2006,2006 FIFA Men's World Cup,T-55,Paraguay,PRY,group stage,2006,2006-06-09,2006-07-09,Germany,Italy,32,0,Paraguayan Football Association,South America,South American Football Confederation,CONMEBOL,0,0,,3,1,0,2,2,2,0,0,0,8.0,0.0,0.0,PRY,0,0.674,70.781,12.56324482,7.069910049,8511.721184,0.515,0.653,2439.43124694576,33.6354249078544,2000.0,2006.0
WC-2006,2006 FIFA Men's World Cup,T-57,Poland,POL,group stage,2006,2006-06-09,2006-07-09,Germany,Italy,32,0,Polish Football Association,Europe,Union of European Football Associations,UEFA,0,0,,3,1,0,2,2,4,0,0,-2,9.0,0.0,1.0,POL,0,0.824,75.284,15.38029957,11.92986679,19507.40701,0.161,0.738,9068.85528307627,9.33731422715587,2000.0,2006.0
WC-2006,2006 FIFA Men's World Cup,T-58,Portugal,PRT,third-place match,2006,2006-06-09,2006-07-09,Germany,Italy,32,0,Portuguese Football Federation,Europe,Union of European Football Associations,UEFA,0,0,4.0,7,5,0,2,7,5,1,1,2,22.0,0.0,2.0,PRT,0,0.819,79.071,15.9773894,7.617310047,30652.50847,0.157,0.723,19839.4540499032,7.15194757001429,2000.0,2006.0
WC-2006,2006 FIFA Men's World Cup,T-63,Saudi Arabia,SAU,group stage,2006,2006-06-09,2006-07-09,Germany,Italy,32,0,Saudi Arabian Football Association,Middle East,Asian Football Confederation,AFC,0,0,,3,0,1,2,2,7,0,0,-5,5.0,0.0,0.0,SAU,0,0.785,74.81,12.90024471,7.998999914,43423.37962,0.755,0.623,17563.6145370639,22.0961626362377,2000.0,2006.0
WC-2006,2006 FIFA Men's World Cup,T-67,Serbia and Montenegro,SCG,group stage,2006,2006-06-09,2006-07-09,Germany,Italy,32,0,Football Association of Serbia and Montenegro,Europe,Union of European Football Associations,UEFA,0,0,,3,0,0,3,2,10,0,0,-8,11.0,1.0,2.0,SRB,1,0.743,73.355,13.38545036,9.389933586,12579.2554,0.255,0.674,4492.7136699046,12.5892048765066,2000.0,2006.0
WC-2006,2006 FIFA Men's World Cup,T-71,South Korea,KOR,group stage,2006,2006-06-09,2006-07-09,Germany,Italy,32,0,Korea Football Association,East Asia,Asian Football Confederation,AFC,0,0,,3,1,1,1,3,4,0,0,-1,9.0,0.0,0.0,KOR,0,0.866,79.075,16.47963905,11.15105033,29901.61423,0.095,0.729,22609.7059431449,7.54817757512849,2000.0,2006.0
WC-2006,2006 FIFA Men's World Cup,T-73,Spain,ESP,round of 16,2006,2006-06-09,2006-07-09,Germany,Italy,32,0,Royal Spanish Football Federation,Europe,Union of European Football Associations,UEFA,0,0,,4,3,0,1,9,4,0,0,5,6.0,0.0,0.0,ESP,0,0.856,80.972,15.93113041,9.02989006,38140.62231,0.125,0.732,28421.686527407,5.42372074559108,2000.0,2006.0
WC-2006,2006 FIFA Men's World Cup,T-74,Sweden,SWE,round of 16,2006,2006-06-09,2006-07-09,Germany,Italy,32,0,Swedish Football Association,Europe,Union of European Football Associations,UEFA,0,0,,4,1,2,1,3,4,0,0,-1,9.0,0.0,1.0,SWE,0,0.907,80.832,15.96051025,12.33154011,48518.03407,0.047,0.793,46531.3762240485,4.09662966290807,2000.0,2006.0
WC-2006,2006 FIFA Men's World Cup,T-75,Switzerland,CHE,round of 16,2006,2006-06-09,2006-07-09,Germany,Italy,32,0,Swiss Football Association,Europe,Union of European Football Associations,UEFA,0,0,,4,2,1,1,4,0,1,1,4,12.0,0.0,0.0,CHE,0,0.913,81.546,15.31324959,11.73888646,67796.79139,0.073,0.765,59011.0324592016,5.63342008636758,2000.0,2006.0
WC-2006,2006 FIFA Men's World Cup,T-77,Togo,TGO,group stage,2006,2006-06-09,2006-07-09,Germany,Italy,32,0,Togolese Football Federation,Africa,Confederation of African Football,CAF,0,0,,3,0,0,3,1,6,0,0,-5,9.0,0.0,1.0,TGO,0,0.452,56.222,10.50580025,3.295574152,1525.607981,0.628,0.446,552.50227125256,119.591887130157,2000.0,2006.0
WC-2006,2006 FIFA Men's World Cup,T-78,Trinidad and Tobago,TTO,group stage,2006,2006-06-09,2006-07-09,Germany,Italy,32,0,Trinidad and Tobago Football Assocaition,Caribbean,"Confederation of North, Central American and Caribbean Association Football",CONCACAF,0,0,,3,0,1,2,0,4,0,0,-4,9.0,0.0,1.0,TTO,0,0.762,71.256,12.05273018,9.959886975,26209.22862,0.347,,14152.6607422113,28.8405901199127,2000.0,2006.0
WC-2006,2006 FIFA Men's World Cup,T-79,Tunisia,TUN,group stage,2006,2006-06-09,2006-07-09,Germany,Italy,32,0,Tunisian Football Federation,Africa,Confederation of African Football,CAF,0,0,,3,0,1,2,3,6,0,0,-3,13.0,0.0,1.0,TUN,0,0.693,74.921,13.77797985,5.978350858,8901.310253,0.317,0.665,3322.56933570096,29.184614609627,2000.0,2006.0
WC-2006,2006 FIFA Men's World Cup,T-81,Ukraine,UKR,quarter-finals,2006,2006-06-09,2006-07-09,Germany,Italy,32,0,Ukrainian Association of Football,Europe,Union of European Football Associations,UEFA,0,0,,5,3,0,2,5,7,1,1,-2,12.0,1.0,1.0,UKR,0,0.752,68.741,14.72169971,11.36281757,11674.10059,0.314,0.695,2366.494140625,18.2873340248585,2000.0,2006.0
WC-2006,2006 FIFA Men's World Cup,T-83,United States,USA,group stage,2006,2006-06-09,2006-07-09,Germany,Italy,32,0,United States Soccer Federation,North America,"Confederation of North, Central American and Caribbean Association Football",CONCACAF,0,0,,3,0,1,2,2,6,0,0,-4,4.0,1.0,2.0,USA,0,0.908,77.839,16.16569567,12.91230011,55812.63757,0.253,0.672,46302.0008800056,8.44940974508615,2000.0,2006.0
WC-2007,2007 FIFA Women's World Cup,T-03,Argentina,ARG,group stage,2007,2007-09-10,2007-09-30,China,Germany,16,1,Argentine Football Association,South America,South American Football Confederation,CONMEBOL,0,0,,3,0,0,3,1,18,0,0,-17,6.0,0.0,1.0,ARG,0,0.817,75.006,16.18906021,10.29859972,21766.02881,0.376,0.752,7185.25155147027,19.3566209323244,2000.0,2007.0
WC-2007,2007 FIFA Women's World Cup,T-04,Australia,AUS,quarter-final,2007,2007-09-10,2007-09-30,China,Germany,16,1,Football Australia,Oceania,Asian Football Confederation,AFC,0,0,,4,1,2,1,9,7,0,0,2,6.0,0.0,0.0,AUS,0,0.916,81.26,21.93150669,11.7118597,42760.18162,0.134,0.667,41128.2476618402,6.19237808174438,2000.0,2007.0
WC-2007,2007 FIFA Women's World Cup,T-09,Brazil,BRA,final,2007,2007-09-10,2007-09-30,China,Germany,16,1,Brazilian Football Confederation,South America,South American Football Confederation,CONMEBOL,0,0,2.0,6,5,0,1,17,4,0,0,13,7.0,0.0,0.0,BRA,0,0.708,72.365,13.71269855,6.501580238,13235.17467,0.465,0.663,7409.69003822861,34.4505214787492,2000.0,2007.0
WC-2007,2007 FIFA Women's World Cup,T-12,Canada,CAN,group stage,2007,2007-09-10,2007-09-30,China,Germany,16,1,Canadian Soccer Association,North America,"Confederation of North, Central American and Caribbean Association Football",CONCACAF,0,0,,3,1,1,1,7,4,0,0,3,2.0,0.0,0.0,CAN,0,0.907,80.549,15.20141029,13.36716785,45203.81481,0.134,0.666,44660.0838892281,6.22855252659155,2000.0,2007.0
WC-2007,2007 FIFA Women's World Cup,T-14,China,CHN,quarter-final,2007,2007-09-10,2007-09-30,China,Germany,16,1,Chinese Football Association,East Asia,Asian Football Confederation,AFC,1,0,,4,2,0,2,5,7,0,0,-2,5.0,0.0,0.0,CHN,0,0.668,74.762,12.20328999,6.487100935,6810.158179,0.264,0.612,2734.72709877693,36.7157122561846,2000.0,2007.0
WC-2007,2007 FIFA Women's World Cup,T-22,Denmark,DNK,group stage,2007,2007-09-10,2007-09-30,China,Germany,16,1,Danish Football Association,Europe,Union of European Football Associations,UEFA,0,0,,3,1,0,2,4,4,0,0,0,3.0,0.0,0.0,DNK,0,0.912,78.348,16.80562973,12.65182018,53832.94619,0.054,0.757,58631.6566433635,5.6340143335809,2000.0,2007.0
WC-2007,2007 FIFA Women's World Cup,T-28,England,ENG,quarter-final,2007,2007-09-10,2007-09-30,China,Germany,16,1,The Football Association,Europe,Union of European Football Associations,UEFA,0,0,,4,1,2,1,8,6,0,0,2,6.0,0.0,0.0,GBR,1,0.897,79.542,15.90275955,12.52824234,43647.09026,0.196,0.773,50629.0799172887,6.54599490555629,2000.0,2007.0
WC-2007,2007 FIFA Women's World Cup,T-31,Germany,DEU,final,2007,2007-09-10,2007-09-30,China,Germany,16,1,Germany Football Association,Europe,Union of European Football Associations,UEFA,0,1,1.0,6,5,1,0,21,0,0,0,21,9.0,0.0,0.0,DEU,0,0.923,79.741,16.66491115,13.68010998,47778.50887,0.105,0.779,42350.9217211489,5.3549718459197,2000.0,2007.0
WC-2007,2007 FIFA Women's World Cup,T-32,Ghana,GHA,group stage,2007,2007-09-10,2007-09-30,China,Germany,16,1,Ghana Football Association,Africa,Confederation of African Football,CAF,0,0,,3,0,0,3,3,15,0,0,-12,5.0,0.0,0.0,GHA,0,0.547,60.224,9.311630249,7.345282425,3212.674142,0.566,0.535,1050.12461524926,100.167390766629,2000.0,2007.0
WC-2007,2007 FIFA Women's World Cup,T-44,Japan,JPN,group stage,2007,2007-09-10,2007-09-30,China,Germany,16,1,Japan Football Association,East Asia,Asian Football Confederation,AFC,0,0,,3,1,1,1,3,4,0,0,-1,2.0,0.0,0.0,JPN,0,0.9,82.554,15.20733411,12.39645963,40496.55099,0.132,0.774,35779.0245416427,4.50252057826217,2000.0,2007.0
WC-2007,2007 FIFA Women's World Cup,T-49,New Zealand,NZL,group stage,2007,2007-09-10,2007-09-30,China,Germany,16,1,New Zealand Football,Oceania,Oceania Football Confederation,OFC,0,0,,3,0,0,3,0,9,0,0,-9,6.0,0.0,0.0,NZL,0,0.919,80.163,18.39530788,13.3354702,36002.05229,0.175,0.757,32479.9817381467,7.38815221143317,2000.0,2007.0
WC-2007,2007 FIFA Women's World Cup,T-50,Nigeria,NGA,group stage,2007,2007-09-10,2007-09-30,China,Germany,16,1,Nigeria Football Federation,Africa,Confederation of African Football,CAF,0,0,,3,0,1,2,1,4,0,0,-3,3.0,0.0,0.0,NGA,0,0.479,50.033,8.649903679,5.559477615,3998.797528,0.67,0.471,1815.52697545827,182.310259129257,2000.0,2007.0
WC-2007,2007 FIFA Women's World Cup,T-51,North Korea,PRK,quarter-final,2007,2007-09-10,2007-09-30,China,Germany,16,1,Democratic People's Republic of Korea Football Association,East Asia,Asian Football Confederation,AFC,0,0,,4,1,1,2,5,7,0,0,-2,5.0,0.0,0.0,PRK,0,,68.911,,,,,,,100.234645477663,2000.0,2007.0
WC-2007,2007 FIFA Women's World Cup,T-53,Norway,NOR,third-place match,2007,2007-09-10,2007-09-30,China,Germany,16,1,Norwegian Football Federation,Europe,Union of European Football Associations,UEFA,0,0,4.0,6,3,1,2,12,11,0,0,1,4.0,0.0,0.0,NOR,0,0.936,80.503,17.54254913,12.40898037,64317.5992,0.077,0.747,85502.2677087731,4.85740011098321,2000.0,2007.0
WC-2007,2007 FIFA Women's World Cup,T-74,Sweden,SWE,group stage,2007,2007-09-10,2007-09-30,China,Germany,16,1,Swedish Football Association,Europe,Union of European Football Associations,UEFA,0,0,,3,1,1,1,3,4,0,0,-1,5.0,0.0,0.0,SWE,0,0.909,80.97,15.81301022,12.40091991,50017.76529,0.047,0.791,53568.3057787832,4.09662966290807,2000.0,2007.0
WC-2007,2007 FIFA Women's World Cup,T-83,United States,USA,third-place match,2007,2007-09-10,2007-09-30,China,Germany,16,1,United States Soccer Federation,North America,"Confederation of North, Central American and Caribbean Association Football",CONCACAF,0,0,3.0,6,4,1,1,12,7,0,0,5,5.0,0.0,1.0,USA,0,0.911,78.1,16.22329044,12.95113516,56576.64545,0.253,0.681,48050.2237771135,8.44940974508615,2000.0,2007.0
WC-2010,2010 FIFA Men's World Cup,T-01,Algeria,DZA,group stage,2010,2010-06-11,2010-07-11,South Africa,Spain,32,0,Algerian Football Federation,Africa,Confederation of African Football,CAF,0,0,,3,0,1,2,0,2,0,0,-2,6.0,0.0,2.0,DZA,0,0.721,73.808,14.23808002,7.319896221,10955.31455,0.517,0.68,4912.78585503672,41.5983290304524,2000.0,2010.0
WC-2010,2010 FIFA Men's World Cup,T-03,Argentina,ARG,quarter-finals,2010,2010-06-11,2010-07-11,South Africa,Spain,32,0,Argentine Football Association,South America,South American Football Confederation,CONMEBOL,0,0,,5,4,0,1,10,6,0,0,4,7.0,0.0,0.0,ARG,0,0.834,75.721,17.02877998,10.59963989,22733.14315,0.372,0.768,10260.1313108254,19.3566209323244,2000.0,2010.0
WC-2010,2010 FIFA Men's World Cup,T-04,Australia,AUS,group stage,2010,2010-06-11,2010-07-11,South Africa,Spain,32,0,Football Australia,Oceania,Asian Football Confederation,AFC,0,0,,3,1,1,1,3,6,0,0,-3,7.0,2.0,2.0,AUS,0,0.924,82.055,22.42507193,12.03444004,43158.47472,0.136,0.683,52313.8939041213,6.19237808174438,2000.0,2010.0
WC-2010,2010 FIFA Men's World Cup,T-09,Brazil,BRA,quarter-finals,2010,2010-06-11,2010-07-11,South Africa,Spain,32,0,Brazilian Football Confederation,South America,South American Football Confederation,CONMEBOL,0,0,,5,3,1,1,9,4,0,0,5,8.0,1.0,2.0,BRA,0,0.722,73.182,13.85631856,6.878170013,14364.74082,0.448,0.666,11403.2840038694,34.4505214787492,2000.0,2010.0
WC-2010,2010 FIFA Men's World Cup,T-11,Cameroon,CMR,group stage,2010,2010-06-11,2010-07-11,South Africa,Spain,32,0,Cameroonian Football Federation,Africa,Confederation of African Football,CAF,0,0,,3,0,0,3,2,5,0,0,-3,5.0,0.0,0.0,CMR,0,0.515,56.582,10.37228012,5.203209877,3267.73722,0.62,0.507,1398.58702025047,144.44860697042,2000.0,2010.0
WC-2010,2010 FIFA Men's World Cup,T-13,Chile,CHL,round of 16,2010,2010-06-11,2010-07-11,South Africa,Spain,32,0,Football Federation of Chile,South America,South American Football Confederation,CONMEBOL,0,0,,4,2,0,2,3,5,0,0,-2,14.0,0.0,1.0,CHL,0,0.813,78.501,15.09842968,9.85243988,19825.32272,0.351,0.75,12632.8704724192,10.9380476804024,2000.0,2010.0
WC-2010,2010 FIFA Men's World Cup,T-22,Denmark,DNK,group stage,2010,2010-06-11,2010-07-11,South Africa,Spain,32,0,Danish Football Association,Europe,Union of European Football Associations,UEFA,0,0,,3,1,0,2,3,6,0,0,-3,6.0,0.0,0.0,DNK,0,0.913,79.246,16.89028931,12.42588997,51653.70093,0.049,0.784,58104.5445594981,5.6340143335809,2000.0,2010.0
WC-2010,2010 FIFA Men's World Cup,T-28,England,ENG,round of 16,2010,2010-06-11,2010-07-11,South Africa,Spain,32,0,The Football Association,Europe,Union of European Football Associations,UEFA,0,0,,4,1,2,1,3,5,0,0,-2,6.0,0.0,0.0,GBR,1,0.913,80.401,16.45912933,13.21277046,42040.60613,0.179,0.81,39778.3220528565,6.54599490555629,2000.0,2010.0
WC-2010,2010 FIFA Men's World Cup,T-30,France,FRA,group stage,2010,2010-06-11,2010-07-11,South Africa,Spain,32,0,French Football Association,Europe,Union of European Football Associations,UEFA,0,0,,3,0,1,2,1,4,0,0,-3,6.0,1.0,1.0,FRA,0,0.88,81.427,15.38066006,10.7787199,43113.32034,0.129,0.786,40694.8211697025,5.37918425539061,2000.0,2010.0
WC-2010,2010 FIFA Men's World Cup,T-31,Germany,DEU,third-place match,2010,2010-06-11,2010-07-11,South Africa,Spain,32,0,Germany Football Association,Europe,Union of European Football Associations,UEFA,0,0,3.0,7,5,0,2,16,5,0,0,11,12.0,0.0,1.0,DEU,0,0.929,80.086,16.87987036,13.85177994,47933.86372,0.096,0.792,42396.9665976293,5.3549718459197,2000.0,2010.0
WC-2010,2010 FIFA Men's World Cup,T-32,Ghana,GHA,quarter-finals,2010,2010-06-11,2010-07-11,South Africa,Spain,32,0,Ghana Football Association,Africa,Confederation of African Football,CAF,0,0,,5,2,1,2,5,4,2,1,1,11.0,0.0,0.0,GHA,0,0.571,61.157,10.34964466,7.580780029,3640.64144,0.57,0.558,1263.89251760539,100.167390766629,2000.0,2010.0
WC-2010,2010 FIFA Men's World Cup,T-33,Greece,GRC,group stage,2010,2010-06-11,2010-07-11,South Africa,Spain,32,0,Hellenic Football Associaiton,Europe,Union of European Football Associations,UEFA,0,0,,3,1,0,2,2,5,0,0,-3,5.0,0.0,0.0,GRC,0,0.874,80.51,17.18317986,10.20827007,32958.91976,0.153,0.755,26653.0488008626,6.40891981069982,2000.0,2010.0
WC-2010,2010 FIFA Men's World Cup,T-35,Honduras,HND,group stage,2010,2010-06-11,2010-07-11,South Africa,Spain,32,0,National Autonomous Federation of Football of Honduras,Central America,"Confederation of North, Central American and Caribbean Association Football",CONCACAF,0,0,,3,0,1,2,0,3,0,0,-3,7.0,0.0,0.0,HND,0,0.596,71.088,10.24754047,5.425169826,4574.168511,0.467,0.582,1893.32722662035,37.3049824197461,2000.0,2010.0
WC-2010,2010 FIFA Men's World Cup,T-41,Italy,ITA,group stage,2010,2010-06-11,2010-07-11,South Africa,Spain,32,0,Italian Football Association,Europe,Union of European Football Associations,UEFA,0,0,,3,0,2,1,4,5,0,0,-1,5.0,0.0,0.0,ITA,0,0.88,82.137,16.23369026,9.82297039,42573.45431,0.123,0.777,35856.8625485539,5.56620309176568,2000.0,2010.0
WC-2010,2010 FIFA Men's World Cup,T-42,Ivory Coast,CIV,group stage,2010,2010-06-11,2010-07-11,South Africa,Spain,32,0,Ivorian Football Federation,Africa,Confederation of African Football,CAF,0,0,,3,1,1,1,4,3,0,0,1,5.0,0.0,0.0,CIV,0,0.47,55.023,7.770457713,5.166125059,2670.426555,0.639,,1553.54887048143,140.502104783565,2000.0,2010.0
WC-2010,2010 FIFA Men's World Cup,T-44,Japan,JPN,round of 16,2010,2010-06-11,2010-07-11,South Africa,Spain,32,0,Japan Football Association,East Asia,Asian Football Confederation,AFC,0,0,,4,2,0,2,4,2,1,1,2,7.0,0.0,0.0,JPN,0,0.903,82.919,15.30135182,12.5298996,39084.56514,0.117,0.783,44968.1562349739,4.50252057826217,2000.0,2010.0
WC-2010,2010 FIFA Men's World Cup,T-46,Mexico,MEX,round of 16,2010,2010-06-11,2010-07-11,South Africa,Spain,32,0,Mexican Football Federation,North America,"Confederation of North, Central American and Caribbean Association Football",CONCACAF,0,0,,4,1,1,2,4,5,0,0,-1,9.0,0.0,0.0,MEX,0,0.747,74.19,13.42037964,8.005069733,17819.56652,0.417,0.7,9728.80078377082,28.0919890856832,2000.0,2010.0
WC-2010,2010 FIFA Men's World Cup,T-48,Netherlands,NLD,final,2010,2010-06-11,2010-07-11,South Africa,Spain,32,0,Royal Dutch Football Association,Europe,Union of European Football Associations,UEFA,0,0,2.0,7,6,0,1,12,6,1,0,6,23.0,0.0,1.0,NLD,0,0.917,80.819,17.01534081,11.98348045,51571.06331,0.052,0.754,51305.7338533973,6.18449985645535,2000.0,2010.0
WC-2010,2010 FIFA Men's World Cup,T-49,New Zealand,NZL,group stage,2010,2010-06-11,2010-07-11,South Africa,Spain,32,0,New Zealand Football,Oceania,Oceania Football Confederation,OFC,0,0,,3,0,3,0,2,2,0,0,0,6.0,0.0,0.0,NZL,0,0.924,81.102,18.78325384,13.37765026,35762.12254,0.166,0.787,33761.9009639947,7.38815221143317,2000.0,2010.0
WC-2010,2010 FIFA Men's World Cup,T-50,Nigeria,NGA,group stage,2010,2010-06-11,2010-07-11,South Africa,Spain,32,0,Nigeria Football Federation,Africa,Confederation of African Football,CAF,0,0,,3,0,1,2,3,5,0,0,-2,5.0,1.0,1.0,NGA,0,0.488,50.945,8.181969643,5.839596653,4565.006426,0.67,0.479,2202.25672957344,182.310259129257,2000.0,2010.0
WC-2010,2010 FIFA Men's World Cup,T-51,North Korea,PRK,group stage,2010,2010-06-11,2010-07-11,South Africa,Spain,32,0,Democratic People's Republic of Korea Football Association,East Asia,Asian Football Confederation,AFC,0,0,,3,0,0,3,1,12,0,0,-11,2.0,0.0,0.0,PRK,0,,70.419,,,,,,,100.234645477663,2000.0,2010.0
WC-2010,2010 FIFA Men's World Cup,T-55,Paraguay,PRY,quarter-finals,2010,2010-06-11,2010-07-11,South Africa,Spain,32,0,Paraguayan Football Association,South America,South American Football Confederation,CONMEBOL,0,0,,5,2,2,1,3,2,1,1,1,9.0,0.0,0.0,PRY,0,0.7,71.887,13.17776012,7.280279954,10686.0445,0.484,0.66,4750.96273669458,33.6354249078544,2000.0,2010.0
WC-2010,2010 FIFA Men's World Cup,T-58,Portugal,PRT,round of 16,2010,2010-06-11,2010-07-11,South Africa,Spain,32,0,Portuguese Football Federation,Europe,Union of European Football Associations,UEFA,0,0,,4,1,2,1,7,1,0,0,6,8.0,1.0,1.0,PRT,0,0.831,80.035,16.15837175,8.058150291,30806.19023,0.127,0.749,22551.935098809,7.15194757001429,2000.0,2010.0
WC-2010,2010 FIFA Men's World Cup,T-66,Serbia,SRB,group stage,2010,2010-06-11,2010-07-11,South Africa,Spain,32,0,Football Association of Serbia,Europe,Union of European Football Associations,UEFA,0,0,,3,1,0,2,2,3,0,0,-1,9.0,0.0,1.0,SRB,0,0.768,74.375,13.54881954,10.37370968,14206.5076,0.207,0.703,5970.92660940072,12.5892048765066,2000.0,2010.0
WC-2010,2010 FIFA Men's World Cup,T-68,Slovakia,SVK,round of 16,2010,2010-06-11,2010-07-11,South Africa,Spain,32,0,Slovak Football Association,Europe,Union of European Football Associations,UEFA,0,0,,4,1,1,2,5,7,0,0,-2,12.0,0.0,0.0,SVK,0,0.841,75.495,15.26029968,12.27445889,25132.30897,0.203,0.76,16899.448680529,9.64730121978485,2000.0,2010.0
WC-2010,2010 FIFA Men's World Cup,T-69,Slovenia,SVN,group stage,2010,2010-06-11,2010-07-11,South Africa,Spain,32,0,Football Association of Slovenia,Europe,Union of European Football Associations,UEFA,0,0,,3,1,1,1,3,3,0,0,0,9.0,0.0,0.0,SVN,0,0.89,79.704,17.08004951,12.05920029,32910.74506,0.128,0.778,23329.8417691156,5.4454222218647,2000.0,2010.0
WC-2010,2010 FIFA Men's World Cup,T-70,South Africa,ZAF,group stage,2010,2010-06-11,2010-07-11,South Africa,Spain,32,0,South African Football Associaiton,Africa,Confederation of African Football,CAF,1,0,,3,1,1,1,3,5,0,0,-2,4.0,1.0,1.0,ZAF,0,0.675,58.899,13.49988567,9.669320107,13208.48997,0.456,0.616,7973.47195771517,71.0658259726498,2000.0,2010.0
WC-2010,2010 FIFA Men's World Cup,T-71,South Korea,KOR,round of 16,2010,2010-06-11,2010-07-11,South Africa,Spain,32,0,Korea Football Association,East Asia,Asian Football Confederation,AFC,0,0,,4,1,1,2,6,8,0,0,-2,6.0,0.0,0.0,KOR,0,0.89,80.763,16.7948494,11.6382103,34443.54124,0.095,0.746,24071.2620526362,7.54817757512849,2000.0,2010.0
WC-2010,2010 FIFA Men's World Cup,T-73,Spain,ESP,final,2010,2010-06-11,2010-07-11,South Africa,Spain,32,0,Royal Spanish Football Federation,Europe,Union of European Football Associations,UEFA,0,1,1.0,7,6,0,1,8,2,1,0,6,8.0,0.0,0.0,ESP,0,0.868,82.021,16.40280914,9.363030434,36770.26414,0.105,0.782,30658.7422282912,5.42372074559108,2000.0,2010.0
WC-2010,2010 FIFA Men's World Cup,T-75,Switzerland,CHE,group stage,2010,2010-06-11,2010-07-11,South Africa,Spain,32,0,Swiss Football Association,Europe,Union of European Football Associations,UEFA,0,0,,3,1,1,1,1,1,0,0,0,8.0,1.0,1.0,CHE,0,0.94,82.283,15.6798296,13.32365036,68652.04955,0.057,0.788,76531.3729407691,5.63342008636758,2000.0,2010.0
WC-2010,2010 FIFA Men's World Cup,T-83,United States,USA,round of 16,2010,2010-06-11,2010-07-11,South Africa,Spain,32,0,United States Soccer Federation,North America,"Confederation of North, Central American and Caribbean Association Football",CONCACAF,0,0,,4,1,2,1,5,5,1,0,0,9.0,0.0,0.0,USA,0,0.916,78.772,16.39607477,13.05183983,55567.74452,0.244,0.719,48642.6100179312,8.44940974508615,2000.0,2010.0
WC-2010,2010 FIFA Men's World Cup,T-84,Uruguay,URY,third-place match,2010,2010-06-11,2010-07-11,South Africa,Spain,32,0,Uruguayan Football Association,South America,South American Football Confederation,CONMEBOL,0,0,4.0,7,4,1,2,11,8,1,1,3,10.0,1.0,2.0,URY,0,0.785,76.858,15.15231991,8.327150345,18877.61386,0.324,0.69,12641.0576849008,17.002095042035,2000.0,2010.0
WC-2011,2011 FIFA Women's World Cup,T-04,Australia,AUS,quarter-final,2011,2011-06-26,2011-07-17,Germany,Japan,16,1,Football Australia,Oceania,Asian Football Confederation,AFC,0,0,,4,2,0,2,6,7,0,0,-1,5.0,0.0,0.0,AUS,0,0.927,82.134,22.58959368,12.11583996,44610.72803,0.131,0.682,62799.3895017032,6.19237808174438,2000.0,2011.0
WC-2011,2011 FIFA Women's World Cup,T-09,Brazil,BRA,quarter-final,2011,2011-06-26,2011-07-17,Germany,Japan,16,1,Brazilian Football Confederation,South America,South American Football Confederation,CONMEBOL,0,0,,4,3,0,1,9,2,1,1,7,7.0,0.0,0.0,BRA,0,0.727,73.343,13.90452539,7.006090164,14873.19706,0.447,0.665,13396.6263158041,34.4505214787492,2000.0,2011.0
WC-2011,2011 FIFA Women's World Cup,T-12,Canada,CAN,group stage,2011,2011-06-26,2011-07-17,Germany,Japan,16,1,Canadian Soccer Association,North America,"Confederation of North, Central American and Caribbean Association Football",CONCACAF,0,0,,3,0,0,3,1,7,0,0,-6,1.0,0.0,0.0,CAN,0,0.914,81.529,15.24262047,13.56276035,44935.53634,0.128,0.673,52223.8588398531,6.22855252659155,2000.0,2011.0
WC-2011,2011 FIFA Women's World Cup,T-16,Colombia,COL,group stage,2011,2011-06-26,2011-07-17,Germany,Japan,16,1,Colombia Football Federation,South America,South American Football Confederation,CONMEBOL,0,0,,3,0,1,2,0,4,0,0,-4,,,,COL,0,0.738,75.32,14.50032043,7.518929958,12027.97526,0.452,0.708,7400.9940695669,25.0840399855096,2000.0,2011.0
WC-2011,2011 FIFA Women's World Cup,T-28,England,ENG,quarter-final,2011,2011-06-26,2011-07-17,Germany,Japan,16,1,The Football Association,Europe,Union of European Football Associations,UEFA,0,0,,4,2,1,1,6,3,1,1,3,5.0,0.0,0.0,GBR,1,0.909,80.805,15.77952957,13.18756962,42314.41137,0.169,0.811,42295.9273835322,6.54599490555629,2000.0,2011.0
WC-2011,2011 FIFA Women's World Cup,T-29,Equatorial Guinea,GNQ,group stage,2011,2011-06-26,2011-07-17,Germany,Japan,16,1,Equatoguinean Football Federation,Africa,Confederation of African Football,CAF,0,0,,3,0,0,3,2,7,0,0,-5,6.0,0.0,0.0,GNQ,0,0.618,58.412,9.415403133,7.466370009,17559.69006,,0.572,17198.2136668275,155.908909711243,2000.0,2011.0
WC-2011,2011 FIFA Women's World Cup,T-30,France,FRA,third-place match,2011,2011-06-26,2011-07-17,Germany,Japan,16,1,French Football Association,Europe,Union of European Football Associations,UEFA,0,0,4.0,6,3,0,3,10,10,1,1,0,5.0,1.0,1.0,FRA,0,0.884,81.813,15.4170599,10.85153961,43984.14355,0.126,0.791,43929.7840873812,5.37918425539061,2000.0,2011.0
WC-2011,2011 FIFA Women's World Cup,T-31,Germany,DEU,quarter-final,2011,2011-06-26,2011-07-17,Germany,Japan,16,1,Germany Football Association,Europe,Union of European Football Associations,UEFA,1,0,,4,3,0,1,7,4,1,0,3,6.0,0.0,0.0,DEU,0,0.935,80.36,16.95152342,13.93054962,51009.63457,0.09,0.797,47630.9761883572,5.3549718459197,2000.0,2011.0
WC-2011,2011 FIFA Women's World Cup,T-44,Japan,JPN,final,2011,2011-06-26,2011-07-17,Germany,Japan,16,1,Japan Football Association,East Asia,Asian Football Confederation,AFC,0,1,1.0,6,5,0,1,12,6,2,1,6,4.0,0.0,0.0,JPN,0,0.902,82.676,15.33269106,12.54383268,39246.80947,0.116,0.777,48760.0789494211,4.50252057826217,2000.0,2011.0
WC-2011,2011 FIFA Women's World Cup,T-46,Mexico,MEX,group stage,2011,2011-06-26,2011-07-17,Germany,Japan,16,1,Mexican Football Federation,North America,"Confederation of North, Central American and Caribbean Association Football",CONCACAF,0,0,,3,0,2,1,3,7,0,0,-4,2.0,0.0,0.0,MEX,0,0.753,74.365,13.46401978,8.247494698,18134.34709,0.413,0.704,10664.4944032313,28.0919890856832,2000.0,2011.0
WC-2011,2011 FIFA Women's World Cup,T-49,New Zealand,NZL,group stage,2011,2011-06-26,2011-07-17,Germany,Japan,16,1,New Zealand Football,Oceania,Oceania Football Confederation,OFC,0,0,,3,0,1,2,4,6,0,0,-2,4.0,0.0,0.0,NZL,0,0.924,80.886,18.91256916,13.39171028,36428.07982,0.163,0.781,38431.7766788499,7.38815221143317,2000.0,2011.0
WC-2011,2011 FIFA Women's World Cup,T-50,Nigeria,NGA,group stage,2011,2011-06-26,2011-07-17,Germany,Japan,16,1,Nigeria Football Federation,Africa,Confederation of African Football,CAF,0,0,,3,1,0,2,1,2,0,0,-1,2.0,0.0,0.0,NGA,0,0.494,51.357,8.470709801,5.87528429,4682.3148,0.674,0.485,2418.41316975875,182.310259129257,2000.0,2011.0
WC-2011,2011 FIFA Women's World Cup,T-51,North Korea,PRK,group stage,2011,2011-06-26,2011-07-17,Germany,Japan,16,1,Democratic People's Republic of Korea Football Association,East Asia,Asian Football Confederation,AFC,0,0,,3,0,1,2,0,3,0,0,-3,,,,PRK,0,,70.978,,,,,,,100.234645477663,2000.0,2011.0
WC-2011,2011 FIFA Women's World Cup,T-53,Norway,NOR,group stage,2011,2011-06-26,2011-07-17,Germany,Japan,16,1,Norwegian Football Federation,Europe,Union of European Football Associations,UEFA,0,0,,3,1,0,2,2,5,0,0,-3,3.0,0.0,0.0,NOR,0,0.94,81.243,17.52289963,12.60601044,62216.95809,0.061,0.773,101221.813476644,4.85740011098321,2000.0,2011.0
WC-2011,2011 FIFA Women's World Cup,T-74,Sweden,SWE,third-place match,2011,2011-06-26,2011-07-17,Germany,Japan,16,1,Swedish Football Association,Europe,Union of European Football Associations,UEFA,0,0,3.0,6,5,0,1,10,6,0,0,4,6.0,1.0,1.0,SWE,0,0.912,81.758,15.87300014,12.27527046,49948.03571,0.051,0.799,60379.4814599322,4.09662966290807,2000.0,2011.0
WC-2011,2011 FIFA Women's World Cup,T-83,United States,USA,final,2011,2011-06-26,2011-07-17,Germany,Japan,16,1,United States Soccer Federation,North America,"Confederation of North, Central American and Caribbean Association Football",CONCACAF,0,0,2.0,6,4,0,2,13,7,2,2,6,6.0,1.0,1.0,USA,0,0.918,78.82,16.45366955,13.10287952,56104.46423,0.243,0.727,50024.868799398,8.44940974508615,2000.0,2011.0
WC-2014,2014 FIFA Men's World Cup,T-01,Algeria,DZA,round of 16,2014,2014-06-12,2014-07-13,Brazil,Germany,32,0,Algerian Football Federation,Africa,Confederation of African Football,CAF,0,0,,4,1,1,2,7,7,1,0,0,6.0,0.0,0.0,DZA,0,0.732,75.11,14.74518871,7.186728954,11289.71929,0.417,0.689,6094.69392314956,22.0007752577279,2023.0,2014.0
WC-2014,2014 FIFA Men's World Cup,T-03,Argentina,ARG,final,2014,2014-06-12,2014-07-13,Brazil,Germany,32,0,Argentine Football Association,South America,South American Football Confederation,CONMEBOL,0,0,2.0,7,6,0,1,8,4,3,1,4,8.0,0.0,0.0,ARG,0,0.847,76.755,17.42231941,10.90851021,23086.01735,0.349,0.774,12233.1444119186,9.64850748979662,2023.0,2014.0
WC-2014,2014 FIFA Men's World Cup,T-04,Australia,AUS,group stage,2014,2014-06-12,2014-07-13,Brazil,Germany,32,0,Football Australia,Oceania,Asian Football Confederation,AFC,0,0,,3,0,0,3,3,9,0,0,-6,6.0,0.0,0.0,AUS,0,0.931,82.568,23.08315892,12.16699982,46153.7987,0.117,0.698,62817.2061751737,3.66551302275429,2023.0,2014.0
WC-2014,2014 FIFA Men's World Cup,T-06,Belgium,BEL,quarter-finals,2014,2014-06-12,2014-07-13,Brazil,Germany,32,0,Royal Belgian Football Association,Europe,Union of European Football Associations,UEFA,0,0,,5,4,0,1,6,3,1,0,3,7.0,1.0,1.0,BEL,0,0.922,81.081,19.70776939,11.64029026,49762.82526,0.068,0.784,47995.7786961339,3.60260920510039,2023.0,2014.0
WC-2014,2014 FIFA Men's World Cup,T-08,Bosnia and Herzegovina,BIH,group stage,2014,2014-06-12,2014-07-13,Brazil,Germany,32,0,Football Association of Bosnia and Herzegovina,Europe,Union of European Football Associations,UEFA,0,0,,3,1,0,2,4,4,0,0,0,3.0,0.0,0.0,BIH,0,0.751,75.659,13.64599991,9.194009781,11864.1027,0.167,0.693,5206.06573475132,6.04210838863635,2023.0,2014.0
WC-2014,2014 FIFA Men's World Cup,T-09,Brazil,BRA,third-place match,2014,2014-06-12,2014-07-13,Brazil,Germany,32,0,Brazilian Football Confederation,South America,South American Football Confederation,CONMEBOL,1,0,4.0,7,4,1,2,11,14,1,1,-3,14.0,0.0,0.0,BRA,0,0.753,74.306,15.36814022,7.379069805,15401.04098,0.44,0.688,12274.9941630213,14.4415264259814,2023.0,2014.0
WC-2014,2014 FIFA Men's World Cup,T-11,Cameroon,CMR,group stage,2014,2014-06-12,2014-07-13,Brazil,Germany,32,0,Cameroonian Football Federation,Africa,Confederation of African Football,CAF,0,0,,3,0,0,3,1,9,0,0,-8,4.0,1.0,1.0,CMR,0,0.553,58.935,11.93564034,5.811460018,3502.030877,0.576,0.544,1649.4433905949,67.2353405456744,2023.0,2014.0
WC-2014,2014 FIFA Men's World Cup,T-13,Chile,CHL,round of 16,2014,2014-06-12,2014-07-13,Brazil,Germany,32,0,Football Federation of Chile,South America,South American Football Confederation,CONMEBOL,0,0,,4,2,0,2,6,4,1,1,2,7.0,0.0,0.0,CHL,0,0.841,79.473,16.26062965,10.13243484,23148.29938,0.293,0.777,14529.6767206336,7.16415210639038,2023.0,2014.0
WC-2014,2014 FIFA Men's World Cup,T-16,Colombia,COL,quarter-finals,2014,2014-06-12,2014-07-13,Brazil,Germany,32,0,Colombia Football Federation,South America,South American Football Confederation,CONMEBOL,0,0,,5,4,0,1,12,4,0,0,8,5.0,0.0,0.0,COL,0,0.755,76.043,14.60217953,7.992390156,13531.03522,0.421,0.719,8187.20824890084,12.028780178557,2023.0,2014.0
WC-2014,2014 FIFA Men's World Cup,T-17,Costa Rica,CRI,quarter-finals,2014,2014-06-12,2014-07-13,Brazil,Germany,32,0,Costa Rican Football Federation,Central America,"Confederation of North, Central American and Caribbean Association Football",CONCACAF,0,0,,5,3,1,1,5,2,2,2,3,11.0,0.0,1.0,CRI,0,0.79,78.774,14.63490963,8.750249863,17749.45381,0.302,0.747,10911.497878334,10.459823886318,2023.0,2014.0
WC-2014,2014 FIFA Men's World Cup,T-18,Croatia,HRV,group stage,2014,2014-06-12,2014-07-13,Brazil,Germany,32,0,Croatian Football Federation,Europe,Union of European Football Associations,UEFA,0,0,,3,1,0,2,6,6,0,0,0,4.0,1.0,1.0,HRV,0,0.842,77.953,15.35783005,11.5256223,23763.86638,0.118,0.776,14186.7295493276,4.56840290804215,2023.0,2014.0
WC-2014,2014 FIFA Men's World Cup,T-25,Ecuador,ECU,group stage,2014,2014-06-12,2014-07-13,Brazil,Germany,32,0,Ecuadorian Football Federation,South America,South American Football Confederation,CONMEBOL,0,0,,3,1,1,1,3,3,0,0,0,5.0,1.0,1.0,ECU,0,0.759,76.622,15.00487995,8.361359596,11882.95575,0.396,0.72,6405.79979300441,13.0549329900104,2023.0,2014.0
WC-2014,2014 FIFA Men's World Cup,T-28,England,ENG,group stage,2014,2014-06-12,2014-07-13,Brazil,Germany,32,0,The Football Association,Europe,Union of European Football Associations,UEFA,0,0,,3,0,1,2,2,4,0,0,-2,4.0,0.0,0.0,GBR,1,0.924,81.16,17.50185966,12.88897991,43207.87438,0.144,0.823,47746.2421759562,4.45700917956078,2023.0,2014.0
WC-2014,2014 FIFA Men's World Cup,T-30,France,FRA,quarter-finals,2014,2014-06-12,2014-07-13,Brazil,Germany,32,0,French Football Association,Europe,Union of European Football Associations,UEFA,0,0,,5,3,1,1,10,3,0,0,7,5.0,0.0,0.0,FRA,0,0.892,82.476,15.44229031,11.22550011,43945.59701,0.103,0.805,43148.0459288416,4.32146435845036,2023.0,2014.0
WC-2014,2014 FIFA Men's World Cup,T-31,Germany,DEU,final,2014,2014-06-12,2014-07-13,Brazil,Germany,32,0,Germany Football Association,Europe,Union of European Football Associations,UEFA,0,1,1.0,7,6,1,0,18,4,2,0,14,6.0,0.0,0.0,DEU,0,0.942,80.915,17.11840057,14.03711987,51852.20271,0.078,0.807,48959.5991203133,3.65013704194822,2023.0,2014.0
WC-2014,2014 FIFA Men's World Cup,T-32,Ghana,GHA,group stage,2014,2014-06-12,2014-07-13,Brazil,Germany,32,0,Ghana Football Association,Africa,Confederation of African Football,CAF,0,0,,3,0,1,2,4,6,0,0,-2,6.0,0.0,0.0,GHA,0,0.582,63.045,10.72198963,6.746334348,4380.781895,0.545,0.568,1949.90832923846,37.0640028290563,2023.0,2014.0
WC-2014,2014 FIFA Men's World Cup,T-33,Greece,GRC,round of 16,2014,2014-06-12,2014-07-13,Brazil,Germany,32,0,Hellenic Football Associaiton,Europe,Union of European Football Associations,UEFA,0,0,,4,1,1,2,3,5,1,1,-2,7.0,0.0,1.0,GRC,0,0.879,81.007,17.86989975,10.59597969,28309.77422,0.119,0.788,21474.7257123892,3.74471124257334,2023.0,2014.0
WC-2014,2014 FIFA Men's World Cup,T-35,Honduras,HND,group stage,2014,2014-06-12,2014-07-13,Brazil,Germany,32,0,National Autonomous Federation of Football of Honduras,Central America,"Confederation of North, Central American and Caribbean Association Football",CONCACAF,0,0,,3,0,0,3,1,8,0,0,-7,6.0,0.0,1.0,HND,0,0.603,72.259,9.511977939,6.175799847,4693.282337,0.43,0.589,2179.88171977271,15.5105947245687,2023.0,2014.0
WC-2014,2014 FIFA Men's World Cup,T-38,Iran,IRN,group stage,2014,2014-06-12,2014-07-13,Brazil,Germany,32,0,Football Federation Islamic Republic of Iran,Middle East,Asian Football Confederation,AFC,0,0,,3,0,1,2,1,4,0,0,-3,4.0,0.0,0.0,IRN,0,0.783,74.782,15.11425972,10.11600018,14620.21042,0.539,0.719,5672.06372896319,11.7733135336402,2023.0,2014.0
WC-2014,2014 FIFA Men's World Cup,T-41,Italy,ITA,group stage,2014,2014-06-12,2014-07-13,Brazil,Germany,32,0,Italian Football Association,Europe,Union of European Football Associations,UEFA,0,0,,3,1,0,2,2,3,0,0,-1,3.0,1.0,1.0,ITA,0,0.882,82.908,15.96397972,10.22185993,39901.02249,0.082,0.798,36028.3494022349,2.75590246778776,2023.0,2014.0
WC-2014,2014 FIFA Men's World Cup,T-42,Ivory Coast,CIV,group stage,2014,2014-06-12,2014-07-13,Brazil,Germany,32,0,Ivorian Football Federation,Africa,Confederation of African Football,CAF,0,0,,3,1,0,2,4,5,0,0,-1,7.0,0.0,0.0,CIV,0,0.499,57.208,8.283729553,4.677680016,4155.854098,0.627,,1991.36539423404,67.1289060913335,2023.0,2014.0
WC-2014,2014 FIFA Men's World Cup,T-44,Japan,JPN,group stage,2014,2014-06-12,2014-07-13,Brazil,Germany,32,0,Japan Football Association,East Asia,Asian Football Confederation,AFC,0,0,,3,0,1,2,2,6,0,0,-4,4.0,0.0,0.0,JPN,0,0.91,83.653,15.40052986,12.58563194,41190.30434,0.127,0.784,38475.3952461838,2.36329370011246,2023.0,2014.0
WC-2014,2014 FIFA Men's World Cup,T-46,Mexico,MEX,round of 16,2014,2014-06-12,2014-07-13,Brazil,Germany,32,0,Mexican Football Federation,North America,"Confederation of North, Central American and Caribbean Association Football",CONCACAF,0,0,,4,2,1,1,5,3,0,0,2,8.0,0.0,0.0,MEX,0,0.765,74.797,14.08321953,8.403470039,18671.64772,0.386,0.715,11391.3773497683,12.4590753638058,2023.0,2014.0
WC-2014,2014 FIFA Men's World Cup,T-48,Netherlands,NLD,third-place match,2014,2014-06-12,2014-07-13,Brazil,Germany,32,0,Royal Dutch Football Association,Europe,Union of European Football Associations,UEFA,0,0,3.0,7,6,0,1,15,4,2,2,11,11.0,0.0,0.0,NLD,0,0.931,81.642,18.15981293,12.09368992,51664.46399,0.038,0.787,53457.2234864322,3.95729864744157,2023.0,2014.0
WC-2014,2014 FIFA Men's World Cup,T-50,Nigeria,NGA,round of 16,2014,2014-06-12,2014-07-13,Brazil,Germany,32,0,Nigeria Football Federation,Africa,Confederation of African Football,CAF,0,0,,4,1,1,2,3,5,0,0,-2,3.0,0.0,0.0,NGA,0,0.513,51.791,9.099665233,6.296143055,5223.10365,0.677,0.503,3088.72131316169,104.90961558358,2023.0,2014.0
WC-2014,2014 FIFA Men's World Cup,T-58,Portugal,PRT,group stage,2014,2014-06-12,2014-07-13,Brazil,Germany,32,0,Portuguese Football Federation,Europe,Union of European Football Associations,UEFA,0,0,,3,1,1,1,4,7,0,0,-3,2.0,1.0,1.0,PRT,0,0.847,81.216,16.3393541,8.870940208,29831.45603,0.091,0.787,22120.6850127107,3.16403166892804,2023.0,2014.0
WC-2014,2014 FIFA Men's World Cup,T-62,Russia,RUS,group stage,2014,2014-06-12,2014-07-13,Brazil,Germany,32,0,Russian Football Union,"Europe, Asia",Union of European Football Associations,UEFA,0,0,,3,0,2,1,2,3,0,0,-1,4.0,0.0,0.0,RUS,0,0.818,71.566,14.87290001,12.3682824,25127.72656,0.223,0.719,14055.47265625,4.49785802104388,2023.0,2014.0
WC-2014,2014 FIFA Men's World Cup,T-71,South Korea,KOR,group stage,2014,2014-06-12,2014-07-13,Brazil,Germany,32,0,Korea Football Association,East Asia,Asian Football Confederation,AFC,0,0,,3,0,1,2,3,6,0,0,-3,6.0,0.0,0.0,KOR,0,0.906,82.378,16.61566925,12.02070618,38144.21084,0.091,0.753,30667.0912467447,2.7607253167146,2023.0,2014.0
WC-2014,2014 FIFA Men's World Cup,T-73,Spain,ESP,group stage,2014,2014-06-12,2014-07-13,Brazil,Germany,32,0,Royal Spanish Football Federation,Europe,Union of European Football Associations,UEFA,0,0,,3,1,0,2,4,7,0,0,-3,3.0,0.0,0.0,ESP,0,0.884,82.858,17.28533936,9.720040321,35852.33164,0.079,0.808,29707.765509467,3.11564700190687,2023.0,2014.0
WC-2014,2014 FIFA Men's World Cup,T-75,Switzerland,CHE,round of 16,2014,2014-06-12,2014-07-13,Brazil,Germany,32,0,Swiss Football Association,Europe,Union of European Football Associations,UEFA,0,0,,4,2,0,2,7,7,1,0,0,3.0,0.0,0.0,CHE,0,0.951,83.085,16.08971977,13.64011002,66835.76312,0.042,0.803,88724.9909402638,3.94356458065003,2023.0,2014.0
WC-2014,2014 FIFA Men's World Cup,T-83,United States,USA,round of 16,2014,2014-06-12,2014-07-13,Brazil,Germany,32,0,United States Soccer Federation,North America,"Confederation of North, Central American and Caribbean Association Football",CONCACAF,0,0,,4,1,1,2,5,6,1,0,-1,4.0,0.0,0.0,USA,0,0.923,79.017,16.55954933,13.22457981,58399.97067,0.221,0.727,54973.4207515712,6.47895139752497,2023.0,2014.0
WC-2014,2014 FIFA Men's World Cup,T-84,Uruguay,URY,round of 16,2014,2014-06-12,2014-07-13,Brazil,Germany,32,0,Uruguayan Football Association,South America,South American Football Confederation,CONMEBOL,0,0,,4,2,0,2,4,6,0,0,-2,8.0,1.0,1.0,URY,0,0.805,77.366,15.88829994,8.613840103,21382.89388,0.328,0.752,18322.4276767157,6.66247086496002,2023.0,2014.0
WC-2015,2015 FIFA Women's World Cup,T-04,Australia,AUS,quarter-final,2015,2015-06-06,2015-07-05,Canada,United States,24,1,Football Australia,Oceania,Asian Football Confederation,AFC,0,0,,5,2,1,2,5,5,0,0,0,,,,AUS,0,0.933,82.655,23.24768066,12.2456398,46562.89056,0.111,0.708,56970.3613028094,3.66551302275429,2023.0,2015.0
WC-2015,2015 FIFA Women's World Cup,T-09,Brazil,BRA,round of 16,2015,2015-06-06,2015-07-05,Canada,United States,24,1,Brazilian Football Confederation,South America,South American Football Confederation,CONMEBOL,0,0,,4,3,0,1,4,1,0,0,3,3.0,0.0,0.0,BRA,0,0.752,74.332,15.24540043,7.506820202,14730.37505,0.437,0.691,8936.1955889444,14.4415264259814,2023.0,2015.0
WC-2015,2015 FIFA Women's World Cup,T-11,Cameroon,CMR,round of 16,2015,2015-06-06,2015-07-05,Canada,United States,24,1,Cameroonian Football Federation,Africa,Confederation of African Football,CAF,0,0,,4,2,0,2,9,4,0,0,5,7.0,0.0,0.0,CMR,0,0.562,59.658,12.20610046,5.963522553,3566.030651,0.572,0.552,1415.00009710569,67.2353405456744,2023.0,2015.0
WC-2015,2015 FIFA Women's World Cup,T-12,Canada,CAN,quarter-final,2015,2015-06-06,2015-07-05,Canada,United States,24,1,Canadian Soccer Association,North America,"Confederation of North, Central American and Caribbean Association Football",CONCACAF,1,0,,5,2,2,1,4,3,0,0,1,6.0,0.0,0.0,CAN,0,0.927,81.925,15.95269012,13.69808826,46798.97866,0.107,0.698,43594.1941045394,5.06430607881266,2023.0,2015.0
WC-2015,2015 FIFA Women's World Cup,T-14,China,CHN,quarter-final,2015,2015-06-06,2015-07-05,Canada,United States,24,1,Chinese Football Association,East Asia,Asian Football Confederation,AFC,0,0,,5,2,1,2,4,4,0,0,0,3.0,0.0,0.0,CHN,0,0.741,76.977,13.97832615,7.407755136,12552.18456,0.223,0.647,8175.33285077393,6.1903512672627,2023.0,2015.0
WC-2015,2015 FIFA Women's World Cup,T-16,Colombia,COL,round of 16,2015,2015-06-06,2015-07-05,Canada,United States,24,1,Colombia Football Federation,South America,South American Football Confederation,CONMEBOL,0,0,,4,1,1,2,4,5,0,0,-1,9.0,1.0,1.0,COL,0,0.758,76.257,14.64527988,8.047450066,14032.54315,0.417,0.723,6248.51490534512,12.028780178557,2023.0,2015.0
WC-2015,2015 FIFA Women's World Cup,T-17,Costa Rica,CRI,group stage,2015,2015-06-06,2015-07-05,Canada,United States,24,1,Costa Rican Football Federation,Central America,"Confederation of North, Central American and Caribbean Association Football",CONCACAF,0,0,,3,0,2,1,3,4,0,0,-1,,,,CRI,0,0.792,79.086,14.69305038,8.584500313,18160.93969,0.28,0.749,11714.7105980732,10.459823886318,2023.0,2015.0
WC-2015,2015 FIFA Women's World Cup,T-25,Ecuador,ECU,group stage,2015,2015-06-06,2015-07-05,Canada,United States,24,1,Ecuadorian Football Federation,South America,South American Football Confederation,CONMEBOL,0,0,,3,0,0,3,1,17,0,0,-16,6.0,1.0,1.0,ECU,0,0.764,76.789,15.13148022,8.701580048,11697.38828,0.391,0.728,5976.1596805651,13.0549329900104,2023.0,2015.0
WC-2015,2015 FIFA Women's World Cup,T-28,England,ENG,third-place match,2015,2015-06-06,2015-07-05,Canada,United States,24,1,The Football Association,Europe,Union of European Football Associations,UEFA,0,0,3.0,7,5,0,2,10,7,1,0,3,8.0,0.0,0.0,GBR,1,0.923,80.924,17.30816078,12.97976335,43714.15293,0.13,0.824,45255.3449216209,4.45700917956078,2023.0,2015.0
WC-2015,2015 FIFA Women's World Cup,T-30,France,FRA,quarter-final,2015,2015-06-06,2015-07-05,Canada,United States,24,1,French Football Association,Europe,Union of European Football Associations,UEFA,0,0,,5,3,0,2,10,3,1,1,7,3.0,0.0,0.0,FRA,0,0.893,82.186,15.51356983,11.33419037,44282.82342,0.097,0.809,36702.4323733379,4.32146435845036,2023.0,2015.0
WC-2015,2015 FIFA Women's World Cup,T-31,Germany,DEU,third-place match,2015,2015-06-06,2015-07-05,Canada,United States,24,1,Germany Football Association,Europe,Union of European Football Associations,UEFA,0,0,4.0,7,4,1,2,20,6,2,1,14,8.0,0.0,0.0,DEU,0,0.941,80.574,17.11218071,14.08201981,52322.29732,0.078,0.81,41929.7549110722,3.65013704194822,2023.0,2015.0
WC-2015,2015 FIFA Women's World Cup,T-42,Ivory Coast,CIV,group stage,2015,2015-06-06,2015-07-05,Canada,United States,24,1,Ivorian Football Federation,Africa,Confederation of African Football,CAF,0,0,,3,0,0,3,3,16,0,0,-13,8.0,0.0,0.0,CIV,0,0.501,57.762,8.547829628,4.308879972,4325.225334,0.637,,1814.71855088017,67.1289060913335,2023.0,2015.0
WC-2015,2015 FIFA Women's World Cup,T-44,Japan,JPN,final,2015,2015-06-06,2015-07-05,Canada,United States,24,1,Japan Football Association,East Asia,Asian Football Confederation,AFC,0,0,2.0,7,6,0,1,11,8,0,0,3,6.0,0.0,0.0,JPN,0,0.913,83.893,15.41378021,12.59956503,41987.58987,0.118,0.792,34960.6393843385,2.36329370011246,2023.0,2015.0
WC-2015,2015 FIFA Women's World Cup,T-46,Mexico,MEX,group stage,2015,2015-06-06,2015-07-05,Canada,United States,24,1,Mexican Football Federation,North America,"Confederation of North, Central American and Caribbean Association Football",CONCACAF,0,0,,3,0,1,2,2,8,0,0,-6,4.0,0.0,0.0,MEX,0,0.769,74.682,14.23423958,8.601650238,19044.73057,0.377,0.722,10021.2386118827,12.4590753638058,2023.0,2015.0
WC-2015,2015 FIFA Women's World Cup,T-48,Netherlands,NLD,round of 16,2015,2015-06-06,2015-07-05,Canada,United States,24,1,Royal Dutch Football Association,Europe,Union of European Football Associations,UEFA,0,0,,4,1,1,2,3,4,0,0,-1,3.0,0.0,0.0,NLD,0,0.932,81.482,18.26939964,12.13512993,52434.71704,0.033,0.782,45793.8135434697,3.95729864744157,2023.0,2015.0
WC-2015,2015 FIFA Women's World Cup,T-49,New Zealand,NZL,group stage,2015,2015-06-06,2015-07-05,Canada,United States,24,1,New Zealand Football,Oceania,Oceania Football Confederation,OFC,0,0,,3,0,2,1,2,3,0,0,-1,4.0,0.0,0.0,NZL,0,0.933,81.977,18.9496994,13.23099995,39695.61133,0.136,0.788,38665.3723018158,4.68398357212464,2023.0,2015.0
WC-2015,2015 FIFA Women's World Cup,T-50,Nigeria,NGA,group stage,2015,2015-06-06,2015-07-05,Canada,United States,24,1,Nigeria Football Federation,Africa,Confederation of African Football,CAF,0,0,,3,0,1,2,3,6,0,0,-3,6.0,0.0,1.0,NGA,0,0.52,51.841,9.309317044,6.645626545,5273.015343,0.681,0.51,2585.73360671797,104.90961558358,2023.0,2015.0
WC-2015,2015 FIFA Women's World Cup,T-53,Norway,NOR,round of 16,2015,2015-06-06,2015-07-05,Canada,United States,24,1,Norwegian Football Federation,Europe,Union of European Football Associations,UEFA,0,0,,4,2,1,1,9,4,0,0,5,1.0,0.0,0.0,NOR,0,0.952,82.272,17.77986908,12.77120972,66031.13432,0.04,0.802,74809.9658049898,2.35530985902604,2023.0,2015.0
WC-2015,2015 FIFA Women's World Cup,T-71,South Korea,KOR,round of 16,2015,2015-06-06,2015-07-05,Canada,United States,24,1,Korea Football Association,East Asia,Asian Football Confederation,AFC,0,0,,4,1,1,2,4,8,0,0,-4,7.0,0.0,0.0,KOR,0,0.908,82.561,16.57014084,12.11633015,38948.32998,0.088,0.756,30171.7906545222,2.7607253167146,2023.0,2015.0
WC-2015,2015 FIFA Women's World Cup,T-73,Spain,ESP,group stage,2015,2015-06-06,2015-07-05,Canada,United States,24,1,Royal Spanish Football Federation,Europe,Union of European Football Associations,UEFA,0,0,,3,0,1,2,2,4,0,0,-2,3.0,0.0,0.0,ESP,0,0.889,82.646,17.40423965,9.912139893,37385.84075,0.074,0.812,25982.4416197775,3.11564700190687,2023.0,2015.0
WC-2015,2015 FIFA Women's World Cup,T-74,Sweden,SWE,round of 16,2015,2015-06-06,2015-07-05,Canada,United States,24,1,Swedish Football Association,Europe,Union of European Football Associations,UEFA,0,0,,4,0,3,1,5,8,0,0,-3,2.0,0.0,0.0,SWE,0,0.937,82.183,18.32088089,12.35441017,51362.63153,0.038,0.832,51188.1652120493,2.47465228620054,2023.0,2015.0
WC-2015,2015 FIFA Women's World Cup,T-75,Switzerland,CHE,round of 16,2015,2015-06-06,2015-07-05,Canada,United States,24,1,Swiss Football Association,Europe,Union of European Football Associations,UEFA,0,0,,4,1,0,3,11,5,0,0,6,5.0,0.0,0.0,CHE,0,0.952,82.847,16.1556797,13.71187973,67919.93331,0.039,0.813,83806.4476003837,3.94356458065003,2023.0,2015.0
WC-2015,2015 FIFA Women's World Cup,T-76,Thailand,THA,group stage,2015,2015-06-06,2015-07-05,Canada,United States,24,1,Football Association of Thailand,South East Asia,Asian Football Confederation,AFC,0,0,,3,1,0,2,3,10,0,0,-7,3.0,0.0,0.0,THA,0,0.789,77.717,16.45110989,8.180100282,15098.151,0.399,0.737,5688.85335397884,9.21389003267474,2023.0,2015.0
WC-2015,2015 FIFA Women's World Cup,T-83,United States,USA,final,2015,2015-06-06,2015-07-05,Canada,United States,24,1,United States Soccer Federation,North America,"Confederation of North, Central American and Caribbean Association Football",CONCACAF,0,1,1.0,7,6,1,0,14,3,0,0,11,6.0,0.0,0.0,USA,0,0.924,78.869,16.59604073,13.25187969,59469.66152,0.217,0.728,56572.9188996063,6.47895139752497,2023.0,2015.0
WC-2018,2018 FIFA Men's World Cup,T-03,Argentina,ARG,round of 16,2018,2018-06-14,2018-07-15,Russia,France,32,0,Argentine Football Association,South America,South American Football Confederation,CONMEBOL,0,0,,4,1,1,2,6,9,0,0,-3,11.0,0.0,0.0,ARG,0,0.852,76.999,17.85782051,11.10470009,21922.97222,0.303,0.783,11752.7998922979,9.64850748979662,2023.0,2018.0
WC-2018,2018 FIFA Men's World Cup,T-04,Australia,AUS,group stage,2018,2018-06-14,2018-07-15,Russia,France,32,0,Football Australia,Oceania,Asian Football Confederation,AFC,0,0,,3,0,1,2,2,5,0,0,-3,7.0,0.0,0.0,AUS,0,0.941,83.387,20.42849922,12.55362034,47256.85514,0.092,0.728,57410.1737346009,3.66551302275429,2023.0,2018.0
WC-2018,2018 FIFA Men's World Cup,T-06,Belgium,BEL,third-place match,2018,2018-06-14,2018-07-15,Russia,France,32,0,Royal Belgian Football Association,Europe,Union of European Football Associations,UEFA,0,0,3.0,7,6,0,1,16,6,0,0,10,11.0,0.0,0.0,BEL,0,0.933,81.479,19.56148911,12.30630493,51562.93104,0.053,0.792,47487.2100392561,3.60260920510039,2023.0,2018.0
WC-2018,2018 FIFA Men's World Cup,T-09,Brazil,BRA,quarter-finals,2018,2018-06-14,2018-07-15,Russia,France,32,0,Brazilian Football Confederation,South America,South American Football Confederation,CONMEBOL,0,0,,5,3,1,1,8,3,0,0,5,7.0,0.0,0.0,BRA,0,0.762,75.109,15.50376034,7.982019901,14212.85808,0.4,0.702,9300.66072904004,14.4415264259814,2023.0,2018.0
WC-2018,2018 FIFA Men's World Cup,T-16,Colombia,COL,round of 16,2018,2018-06-14,2018-07-15,Russia,France,32,0,Colombia Football Federation,South America,South American Football Confederation,CONMEBOL,0,0,,4,2,0,2,6,3,1,1,3,9.0,1.0,1.0,COL,0,0.766,76.748,14.62864017,8.504469872,14064.30242,0.409,0.734,6816.96818309544,12.028780178557,2023.0,2018.0
WC-2018,2018 FIFA Men's World Cup,T-17,Costa Rica,CRI,group stage,2018,2018-06-14,2018-07-15,Russia,France,32,0,Costa Rican Football Federation,Central America,"Confederation of North, Central American and Caribbean Association Football",CONCACAF,0,0,,3,0,1,2,2,5,0,0,-3,6.0,0.0,0.0,CRI,0,0.804,79.484,15.22842026,8.72317028,19411.1913,0.252,0.764,12590.2493781614,10.459823886318,2023.0,2018.0
WC-2018,2018 FIFA Men's World Cup,T-18,Croatia,HRV,final,2018,2018-06-14,2018-07-15,Russia,France,32,0,Croatian Football Federation,Europe,Union of European Football Associations,UEFA,0,0,2.0,7,6,0,1,14,9,3,2,5,15.0,0.0,0.0,HRV,0,0.86,78.337,15.45802975,12.05498697,28102.10058,0.124,0.792,15460.3669595491,4.56840290804215,2023.0,2018.0
WC-2018,2018 FIFA Men's World Cup,T-22,Denmark,DNK,round of 16,2018,2018-06-14,2018-07-15,Russia,France,32,0,Danish Football Association,Europe,Union of European Football Associations,UEFA,0,0,,4,1,2,1,3,2,1,1,1,6.0,0.0,0.0,DNK,0,0.942,80.99,18.72179985,12.86071014,57733.30332,0.022,0.821,61324.7665045565,3.42334612841016,2023.0,2018.0
WC-2018,2018 FIFA Men's World Cup,T-26,Egypt,EGY,group stage,2018,2018-06-14,2018-07-15,Russia,France,32,0,Egyptian Football Association,Africa,Confederation of African Football,CAF,0,0,,3,0,0,3,2,6,0,0,-4,5.0,0.0,0.0,EGY,0,0.717,71.367,12.43317032,9.305633501,11092.49979,0.409,0.696,2484.70315630508,17.5278030808089,2023.0,2018.0
WC-2018,2018 FIFA Men's World Cup,T-28,England,ENG,third-place match,2018,2018-06-14,2018-07-15,Russia,France,32,0,The Football Association,Europe,Union of European Football Associations,UEFA,0,0,4.0,7,4,0,3,12,8,2,1,4,8.0,0.0,0.0,GBR,1,0.928,81.125,17.15052032,13.24292692,45972.20598,0.112,0.838,43702.9976303165,4.45700917956078,2023.0,2018.0
WC-2018,2018 FIFA Men's World Cup,T-30,France,FRA,final,2018,2018-06-14,2018-07-15,Russia,France,32,0,French Football Association,Europe,Union of European Football Associations,UEFA,0,1,1.0,7,6,1,0,14,6,0,0,8,12.0,0.0,0.0,FRA,0,0.903,82.591,15.84354973,11.50988007,46291.00885,0.078,0.817,41418.1766484844,4.32146435845036,2023.0,2018.0
WC-2018,2018 FIFA Men's World Cup,T-31,Germany,DEU,group stage,2018,2018-06-14,2018-07-15,Russia,France,32,0,Germany Football Association,Europe,Union of European Football Associations,UEFA,0,0,,3,1,0,2,2,4,0,0,-2,3.0,0.0,1.0,DEU,0,0.946,81.172,17.04191971,14.07738018,55226.69407,0.083,0.819,48916.1686612154,3.65013704194822,2023.0,2018.0
WC-2018,2018 FIFA Men's World Cup,T-37,Iceland,ISL,group stage,2018,2018-06-14,2018-07-15,Russia,France,32,0,Football Association of Iceland,Europe,Union of European Football Associations,UEFA,0,0,,3,0,1,2,2,5,0,0,-3,3.0,0.0,0.0,ISL,0,0.958,82.77,18.50045967,13.63782481,55715.93104,0.052,0.796,75633.8651351915,2.57472555404548,2023.0,2018.0
WC-2018,2018 FIFA Men's World Cup,T-38,Iran,IRN,group stage,2018,2018-06-14,2018-07-15,Russia,France,32,0,Football Federation Islamic Republic of Iran,Middle East,Asian Football Confederation,AFC,0,0,,3,1,1,1,2,2,0,0,0,7.0,0.0,0.0,IRN,0,0.787,76.195,14.3321298,10.52784353,14698.79043,0.458,0.729,4783.01067340237,11.7733135336402,2023.0,2018.0
WC-2018,2018 FIFA Men's World Cup,T-44,Japan,JPN,round of 16,2018,2018-06-14,2018-07-15,Russia,France,32,0,Japan Football Association,East Asia,Asian Football Confederation,AFC,0,0,,4,1,1,2,6,7,0,0,-1,5.0,0.0,0.0,JPN,0,0.917,84.297,15.39982986,12.64136429,43349.20773,0.09,0.799,39751.1330982711,2.36329370011246,2023.0,2018.0
WC-2018,2018 FIFA Men's World Cup,T-46,Mexico,MEX,round of 16,2018,2018-06-14,2018-07-15,Russia,France,32,0,Mexican Football Federation,North America,"Confederation of North, Central American and Caribbean Association Football",CONCACAF,0,0,,4,2,0,2,3,6,0,0,-3,9.0,0.0,0.0,MEX,0,0.779,74.015,14.92304993,8.933190346,19726.18934,0.363,0.732,10084.7937562021,12.4590753638058,2023.0,2018.0
WC-2018,2018 FIFA Men's World Cup,T-47,Morocco,MAR,group stage,2018,2018-06-14,2018-07-15,Russia,France,32,0,Royal Moroccan Football Federation,Africa,Confederation of African Football,CAF,0,0,,3,0,1,2,2,4,0,0,-2,8.0,0.0,0.0,MAR,0,0.677,73.986,13.44997978,5.782,7950.918457,0.448,0.653,3501.69799804688,16.5750520440067,2023.0,2018.0
WC-2018,2018 FIFA Men's World Cup,T-50,Nigeria,NGA,group stage,2018,2018-06-14,2018-07-15,Russia,France,32,0,Nigeria Football Federation,Africa,Confederation of African Football,CAF,0,0,,3,1,0,2,3,4,0,0,-1,4.0,0.0,0.0,NGA,0,0.53,52.554,9.938272476,6.919020176,4866.492114,0.675,0.52,2057.87944554011,104.90961558358,2023.0,2018.0
WC-2018,2018 FIFA Men's World Cup,T-54,Panama,PAN,group stage,2018,2018-06-14,2018-07-15,Russia,France,32,0,Panamanian Football Federation,Central America,"Confederation of North, Central American and Caribbean Association Football",CONCACAF,0,0,,3,0,0,3,2,11,0,0,-9,11.0,0.0,0.0,PAN,0,0.817,77.863,13.11288674,10.4001236,30084.15093,0.404,0.772,16151.3273433486,13.2830678129028,2023.0,2018.0
WC-2018,2018 FIFA Men's World Cup,T-56,Peru,PER,group stage,2018,2018-06-14,2018-07-15,Russia,France,32,0,Peruvian Football Association,South America,South American Football Confederation,CONMEBOL,0,0,,3,1,0,2,2,2,0,0,0,5.0,0.0,0.0,PER,0,0.77,76.009,14.59804249,9.755800247,12069.98025,0.379,0.741,6978.49121548627,15.8050805234684,2023.0,2018.0
WC-2018,2018 FIFA Men's World Cup,T-57,Poland,POL,group stage,2018,2018-06-14,2018-07-15,Russia,France,32,0,Polish Football Association,Europe,Union of European Football Associations,UEFA,0,0,,3,1,0,2,2,5,0,0,-3,3.0,0.0,0.0,POL,0,0.876,77.628,15.92910004,13.08478498,30407.50931,0.121,0.775,15658.2120316794,4.35218164490786,2023.0,2018.0
WC-2018,2018 FIFA Men's World Cup,T-58,Portugal,PRT,round of 16,2018,2018-06-14,2018-07-15,Russia,France,32,0,Portuguese Football Federation,Europe,Union of European Football Associations,UEFA,0,0,,4,1,2,1,6,6,0,0,0,7.0,0.0,0.0,PRT,0,0.858,81.395,16.48127937,9.144709587,33211.23707,0.08,0.793,23541.1401075289,3.16403166892804,2023.0,2018.0
WC-2018,2018 FIFA Men's World Cup,T-62,Russia,RUS,quarter-finals,2018,2018-06-14,2018-07-15,Russia,France,32,0,Russian Football Union,"Europe, Asia",Union of European Football Associations,UEFA,1,0,,5,3,0,2,11,7,2,2,4,7.0,0.0,1.0,RUS,0,0.836,73.531,15.51605988,12.39299505,25977.61133,0.171,0.737,11211.8876953125,4.49785802104388,2023.0,2018.0
WC-2018,2018 FIFA Men's World Cup,T-63,Saudi Arabia,SAU,group stage,2018,2018-06-14,2018-07-15,Russia,France,32,0,Saudi Arabian Football Association,Middle East,Asian Football Confederation,AFC,0,0,,3,1,0,2,2,7,0,0,-5,1.0,0.0,0.0,SAU,0,0.856,77.212,14.79277941,10.58370972,48208.37902,0.286,0.662,29360.0658968566,6.1579510008593,2023.0,2018.0
WC-2018,2018 FIFA Men's World Cup,T-65,Senegal,SEN,group stage,2018,2018-06-14,2018-07-15,Russia,France,32,0,Senegalese Football Federation,Africa,Confederation of African Football,CAF,0,0,,3,1,1,1,4,4,0,0,0,6.0,0.0,0.0,SEN,0,0.515,68.097,9.007395029,2.998349905,3282.577337,0.511,0.501,1452.55612562445,38.5192633385635,2023.0,2018.0
WC-2018,2018 FIFA Men's World Cup,T-66,Serbia,SRB,group stage,2018,2018-06-14,2018-07-15,Russia,France,32,0,Football Association of Serbia,Europe,Union of European Football Associations,UEFA,0,0,,3,1,0,2,2,4,0,0,-2,9.0,0.0,0.0,SRB,0,0.808,76.511,14.78874969,11.26613522,16562.93571,0.128,0.734,7559.86165747394,5.23261987728936,2023.0,2018.0
WC-2018,2018 FIFA Men's World Cup,T-71,South Korea,KOR,group stage,2018,2018-06-14,2018-07-15,Russia,France,32,0,Korea Football Association,East Asia,Asian Football Confederation,AFC,0,0,,3,1,0,2,3,3,0,0,0,10.0,0.0,0.0,KOR,0,0.918,83.343,16.38441086,12.41257949,42132.82564,0.074,0.752,35363.9508228687,2.7607253167146,2023.0,2018.0
WC-2018,2018 FIFA Men's World Cup,T-73,Spain,ESP,round of 16,2018,2018-06-14,2018-07-15,Russia,France,32,0,Royal Spanish Football Federation,Europe,Union of European Football Associations,UEFA,0,0,,4,1,2,1,7,6,1,1,1,2.0,0.0,0.0,ESP,0,0.899,83.144,17.51925087,10.1423502,40334.81819,0.062,0.824,30602.4212881113,3.11564700190687,2023.0,2018.0
WC-2018,2018 FIFA Men's World Cup,T-74,Sweden,SWE,quarter-finals,2018,2018-06-14,2018-07-15,Russia,France,32,0,Swedish Football Association,Europe,Union of European Football Associations,UEFA,0,0,,5,3,0,2,6,4,0,0,2,8.0,0.0,0.0,SWE,0,0.943,82.533,18.89518929,12.54788494,53389.10183,0.03,0.83,54018.4554391861,2.47465228620054,2023.0,2018.0
WC-2018,2018 FIFA Men's World Cup,T-75,Switzerland,CHE,round of 16,2018,2018-06-14,2018-07-15,Russia,France,32,0,Swiss Football Association,Europe,Union of European Football Associations,UEFA,0,0,,4,1,2,1,5,5,0,0,0,9.0,1.0,1.0,CHE,0,0.957,83.561,16.25905037,13.79969025,67150.70241,0.032,0.818,85217.3691512274,3.94356458065003,2023.0,2018.0
WC-2018,2018 FIFA Men's World Cup,T-79,Tunisia,TUN,group stage,2018,2018-06-14,2018-07-15,Russia,France,32,0,Tunisian Football Federation,Africa,Confederation of African Football,CAF,0,0,,3,1,0,2,5,8,0,0,-3,4.0,0.0,0.0,TUN,0,0.737,75.95,14.51220985,7.622610092,10775.33378,0.245,0.704,3628.10366464236,12.9065944023489,2023.0,2018.0
WC-2018,2018 FIFA Men's World Cup,T-84,Uruguay,URY,quarter-finals,2018,2018-06-14,2018-07-15,Russia,France,32,0,Uruguayan Football Association,South America,South American Football Confederation,CONMEBOL,0,0,,5,4,0,1,7,3,0,0,4,3.0,0.0,0.0,URY,0,0.815,77.611,16.26915932,8.906729698,22066.33322,0.264,0.77,19249.9404677501,6.66247086496002,2023.0,2018.0
WC-2019,2019 FIFA Women's World Cup,T-03,Argentina,ARG,group stage,2019,2019-06-07,2019-07-07,France,United States,24,1,Argentine Football Association,South America,South American Football Confederation,CONMEBOL,0,0,,3,0,2,1,3,4,0,0,-1,3.0,0.0,0.0,ARG,0,0.853,77.284,18.08637047,11.12439013,21205.4712,0.291,0.788,9955.97478680428,9.64850748979662,2023.0,2019.0
WC-2019,2019 FIFA Women's World Cup,T-04,Australia,AUS,round of 16,2019,2019-06-07,2019-07-07,France,United States,24,1,Football Australia,Oceania,Asian Football Confederation,AFC,0,0,,4,2,0,2,9,6,1,1,3,2.0,1.0,1.0,AUS,0,0.941,83.11,21.37561989,12.65668964,47054.49255,0.08,0.748,55194.7585097428,3.66551302275429,2023.0,2019.0
WC-2019,2019 FIFA Women's World Cup,T-09,Brazil,BRA,round of 16,2019,2019-06-07,2019-07-07,France,United States,24,1,Brazilian Football Confederation,South America,South American Football Confederation,CONMEBOL,0,0,,4,2,0,2,7,5,1,0,2,11.0,0.0,0.0,BRA,0,0.764,75.338,15.44937038,8.128813955,14290.61164,0.396,0.705,9029.83304401079,14.4415264259814,2023.0,2019.0
WC-2019,2019 FIFA Women's World Cup,T-11,Cameroon,CMR,round of 16,2019,2019-06-07,2019-07-07,France,United States,24,1,Cameroonian Football Federation,Africa,Confederation of African Football,CAF,0,0,,4,1,0,3,3,8,0,0,-5,8.0,0.0,0.0,CMR,0,0.586,61.584,13.05683437,6.47855597,3675.295147,0.564,0.576,1555.22660476477,67.2353405456744,2023.0,2019.0
WC-2019,2019 FIFA Women's World Cup,T-12,Canada,CAN,round of 16,2019,2019-06-07,2019-07-07,France,United States,24,1,Canadian Soccer Association,North America,"Confederation of North, Central American and Caribbean Association Football",CONCACAF,0,0,,4,2,0,2,4,3,0,0,1,3.0,0.0,0.0,CAN,0,0.932,82.363,15.93334007,13.83442722,48591.23289,0.075,0.721,46352.8693445211,5.06430607881266,2023.0,2019.0
WC-2019,2019 FIFA Women's World Cup,T-13,Chile,CHL,group stage,2019,2019-06-07,2019-07-07,France,United States,24,1,Football Federation of Chile,South America,South American Football Confederation,CONMEBOL,0,0,,3,1,0,2,2,5,0,0,-3,5.0,0.0,0.0,CHL,0,0.859,80.326,16.64357948,10.9349663,23892.70513,0.214,0.79,14495.716721687,7.16415210639038,2023.0,2019.0
WC-2019,2019 FIFA Women's World Cup,T-14,China,CHN,round of 16,2019,2019-06-07,2019-07-07,France,United States,24,1,Chinese Football Association,East Asia,Asian Football Confederation,AFC,0,0,,4,1,1,2,1,3,0,0,-2,5.0,0.0,0.0,CHN,0,0.775,77.968,14.96151725,7.960391283,15933.62146,0.187,0.676,10342.9009524335,6.1903512672627,2023.0,2019.0
WC-2019,2019 FIFA Women's World Cup,T-28,England,ENG,third-place match,2019,2019-06-07,2019-07-07,France,United States,24,1,The Football Association,Europe,Union of European Football Associations,UEFA,0,0,4.0,7,5,0,2,13,5,0,0,8,4.0,0.0,1.0,GBR,1,0.933,81.725,17.17925072,13.32452361,47066.25779,0.106,0.844,43158.7411267323,4.45700917956078,2023.0,2019.0
WC-2019,2019 FIFA Women's World Cup,T-30,France,FRA,quarter-final,2019,2019-06-07,2019-07-07,France,United States,24,1,French Football Association,Europe,Union of European Football Associations,UEFA,1,0,,5,4,0,1,10,4,1,0,6,5.0,0.0,0.0,FRA,0,0.905,82.731,15.86798954,11.61005974,46907.18465,0.086,0.823,40408.2848574751,4.32146435845036,2023.0,2019.0
WC-2019,2019 FIFA Women's World Cup,T-31,Germany,DEU,quarter-final,2019,2019-06-07,2019-07-07,France,United States,24,1,Germany Football Association,Europe,Union of European Football Associations,UEFA,0,0,,5,4,0,1,10,2,0,0,8,5.0,0.0,0.0,DEU,0,0.951,81.558,17.22438049,14.16666031,55685.0117,0.079,0.833,47656.199739747,3.65013704194822,2023.0,2019.0
WC-2019,2019 FIFA Women's World Cup,T-41,Italy,ITA,quarter-final,2019,2019-06-07,2019-07-07,France,United States,24,1,Italian Football Association,Europe,Union of European Football Associations,UEFA,0,0,,5,3,0,2,9,4,0,0,5,8.0,0.0,0.0,ITA,0,0.899,83.552,16.37994003,10.65328026,43102.26436,0.054,0.817,33812.788724868,2.75590246778776,2023.0,2019.0
WC-2019,2019 FIFA Women's World Cup,T-43,Jamaica,JAM,group stage,2019,2019-06-07,2019-07-07,France,United States,24,1,Jamaica Football Federation,Caribbean,"Confederation of North, Central American and Caribbean Association Football",CONCACAF,0,0,,3,0,0,3,1,12,0,0,-11,4.0,0.0,0.0,JAM,0,0.712,71.767,12.53661674,9.154628661,9957.949582,0.376,0.686,6030.68896415921,19.328880434224,2023.0,2019.0
WC-2019,2019 FIFA Women's World Cup,T-44,Japan,JPN,round of 16,2019,2019-06-07,2019-07-07,France,United States,24,1,Japan Football Association,East Asia,Asian Football Confederation,AFC,0,0,,4,1,1,2,3,5,0,0,-2,5.0,0.0,0.0,JPN,0,0.918,84.426,15.44126987,12.65529737,43276.34134,0.083,0.805,40415.9567649547,2.36329370011246,2023.0,2019.0
WC-2019,2019 FIFA Women's World Cup,T-48,Netherlands,NLD,final,2019,2019-06-07,2019-07-07,France,United States,24,1,Royal Dutch Football Association,Europe,Union of European Football Associations,UEFA,0,0,2.0,7,6,0,1,11,5,1,0,6,6.0,0.0,0.0,NLD,0,0.941,82.046,18.37341499,12.4523201,55628.1765,0.028,0.792,53554.9007491475,3.95729864744157,2023.0,2019.0
WC-2019,2019 FIFA Women's World Cup,T-49,New Zealand,NZL,group stage,2019,2019-06-07,2019-07-07,France,United States,24,1,New Zealand Football,Oceania,Oceania Football Confederation,OFC,0,0,,3,0,0,3,1,5,0,0,-4,1.0,0.0,0.0,NZL,0,0.937,82.567,19.4722805,13.04222727,42210.38427,0.1,0.813,42855.831861632,4.68398357212464,2023.0,2019.0
WC-2019,2019 FIFA Women's World Cup,T-50,Nigeria,NGA,round of 16,2019,2019-06-07,2019-07-07,France,United States,24,1,Nigeria Football Federation,Africa,Confederation of African Football,CAF,0,0,,4,1,0,3,2,7,0,0,-5,9.0,0.0,1.0,NGA,0,0.537,52.91,10.13020498,7.191969872,4914.227713,0.694,0.526,3189.81286498516,104.90961558358,2023.0,2019.0
WC-2019,2019 FIFA Women's World Cup,T-53,Norway,NOR,quarter-final,2019,2019-06-07,2019-07-07,France,United States,24,1,Norwegian Football Federation,Europe,Union of European Football Associations,UEFA,0,0,,5,3,0,2,7,7,1,1,0,5.0,0.0,0.0,NOR,0,0.961,82.955,18.23535919,13.00362968,66977.3741,0.016,0.802,76430.5889473338,2.35530985902604,2023.0,2019.0
WC-2019,2019 FIFA Women's World Cup,T-64,Scotland,SCO,group stage,2019,2019-06-07,2019-07-07,France,United States,24,1,Scottish Football Association,Europe,Union of European Football Associations,UEFA,0,0,,3,0,1,2,5,7,0,0,-2,6.0,0.0,0.0,GBR,1,0.933,81.725,17.17925072,13.32452361,47066.25779,0.106,0.844,43158.7411267323,4.45700917956078,2023.0,2019.0
WC-2019,2019 FIFA Women's World Cup,T-70,South Africa,ZAF,group stage,2019,2019-06-07,2019-07-07,France,United States,24,1,South African Football Associaiton,Africa,Confederation of African Football,CAF,0,0,,3,0,0,3,1,8,0,0,-7,7.0,0.0,1.0,ZAF,0,0.741,66.175,14.21393013,11.37316036,13506.04814,0.408,0.684,6533.71121032856,34.6505946265276,2023.0,2019.0
WC-2019,2019 FIFA Women's World Cup,T-71,South Korea,KOR,group stage,2019,2019-06-07,2019-07-07,France,United States,24,1,Korea Football Association,East Asia,Asian Football Confederation,AFC,0,0,,3,0,0,3,1,8,0,0,-7,4.0,0.0,0.0,KOR,0,0.922,83.656,16.37698936,12.51293027,43116.57374,0.075,0.767,33826.9443301597,2.7607253167146,2023.0,2019.0
WC-2019,2019 FIFA Women's World Cup,T-73,Spain,ESP,round of 16,2019,2019-06-07,2019-07-07,France,United States,24,1,Royal Spanish Football Federation,Europe,Union of European Football Associations,UEFA,0,0,,4,1,1,2,4,4,0,0,0,2.0,0.0,0.0,ESP,0,0.904,83.532,17.50081062,10.37387514,40854.13936,0.056,0.834,29786.5245689007,3.11564700190687,2023.0,2019.0
WC-2019,2019 FIFA Women's World Cup,T-74,Sweden,SWE,third-place match,2019,2019-06-07,2019-07-07,France,United States,24,1,Swedish Football Association,Europe,Union of European Football Associations,UEFA,0,0,3.0,7,5,0,2,12,6,1,0,6,7.0,0.0,0.0,SWE,0,0.947,83.052,18.52235985,12.60972023,54441.03776,0.023,0.837,51648.9892820514,2.47465228620054,2023.0,2019.0
WC-2019,2019 FIFA Women's World Cup,T-76,Thailand,THA,group stage,2019,2019-06-07,2019-07-07,France,United States,24,1,Football Association of Thailand,South East Asia,Asian Football Confederation,AFC,0,0,,3,0,0,3,1,20,0,0,-19,5.0,0.0,0.0,THA,0,0.801,78.975,15.78530264,8.697119713,17334.87989,0.316,0.751,7605.69657797759,9.21389003267474,2023.0,2019.0
WC-2019,2019 FIFA Women's World Cup,T-83,United States,USA,final,2019,2019-06-07,2019-07-07,France,United States,24,1,United States Soccer Federation,North America,"Confederation of North, Central American and Caribbean Association Football",CONCACAF,0,1,1.0,7,7,0,0,26,3,0,0,23,7.0,0.0,0.0,USA,0,0.933,79.138,16.63553047,13.59252501,63654.31978,0.192,0.743,64746.4506778863,6.47895139752497,2023.0,2019.0
WC-2022,2022 FIFA Men's World Cup,T-03,Argentina,ARG,final,2022,2022-11-20,2022-12-18,Qatar,Argentina,32,0,Argentine Football Association,South America,South American Football Confederation,CONMEBOL,0,1,1.0,7,6,0,1,15,8,2,2,7,17.0,0.0,0.0,ARG,0,0.849,76.064,18.97950935,11.14408016,22047.97131,0.292,0.782,13962.1894087223,9.64850748979662,2023.0,2022.0
WC-2022,2022 FIFA Men's World Cup,T-04,Australia,AUS,round of 16,2022,2022-11-20,2022-12-18,Qatar,Argentina,32,0,Football Australia,Oceania,Asian Football Confederation,AFC,0,0,,4,2,0,2,4,6,0,0,-2,7.0,0.0,0.0,AUS,0,0.946,83.579,21.0800209,12.72681999,49257.1352,0.063,0.763,65169.5191118657,3.66551302275429,2023.0,2022.0
WC-2022,2022 FIFA Men's World Cup,T-06,Belgium,BEL,group stage,2022,2022-11-20,2022-12-18,Qatar,Argentina,32,0,Royal Belgian Football Association,Europe,Union of European Football Associations,UEFA,0,0,,3,1,1,1,1,2,0,0,-1,5.0,0.0,0.0,BEL,0,0.942,82.293,18.94573975,12.52857789,53644.03854,0.044,0.803,50605.7496677086,3.60260920510039,2023.0,2022.0
WC-2022,2022 FIFA Men's World Cup,T-09,Brazil,BRA,quarter-finals,2022,2022-11-20,2022-12-18,Qatar,Argentina,32,0,Brazilian Football Confederation,South America,South American Football Confederation,CONMEBOL,0,0,,5,3,0,2,8,3,1,1,5,6.0,0.0,0.0,BRA,0,0.76,73.425,15.5788002,8.278307638,14615.89235,0.391,0.702,9281.33282136864,14.4415264259814,2023.0,2022.0
WC-2022,2022 FIFA Men's World Cup,T-11,Cameroon,CMR,group stage,2022,2022-11-20,2022-12-18,Qatar,Argentina,32,0,Cameroonian Football Federation,Africa,Confederation of African Football,CAF,0,0,,3,1,1,1,4,4,0,0,0,7.0,0.0,1.0,CMR,0,0.587,60.958,13.38097793,6.537401781,3681.469988,0.555,0.577,1604.87726954895,67.2353405456744,2023.0,2022.0
WC-2022,2022 FIFA Men's World Cup,T-12,Canada,CAN,group stage,2022,2022-11-20,2022-12-18,Qatar,Argentina,32,0,Canadian Soccer Association,North America,"Confederation of North, Central American and Caribbean Association Football",CONCACAF,0,0,,3,0,0,3,2,7,0,0,-5,8.0,0.0,0.0,CAN,0,0.935,82.847,15.96065044,13.86876597,48444.39319,0.069,0.726,56256.8007264015,5.06430607881266,2023.0,2022.0
WC-2022,2022 FIFA Men's World Cup,T-17,Costa Rica,CRI,group stage,2022,2022-11-20,2022-12-18,Qatar,Argentina,32,0,Costa Rican Football Federation,Central America,"Confederation of North, Central American and Caribbean Association Football",CONCACAF,0,0,,3,1,0,2,3,11,0,0,-8,6.0,0.0,0.0,CRI,0,0.806,77.32,16.09200378,8.804059982,20248.38031,0.232,0.763,13625.9008491328,10.459823886318,2023.0,2022.0
WC-2022,2022 FIFA Men's World Cup,T-18,Croatia,HRV,third-place match,2022,2022-11-20,2022-12-18,Qatar,Argentina,32,0,Croatian Football Federation,Europe,Union of European Football Associations,UEFA,0,0,3.0,7,4,2,1,8,7,2,2,1,8.0,0.0,0.0,HRV,0,0.878,79.236,15.57269955,12.32871821,34323.80663,0.087,0.807,18465.5414420364,4.56840290804215,2023.0,2022.0
WC-2022,2022 FIFA Men's World Cup,T-22,Denmark,DNK,group stage,2022,2022-11-20,2022-12-18,Qatar,Argentina,32,0,Danish Football Association,Europe,Union of European Football Associations,UEFA,0,0,,3,0,1,2,1,3,0,0,-2,5.0,0.0,0.0,DNK,0,0.952,81.882,18.77403069,12.96049023,62018.95694,0.009,0.839,67781.0940939514,3.42334612841016,2023.0,2022.0
WC-2022,2022 FIFA Men's World Cup,T-25,Ecuador,ECU,group stage,2022,2022-11-20,2022-12-18,Qatar,Argentina,32,0,Ecuadorian Football Federation,South America,South American Football Confederation,CONMEBOL,0,0,,3,1,1,1,4,3,0,0,1,3.0,0.0,0.0,ECU,0,0.765,77.894,14.86483955,8.969750404,10693.23484,0.371,0.733,6515.58528418336,13.0549329900104,2023.0,2022.0
WC-2022,2022 FIFA Men's World Cup,T-28,England,ENG,quarter-finals,2022,2022-11-20,2022-12-18,Qatar,Argentina,32,0,The Football Association,Europe,Union of European Football Associations,UEFA,0,0,,5,3,1,1,13,4,0,0,9,1.0,0.0,0.0,GBR,1,0.94,82.156,17.6342907,13.4061203,46623.90269,0.094,0.846,47057.043229179,4.45700917956078,2023.0,2022.0
WC-2022,2022 FIFA Men's World Cup,T-30,France,FRA,final,2022,2022-11-20,2022-12-18,Qatar,Argentina,32,0,French Football Association,Europe,Union of European Football Associations,UEFA,0,0,2.0,7,5,0,2,16,8,1,1,8,8.0,0.0,0.0,FRA,0,0.91,83.229,15.98756027,11.68859246,47378.74304,0.084,0.823,40988.6396406579,4.32146435845036,2023.0,2022.0
WC-2022,2022 FIFA Men's World Cup,T-31,Germany,DEU,group stage,2022,2022-11-20,2022-12-18,Qatar,Argentina,32,0,Germany Football Association,Europe,Union of European Football Associations,UEFA,0,0,,3,1,1,1,6,5,0,0,1,3.0,0.0,0.0,DEU,0,0.95,80.989,17.34334946,14.25594044,55340.19722,0.071,0.833,50506.5179638543,3.65013704194822,2023.0,2022.0
WC-2022,2022 FIFA Men's World Cup,T-32,Ghana,GHA,group stage,2022,2022-11-20,2022-12-18,Qatar,Argentina,32,0,Ghana Football Association,Africa,Confederation of African Football,CAF,0,0,,3,1,0,2,5,7,0,0,-2,8.0,0.0,0.0,GHA,0,0.602,63.945,11.58627987,6.432318439,5380.271535,0.512,0.586,2229.89122647803,37.0640028290563,2023.0,2022.0
WC-2022,2022 FIFA Men's World Cup,T-38,Iran,IRN,group stage,2022,2022-11-20,2022-12-18,Qatar,Argentina,32,0,Football Federation Islamic Republic of Iran,Middle East,Asian Football Confederation,AFC,0,0,,3,1,0,2,4,7,0,0,-3,7.0,0.0,0.0,IRN,0,0.78,74.556,14.11717033,10.74618321,14770.32307,0.484,0.715,4721.20437099984,11.7733135336402,2023.0,2022.0
WC-2022,2022 FIFA Men's World Cup,T-44,Japan,JPN,round of 16,2022,2022-11-20,2022-12-18,Qatar,Argentina,32,0,Japan Football Association,East Asia,Asian Football Confederation,AFC,0,0,,4,2,0,2,5,4,1,1,1,6.0,0.0,0.0,JPN,0,0.92,84.82,15.45631981,12.66923046,43643.86417,0.078,0.809,34065.6438962526,2.36329370011246,2023.0,2022.0
WC-2022,2022 FIFA Men's World Cup,T-46,Mexico,MEX,group stage,2022,2022-11-20,2022-12-18,Qatar,Argentina,32,0,Mexican Football Federation,North America,"Confederation of North, Central American and Caribbean Association Football",CONCACAF,0,0,,3,1,1,1,2,3,0,0,-1,7.0,0.0,0.0,MEX,0,0.781,74.832,14.50529957,9.221050262,19138.00726,0.352,0.734,11405.7940473759,12.4590753638058,2023.0,2022.0
WC-2022,2022 FIFA Men's World Cup,T-47,Morocco,MAR,third-place match,2022,2022-11-20,2022-12-18,Qatar,Argentina,32,0,Royal Moroccan Football Federation,Africa,Confederation of African Football,CAF,0,0,4.0,7,4,1,2,6,5,1,1,1,8.0,0.0,1.0,MAR,0,0.698,74.973,14.59442043,6.05,7954.522461,0.44,0.672,3463.1376953125,16.5750520440067,2023.0,2022.0
WC-2022,2022 FIFA Men's World Cup,T-48,Netherlands,NLD,quarter-finals,2022,2022-11-20,2022-12-18,Qatar,Argentina,32,0,Royal Dutch Football Association,Europe,Union of European Football Associations,UEFA,0,0,,5,3,1,1,10,4,1,1,6,11.0,0.0,1.0,NLD,0,0.946,82.451,18.58348083,12.58162975,57278.31015,0.025,0.796,59123.318556487,3.95729864744157,2023.0,2022.0
WC-2022,2022 FIFA Men's World Cup,T-57,Poland,POL,round of 16,2022,2022-11-20,2022-12-18,Qatar,Argentina,32,0,Polish Football Association,Europe,Union of European Football Associations,UEFA,0,0,,4,1,1,2,3,5,0,0,-2,7.0,0.0,0.0,POL,0,0.881,76.996,15.93451977,13.1647501,35150.9519,0.105,0.78,18891.2121169279,4.35218164490786,2023.0,2022.0
WC-2022,2022 FIFA Men's World Cup,T-58,Portugal,PRT,quarter-finals,2022,2022-11-20,2022-12-18,Qatar,Argentina,32,0,Portuguese Football Federation,Europe,Union of European Football Associations,UEFA,0,0,,5,3,0,2,12,6,0,0,6,6.0,0.0,0.0,PRT,0,0.874,82.24,16.82140923,9.575940132,35314.99828,0.076,0.807,24620.5197587181,3.16403166892804,2023.0,2022.0
WC-2022,2022 FIFA Men's World Cup,T-59,Qatar,QAT,group stage,2022,2022-11-20,2022-12-18,Qatar,Argentina,32,0,Qatar Football Association,Middle East,Asian Football Confederation,AFC,1,0,,3,0,0,3,1,7,0,0,-6,7.0,0.0,0.0,QAT,0,0.875,81.559,13.26426983,10.1317219,95944.37754,0.212,0.45,88701.4689763536,6.01552901049649,2023.0,2022.0
WC-2022,2022 FIFA Men's World Cup,T-63,Saudi Arabia,SAU,group stage,2022,2022-11-20,2022-12-18,Qatar,Argentina,32,0,Saudi Arabian Football Association,Middle East,Asian Football Confederation,AFC,0,0,,3,1,0,2,3,5,0,0,-2,14.0,0.0,0.0,SAU,0,0.875,77.905,15.17204484,11.31052971,50620.43706,0.229,0.69,38510.2276211037,6.1579510008593,2023.0,2022.0
WC-2022,2022 FIFA Men's World Cup,T-65,Senegal,SEN,round of 16,2022,2022-11-20,2022-12-18,Qatar,Argentina,32,0,Senegalese Football Federation,Africa,Confederation of African Football,CAF,0,0,,4,2,0,2,5,7,0,0,-2,7.0,0.0,0.0,SEN,0,0.517,67.913,9.144550323,2.88736686,3463.806076,0.505,0.503,1574.0281059306,38.5192633385635,2023.0,2022.0
WC-2022,2022 FIFA Men's World Cup,T-66,Serbia,SRB,group stage,2022,2022-11-20,2022-12-18,Qatar,Argentina,32,0,Football Association of Serbia,Europe,Union of European Football Associations,UEFA,0,0,,3,0,1,2,5,8,0,0,-3,12.0,0.0,0.0,SRB,0,0.805,74.137,14.50444031,11.5047611,19494.00891,0.119,0.732,10024.8191112596,5.23261987728936,2023.0,2022.0
WC-2022,2022 FIFA Men's World Cup,T-71,South Korea,KOR,round of 16,2022,2022-11-20,2022-12-18,Qatar,Argentina,32,0,Korea Football Association,East Asia,Asian Football Confederation,AFC,0,0,,4,1,1,2,5,8,0,0,-3,6.0,0.0,0.0,KOR,0,0.929,84.024,16.50964928,12.61409234,46026.4542,0.062,0.775,34822.4048404971,2.7607253167146,2023.0,2022.0
WC-2022,2022 FIFA Men's World Cup,T-73,Spain,ESP,round of 16,2022,2022-11-20,2022-12-18,Qatar,Argentina,32,0,Royal Spanish Football Federation,Europe,Union of European Football Associations,UEFA,0,0,,4,1,1,2,9,3,1,1,6,2.0,0.0,0.0,ESP,0,0.911,83.912,17.80905914,10.60540009,40043.33773,0.059,0.839,30319.4987196616,3.11564700190687,2023.0,2022.0
WC-2022,2022 FIFA Men's World Cup,T-75,Switzerland,CHE,round of 16,2022,2022-11-20,2022-12-18,Qatar,Argentina,32,0,Swiss Football Association,Europe,Union of European Football Associations,UEFA,0,0,,4,2,0,2,5,9,0,0,-4,9.0,0.0,0.0,CHE,0,0.967,84.255,16.5837307,13.90406622,69432.78669,0.018,0.826,94394.5106803525,3.94356458065003,2023.0,2022.0
WC-2022,2022 FIFA Men's World Cup,T-79,Tunisia,TUN,group stage,2022,2022-11-20,2022-12-18,Qatar,Argentina,32,0,Tunisian Football Federation,Africa,Confederation of African Football,CAF,0,0,,3,1,1,1,1,1,0,0,0,5.0,0.0,0.0,TUN,0,0.732,74.263,14.61953746,7.953393173,10296.6496,0.237,0.701,3707.29283414381,12.9065944023489,2023.0,2022.0
WC-2022,2022 FIFA Men's World Cup,T-83,United States,USA,round of 16,2022,2022-11-20,2022-12-18,Qatar,Argentina,32,0,United States Soccer Federation,North America,"Confederation of North, Central American and Caribbean Association Football",CONCACAF,0,0,,4,1,2,1,3,4,0,0,-1,5.0,0.0,0.0,USA,0,0.927,78.203,16.41274071,13.57549953,65564.93798,0.18,0.74,76657.2488844403,6.47895139752497,2023.0,2022.0
WC-2022,2022 FIFA Men's World Cup,T-84,Uruguay,URY,group stage,2022,2022-11-20,2022-12-18,Qatar,Argentina,32,0,Uruguayan Football Association,South America,South American Football Confederation,CONMEBOL,0,0,,3,1,1,1,2,2,0,0,0,8.0,0.0,0.0,URY,0,0.83,78.0,17.35183907,9.058219782,22206.99029,0.24,0.784,20818.6146091144,6.66247086496002,2023.0,2022.0
WC-2022,2022 FIFA Men's World Cup,T-85,Wales,WAL,group stage,2022,2022-11-20,2022-12-18,Qatar,Argentina,32,0,Football Association of Wales,Europe,Union of European Football Associations,UEFA,0,0,,3,0,1,2,1,6,0,0,-5,5.0,1.0,1.0,GBR,1,0.94,82.156,17.6342907,13.4061203,46623.90269,0.094,0.846,47057.043229179,4.45700917956078,2023.0,2022.0
